Analysis_Date,Stock_Symbol,Price_At_Signal,Model_Signal,Trigger_Reason,run_timestamp_ist,current_price,dma_50,dma_200,roe,portfolio_weight_pct,sector,technical_trend,Recommended_Action,Thesis_Status,Conviction,Decision,Horizon_Short_Term,Horizon_Long_Term,Rationale,Data_Status
2026-05-31,ASHLEY,155.44,🔴 STRG SELL,Below 200 DMA structural breakdown.,,,,,,,,,,,,,,,,
2026-05-31,TATCAP,305.9,🟡 HOLD,Sideways consolidation pattern.,,,,,,,,,,,,,,,,
2026-05-31,FEDBAN,288.95,🟢 ACCUMULATE,Healthy structural accumulation channel.,,,,,,,,,,,,,,,,
2026-05-31,HDFBAN,744.55,🔴 STRG SELL,Below 200 DMA structural breakdown.,,,,,,,,,,,,,,,,
2026-05-31,LGELEC,1523.9,🟡 HOLD,Sideways consolidation pattern.,,,,,,,,,,,,,,,,
2026-05-31,HDF250,170.66,🟡 HOLD,Sideways consolidation pattern.,,,,,,,,,,,,,,,,
2026-05-31,ICIGOL,128.65,🟢 ACCUMULATE,Healthy structural accumulation channel.,,,,,,,,,,,,,,,,
2026-05-31,ICINIF,266.01,🟡 HOLD,Sideways consolidation pattern.,,,,,,,,,,,,,,,,
2026-05-31,ICIPSE,249.37,🟢 ACCUMULATE,Healthy structural accumulation channel.,,,,,,,,,,,,,,,,
2026-05-31,NIPNIT,266.01,🔴 STRG SELL,Below 200 DMA structural breakdown.,,,,,,,,,,,,,,,,
2026-05-31,BHAELE,410.75,🔴 STRG SELL,Below 200 DMA structural breakdown.,,,,,,,,,,,,,,,,
2026-05-31,TATGLO,1178.4,🟡 HOLD / RISK,Weak operational efficiency ROE < 10%.,,,,,,,,,,,,,,,,
2026-05-31,JIOFIN,238.95,🔴 STRG SELL,Below 200 DMA structural breakdown.,,,,,,,,,,,,,,,,
2026-05-31,WIPRO,204.25,🔴 STRG SELL,Below 200 DMA structural breakdown.,,,,,,,,,,,,,,,,
2026-05-31,ENGIND,231.7,🟢 ACCUMULATE,Healthy structural accumulation channel.,,,,,,,,,,,,,,,,
2026-05-31,LIC,411.35,🔴 STRG SELL,Below 200 DMA structural breakdown.,,,,,,,,,,,,,,,,
2026-05-31,MIR150,31.6,🟡 HOLD,Sideways consolidation pattern.,,,,,,,,,,,,,,,,
2026-05-31,DRREDD,1303.5,🟢 ACCUMULATE,Healthy structural accumulation channel.,,,,,,,,,,,,,,,,
2026-05-31,SEQSCI,1111.8,🟢 ACCUMULATE,Healthy structural accumulation channel.,,,,,,,,,,,,,,,,
2026-05-31,JSWENE,595.05,🟡 HOLD / RISK,Weak operational efficiency ROE < 10%.,,,,,,,,,,,,,,,,
2026-05-31,NHPC,78.87,🔴 STRG SELL,Below 200 DMA structural breakdown.,,,,,,,,,,,,,,,,
2026-05-31,NTPC,386.9,🟡 HOLD,Sideways consolidation pattern.,,,,,,,,,,,,,,,,
2026-05-31,NTPGRE,103.52,🟡 HOLD / RISK,Weak operational efficiency ROE < 10%.,,,,,,,,,,,,,,,,
2026-05-31,SJVLIM,75.16,🔴 STRG SELL,Below 200 DMA structural breakdown.,,,,,,,,,,,,,,,,
2026-05-31,TATPOW,420.75,🟢 ACCUMULATE,Healthy structural accumulation channel.,,,,,,,,,,,,,,,,
2026-05-31,GAIL,164.51,🔴 STRG SELL,Below 200 DMA structural breakdown.,,,,,,,,,,,,,,,,
2026-05-31,GUJGA,401.15,🟡 HOLD,Sideways consolidation pattern.,,,,,,,,,,,,,,,,
2026-05-31,HINPET,393.85,🔴 STRG SELL,Below 200 DMA structural breakdown.,,,,,,,,,,,,,,,,
2026-05-31,ONGC,265.4,🟡 HOLD,Sideways consolidation pattern.,,,,,,,,,,,,,,,,
2026-05-31,PETLNG,271.05,🔴 STRG SELL,Below 200 DMA structural breakdown.,,,,,,,,,,,,,,,,
2026-05-31,RELIND,1321.2,🔴 STRG SELL,Below 200 DMA structural breakdown.,,,,,,,,,,,,,,,,
2026-05-31,GUJPPL,157.35,🔴 STRG SELL,Below 200 DMA structural breakdown.,,,,,,,,,,,,,,,,
2026-05-31,IDECEL,13.99,🟡 HOLD / PEAK,Overextended >25% above 50 DMA.,,,,,,,,,,,,,,,,
2026-06-03,ASHLEY,144.35,🔴 STRG SELL,Below 200 DMA structural breakdown.,,,,,,,,,,,,,,,,
2026-06-03,TATCAP,305.9,🟡 HOLD,Sideways consolidation pattern.,,,,,,,,,,,,,,,,
2026-06-03,FEDBAN,293.4,🟢 ACCUMULATE,Healthy structural accumulation channel.,,,,,,,,,,,,,,,,
2026-06-03,HDFBAN,743.75,🔴 STRG SELL,Below 200 DMA structural breakdown.,,,,,,,,,,,,,,,,
2026-06-03,LGELEC,1523.9,🟡 HOLD,Sideways consolidation pattern.,,,,,,,,,,,,,,,,
2026-06-03,HDF250,170.1,🟡 HOLD,Sideways consolidation pattern.,,,,,,,,,,,,,,,,
2026-06-03,ICIGOL,128.17,🟢 ACCUMULATE,Healthy structural accumulation channel.,,,,,,,,,,,,,,,,
2026-06-03,ICINIF,266.01,🟡 HOLD,Sideways consolidation pattern.,,,,,,,,,,,,,,,,
2026-06-03,ICIPSE,249.38,🟢 ACCUMULATE,Healthy structural accumulation channel.,,,,,,,,,,,,,,,,
2026-06-03,NIPNIT,262.69,🔴 STRG SELL,Below 200 DMA structural breakdown.,,,,,,,,,,,,,,,,
2026-06-03,BHAELE,405.1,🔴 STRG SELL,Below 200 DMA structural breakdown.,,,,,,,,,,,,,,,,
2026-06-03,TATGLO,1160.9,🟡 HOLD / RISK,Weak operational efficiency ROE < 10%.,,,,,,,,,,,,,,,,
2026-06-03,JIOFIN,234.08,🔴 STRG SELL,Below 200 DMA structural breakdown.,,,,,,,,,,,,,,,,
2026-06-03,WIPRO,207.44,🔴 STRG SELL,Below 200 DMA structural breakdown.,,,,,,,,,,,,,,,,
2026-06-03,ENGIND,224.17,🟡 HOLD,Sideways consolidation pattern.,,,,,,,,,,,,,,,,
2026-06-03,LIC,399.7,🔴 STRG SELL,Below 200 DMA structural breakdown.,,,,,,,,,,,,,,,,
2026-06-03,MIR150,30.18,🔴 STRG SELL,Below 200 DMA structural breakdown.,,,,,,,,,,,,,,,,
2026-06-03,DRREDD,1266.4,🟡 HOLD,Sideways consolidation pattern.,,,,,,,,,,,,,,,,
2026-06-03,SEQSCI,1071.6,🟢 ACCUMULATE,Healthy structural accumulation channel.,,,,,,,,,,,,,,,,
2026-06-03,JSWENE,579.35,🟡 HOLD / RISK,Weak operational efficiency ROE < 10%.,,,,,,,,,,,,,,,,
2026-06-03,NHPC,75.52,🔴 STRG SELL,Below 200 DMA structural breakdown.,,,,,,,,,,,,,,,,
2026-06-03,NTPC,366.7,🟡 HOLD,Sideways consolidation pattern.,,,,,,,,,,,,,,,,
2026-06-03,NTPGRE,101.99,🟡 HOLD / RISK,Weak operational efficiency ROE < 10%.,,,,,,,,,,,,,,,,
2026-06-03,SJVLIM,73.25,🔴 STRG SELL,Below 200 DMA structural breakdown.,,,,,,,,,,,,,,,,
2026-06-03,TATPOW,410.8,🟡 HOLD,Sideways consolidation pattern.,,,,,,,,,,,,,,,,
2026-06-03,GAIL,163.72,🔴 STRG SELL,Below 200 DMA structural breakdown.,,,,,,,,,,,,,,,,
2026-06-03,GUJGA,398.3,🔴 STRG SELL,Below 200 DMA structural breakdown.,,,,,,,,,,,,,,,,
2026-06-03,HINPET,383.45,🔴 STRG SELL,Below 200 DMA structural breakdown.,,,,,,,,,,,,,,,,
2026-06-03,ONGC,268.5,🟡 HOLD,Sideways consolidation pattern.,,,,,,,,,,,,,,,,
2026-06-03,PETLNG,268.4,🔴 STRG SELL,Below 200 DMA structural breakdown.,,,,,,,,,,,,,,,,
2026-06-03,RELIND,1309.1,🔴 STRG SELL,Below 200 DMA structural breakdown.,,,,,,,,,,,,,,,,
2026-06-03,GUJPPL,156.64,🔴 STRG SELL,Below 200 DMA structural breakdown.,,,,,,,,,,,,,,,,
2026-06-03,IDECEL,14.23,🟡 HOLD / PEAK,Overextended >25% above 50 DMA.,,,,,,,,,,,,,,,,
2026-06-06,ASHLEY,145.29,🔴 STRG SELL,Below 200 DMA structural breakdown.,,,,,,,,,,,,,,,,
2026-06-06,TATCAP,305.9,🟡 HOLD,Sideways consolidation pattern.,,,,,,,,,,,,,,,,
2026-06-06,FEDBAN,304.15,🟢 ACCUMULATE,Healthy structural accumulation channel.,,,,,,,,,,,,,,,,
2026-06-06,HDFBAN,747.05,🔴 STRG SELL,Below 200 DMA structural breakdown.,,,,,,,,,,,,,,,,
2026-06-06,LGELEC,1523.9,🟡 HOLD,Sideways consolidation pattern.,,,,,,,,,,,,,,,,
2026-06-06,HDF250,,🟡 HOLD,Sideways consolidation pattern.,,,,,,,,,,,,,,,,
2026-06-06,ICIGOL,,🟡 HOLD,Sideways consolidation pattern.,,,,,,,,,,,,,,,,
2026-06-06,ICINIF,266.01,🟡 HOLD,Sideways consolidation pattern.,,,,,,,,,,,,,,,,
2026-06-06,ICIPSE,,🟡 HOLD,Sideways consolidation pattern.,,,,,,,,,,,,,,,,
2026-06-06,NIPNIT,,🟡 HOLD,Sideways consolidation pattern.,,,,,,,,,,,,,,,,
2026-06-06,BHAELE,408.2,🔴 STRG SELL,Below 200 DMA structural breakdown.,,,,,,,,,,,,,,,,
2026-06-06,TATGLO,1130.9,🔴 STRG SELL,Below 200 DMA structural breakdown.,,,,,,,,,,,,,,,,
2026-06-06,JIOFIN,236.89,🔴 STRG SELL,Below 200 DMA structural breakdown.,,,,,,,,,,,,,,,,
2026-06-06,WIPRO,198.37,🔴 STRG SELL,Below 200 DMA structural breakdown.,,,,,,,,,,,,,,,,
2026-06-06,ENGIND,237.78,🟢 ACCUMULATE,Healthy structural accumulation channel.,,,,,,,,,,,,,,,,
2026-06-06,LIC,399.9,🔴 STRG SELL,Below 200 DMA structural breakdown.,,,,,,,,,,,,,,,,
2026-06-06,MIR150,,🟡 HOLD,Sideways consolidation pattern.,,,,,,,,,,,,,,,,
2026-06-06,DRREDD,1278.2,🟡 HOLD,Sideways consolidation pattern.,,,,,,,,,,,,,,,,
2026-06-06,SEQSCI,1044.6,🟡 HOLD,Sideways consolidation pattern.,,,,,,,,,,,,,,,,
2026-06-06,JSWENE,584.2,🟡 HOLD / RISK,Weak operational efficiency ROE < 10%.,,,,,,,,,,,,,,,,
2026-06-06,NHPC,74.97,🔴 STRG SELL,Below 200 DMA structural breakdown.,,,,,,,,,,,,,,,,
2026-06-06,NTPC,361.65,🟡 HOLD,Sideways consolidation pattern.,,,,,,,,,,,,,,,,
2026-06-06,NTPGRE,100.86,🟡 HOLD / RISK,Weak operational efficiency ROE < 10%.,,,,,,,,,,,,,,,,
2026-06-06,SJVLIM,73.68,🔴 STRG SELL,Below 200 DMA structural breakdown.,,,,,,,,,,,,,,,,
2026-06-06,TATPOW,409.2,🟡 HOLD,Sideways consolidation pattern.,,,,,,,,,,,,,,,,
2026-06-06,GAIL,167.4,🟡 HOLD / RISK,Weak operational efficiency ROE < 10%.,,,,,,,,,,,,,,,,
2026-06-06,GUJGA,400.5,🟡 HOLD,Sideways consolidation pattern.,,,,,,,,,,,,,,,,
2026-06-06,HINPET,385.05,🔴 STRG SELL,Below 200 DMA structural breakdown.,,,,,,,,,,,,,,,,
2026-06-06,ONGC,264.75,🟡 HOLD,Sideways consolidation pattern.,,,,,,,,,,,,,,,,
2026-06-06,PETLNG,269.45,🔴 STRG SELL,Below 200 DMA structural breakdown.,,,,,,,,,,,,,,,,
2026-06-06,RELIND,1291.0,🔴 STRG SELL,Below 200 DMA structural breakdown.,,,,,,,,,,,,,,,,
2026-06-06,GUJPPL,155.74,🔴 STRG SELL,Below 200 DMA structural breakdown.,,,,,,,,,,,,,,,,
2026-06-06,IDECEL,14.95,🟡 HOLD / PEAK,Overextended >25% above 50 DMA.,,,,,,,,,,,,,,,,
2026-06-10,ASHLEY,143.46,🔴 STRG SELL,Below 200 DMA structural breakdown.,,,,,,,,,,,,,,,,
2026-06-10,TATCAP,305.9,🟡 HOLD,Sideways consolidation pattern.,,,,,,,,,,,,,,,,
2026-06-10,FEDBAN,313.8,🟢 ACCUMULATE,Healthy structural accumulation channel.,,,,,,,,,,,,,,,,
2026-06-10,HDFBAN,740.7,🔴 STRG SELL,Below 200 DMA structural breakdown.,,,,,,,,,,,,,,,,
2026-06-10,LGELEC,1523.9,🟡 HOLD,Sideways consolidation pattern.,,,,,,,,,,,,,,,,
2026-06-10,HDF250,171.11,🟡 HOLD,Sideways consolidation pattern.,,,,,,,,,,,,,,,,
2026-06-10,ICIGOL,122.0,🟡 HOLD,Sideways consolidation pattern.,,,,,,,,,,,,,,,,
2026-06-10,ICINIF,266.01,🟡 HOLD,Sideways consolidation pattern.,,,,,,,,,,,,,,,,
2026-06-10,ICIPSE,222.68,🟡 HOLD,Sideways consolidation pattern.,,,,,,,,,,,,,,,,
2026-06-10,NIPNIT,262.98,🔴 STRG SELL,Below 200 DMA structural breakdown.,,,,,,,,,,,,,,,,
2026-06-10,BHAELE,411.95,🔴 STRG SELL,Below 200 DMA structural breakdown.,,,,,,,,,,,,,,,,
2026-06-10,TATGLO,1120.2,🔴 STRG SELL,Below 200 DMA structural breakdown.,,,,,,,,,,,,,,,,
2026-06-10,JIOFIN,233.44,🔴 STRG SELL,Below 200 DMA structural breakdown.,,,,,,,,,,,,,,,,
2026-06-10,WIPRO,181.89,🔴 STRG SELL,Below 200 DMA structural breakdown.,,,,,,,,,,,,,,,,
2026-06-10,ENGIND,235.81,🟢 ACCUMULATE,Healthy structural accumulation channel.,,,,,,,,,,,,,,,,
2026-06-10,LIC,403.45,🔴 STRG SELL,Below 200 DMA structural breakdown.,,,,,,,,,,,,,,,,
2026-06-10,MIR150,30.52,🔴 STRG SELL,Below 200 DMA structural breakdown.,,,,,,,,,,,,,,,,
2026-06-10,DRREDD,1272.8,🟡 HOLD,Sideways consolidation pattern.,,,,,,,,,,,,,,,,
2026-06-10,SEQSCI,1012.7,🟡 HOLD,Sideways consolidation pattern.,,,,,,,,,,,,,,,,
2026-06-10,JSWENE,568.0,🟡 HOLD / RISK,Weak operational efficiency ROE < 10%.,,,,,,,,,,,,,,,,
2026-06-10,NHPC,73.68,🔴 STRG SELL,Below 200 DMA structural breakdown.,,,,,,,,,,,,,,,,
2026-06-10,NTPC,354.85,🟡 HOLD,Sideways consolidation pattern.,,,,,,,,,,,,,,,,
2026-06-10,NTPGRE,100.35,🟡 HOLD / RISK,Weak operational efficiency ROE < 10%.,,,,,,,,,,,,,,,,
2026-06-10,SJVLIM,72.48,🔴 STRG SELL,Below 200 DMA structural breakdown.,,,,,,,,,,,,,,,,
2026-06-10,TATPOW,395.5,🟡 HOLD,Sideways consolidation pattern.,,,,,,,,,,,,,,,,
2026-06-10,GAIL,166.53,🟡 HOLD / RISK,Weak operational efficiency ROE < 10%.,,,,,,,,,,,,,,,,
2026-06-10,GUJGA,388.0,🔴 STRG SELL,Below 200 DMA structural breakdown.,,,,,,,,,,,,,,,,
2026-06-10,HINPET,382.6,🔴 STRG SELL,Below 200 DMA structural breakdown.,,,,,,,,,,,,,,,,
2026-06-10,ONGC,259.4,🟡 HOLD,Sideways consolidation pattern.,,,,,,,,,,,,,,,,
2026-06-10,PETLNG,268.4,🔴 STRG SELL,Below 200 DMA structural breakdown.,,,,,,,,,,,,,,,,
2026-06-10,RELIND,1289.7,🔴 STRG SELL,Below 200 DMA structural breakdown.,,,,,,,,,,,,,,,,
2026-06-10,GUJPPL,155.01,🔴 STRG SELL,Below 200 DMA structural breakdown.,,,,,,,,,,,,,,,,
2026-06-10,IDECEL,13.86,🟢 ACCUMULATE,Healthy structural accumulation channel.,,,,,,,,,,,,,,,,
2026-06-13,ASHLEY,152.45,🔴 STRG SELL,Below 200 DMA structural breakdown.,,,,,,,,,,,,,,,,
2026-06-13,TATCAP,305.9,🟡 HOLD,Sideways consolidation pattern.,,,,,,,,,,,,,,,,
2026-06-13,FEDBAN,315.7,🟢 ACCUMULATE,Healthy structural accumulation channel.,,,,,,,,,,,,,,,,
2026-06-13,HDFBAN,772.45,🔴 STRG SELL,Below 200 DMA structural breakdown.,,,,,,,,,,,,,,,,
2026-06-13,LGELEC,1523.9,🟡 HOLD,Sideways consolidation pattern.,,,,,,,,,,,,,,,,
2026-06-13,HDF250,,🟡 HOLD,Sideways consolidation pattern.,,,,,,,,,,,,,,,,
2026-06-13,ICIGOL,,🟡 HOLD,Sideways consolidation pattern.,,,,,,,,,,,,,,,,
2026-06-13,ICINIF,266.01,🟡 HOLD,Sideways consolidation pattern.,,,,,,,,,,,,,,,,
2026-06-13,ICIPSE,,🟡 HOLD,Sideways consolidation pattern.,,,,,,,,,,,,,,,,
2026-06-13,NIPNIT,,🟡 HOLD,Sideways consolidation pattern.,,,,,,,,,,,,,,,,
2026-06-13,BHAELE,406.5,🔴 STRG SELL,Below 200 DMA structural breakdown.,,,,,,,,,,,,,,,,
2026-06-13,TATGLO,1100.7,🔴 STRG SELL,Below 200 DMA structural breakdown.,,,,,,,,,,,,,,,,
2026-06-13,JIOFIN,235.89,🔴 STRG SELL,Below 200 DMA structural breakdown.,,,,,,,,,,,,,,,,
2026-06-13,WIPRO,180.14,🔴 STRG SELL,Below 200 DMA structural breakdown.,,,,,,,,,,,,,,,,
2026-06-13,ENGIND,234.68,🟡 HOLD,Sideways consolidation pattern.,,,,,,,,,,,,,,,,
2026-06-13,LIC,399.35,🔴 STRG SELL,Below 200 DMA structural breakdown.,,,,,,,,,,,,,,,,
2026-06-13,MIR150,,🟡 HOLD,Sideways consolidation pattern.,,,,,,,,,,,,,,,,
2026-06-13,DRREDD,1275.4,🟡 HOLD,Sideways consolidation pattern.,,,,,,,,,,,,,,,,
2026-06-13,SEQSCI,1055.5,🟡 HOLD,Sideways consolidation pattern.,,,,,,,,,,,,,,,,
2026-06-13,JSWENE,559.35,🟡 HOLD / RISK,Weak operational efficiency ROE < 10%.,,,,,,,,,,,,,,,,
2026-06-13,NHPC,73.79,🔴 STRG SELL,Below 200 DMA structural breakdown.,,,,,,,,,,,,,,,,
2026-06-13,NTPC,353.9,🟡 HOLD,Sideways consolidation pattern.,,,,,,,,,,,,,,,,
2026-06-13,NTPGRE,98.33,🟡 HOLD / RISK,Weak operational efficiency ROE < 10%.,,,,,,,,,,,,,,,,
2026-06-13,SJVLIM,72.61,🔴 STRG SELL,Below 200 DMA structural breakdown.,,,,,,,,,,,,,,,,
2026-06-13,TATPOW,393.55,🟡 HOLD,Sideways consolidation pattern.,,,,,,,,,,,,,,,,
2026-06-13,GAIL,170.5,🟡 HOLD / RISK,Weak operational efficiency ROE < 10%.,,,,,,,,,,,,,,,,
2026-06-13,GUJGA,388.0,🔴 STRG SELL,Below 200 DMA structural breakdown.,,,,,,,,,,,,,,,,
2026-06-13,HINPET,388.9,🔴 STRG SELL,Below 200 DMA structural breakdown.,,,,,,,,,,,,,,,,
2026-06-13,ONGC,246.2,🔴 STRG SELL,Below 200 DMA structural breakdown.,,,,,,,,,,,,,,,,
2026-06-13,PETLNG,274.75,🟡 HOLD,Sideways consolidation pattern.,,,,,,,,,,,,,,,,
2026-06-13,RELIND,1293.0,🔴 STRG SELL,Below 200 DMA structural breakdown.,,,,,,,,,,,,,,,,
2026-06-13,GUJPPL,153.88,🔴 STRG SELL,Below 200 DMA structural breakdown.,,,,,,,,,,,,,,,,
2026-06-13,IDECEL,14.9,🟡 HOLD / PEAK,Overextended >25% above 50 DMA.,,,,,,,,,,,,,,,,
2026-06-17,ASHLEY,159.35,🔴 STRG SELL,Below 200 DMA structural breakdown.,,,,,,,,,,,,,,,,
2026-06-17,TATCAP,305.9,🟡 HOLD,Sideways consolidation pattern.,,,,,,,,,,,,,,,,
2026-06-17,FEDBAN,320.4,🟢 ACCUMULATE,Healthy structural accumulation channel.,,,,,,,,,,,,,,,,
2026-06-17,HDFBAN,785.75,🔴 STRG SELL,Below 200 DMA structural breakdown.,,,,,,,,,,,,,,,,
2026-06-17,LGELEC,1523.9,🟡 HOLD,Sideways consolidation pattern.,,,,,,,,,,,,,,,,
2026-06-17,HDF250,175.98,🟢 ACCUMULATE,Healthy structural accumulation channel.,,,,,,,,,,,,,,,,
2026-06-17,ICIGOL,123.68,🟡 HOLD,Sideways consolidation pattern.,,,,,,,,,,,,,,,,
2026-06-17,ICINIF,266.01,🟡 HOLD,Sideways consolidation pattern.,,,,,,,,,,,,,,,,
2026-06-17,ICIPSE,234.78,🟡 HOLD,Sideways consolidation pattern.,,,,,,,,,,,,,,,,
2026-06-17,NIPNIT,271.06,🔴 STRG SELL,Below 200 DMA structural breakdown.,,,,,,,,,,,,,,,,
2026-06-17,BHAELE,407.35,🔴 STRG SELL,Below 200 DMA structural breakdown.,,,,,,,,,,,,,,,,
2026-06-17,TATGLO,1133.0,🔴 STRG SELL,Below 200 DMA structural breakdown.,,,,,,,,,,,,,,,,
2026-06-17,JIOFIN,243.6,🔴 STRG SELL,Below 200 DMA structural breakdown.,,,,,,,,,,,,,,,,
2026-06-17,WIPRO,184.47,🔴 STRG SELL,Below 200 DMA structural breakdown.,,,,,,,,,,,,,,,,
2026-06-17,ENGIND,241.24,🟢 ACCUMULATE,Healthy structural accumulation channel.,,,,,,,,,,,,,,,,
2026-06-17,LIC,410.0,🔴 STRG SELL,Below 200 DMA structural breakdown.,,,,,,,,,,,,,,,,
2026-06-17,MIR150,31.46,🟡 HOLD,Sideways consolidation pattern.,,,,,,,,,,,,,,,,
2026-06-17,DRREDD,1273.5,🟡 HOLD,Sideways consolidation pattern.,,,,,,,,,,,,,,,,
2026-06-17,SEQSCI,1110.0,🟢 ACCUMULATE,Healthy structural accumulation channel.,,,,,,,,,,,,,,,,
2026-06-17,JSWENE,558.4,🟡 HOLD / RISK,Weak operational efficiency ROE < 10%.,,,,,,,,,,,,,,,,
2026-06-17,NHPC,74.73,🔴 STRG SELL,Below 200 DMA structural breakdown.,,,,,,,,,,,,,,,,
2026-06-17,NTPC,353.2,🟡 HOLD,Sideways consolidation pattern.,,,,,,,,,,,,,,,,
2026-06-17,NTPGRE,97.39,🔴 STRG SELL,Below 200 DMA structural breakdown.,,,,,,,,,,,,,,,,
2026-06-17,SJVLIM,73.58,🔴 STRG SELL,Below 200 DMA structural breakdown.,,,,,,,,,,,,,,,,
2026-06-17,TATPOW,401.0,🟡 HOLD,Sideways consolidation pattern.,,,,,,,,,,,,,,,,
2026-06-17,GAIL,176.09,🟡 HOLD / RISK,Weak operational efficiency ROE < 10%.,,,,,,,,,,,,,,,,
2026-06-17,GUJGA,401.3,🟡 HOLD,Sideways consolidation pattern.,,,,,,,,,,,,,,,,
2026-06-17,HINPET,403.55,🔴 STRG SELL,Below 200 DMA structural breakdown.,,,,,,,,,,,,,,,,
2026-06-17,ONGC,245.65,🔴 STRG SELL,Below 200 DMA structural breakdown.,,,,,,,,,,,,,,,,
2026-06-17,PETLNG,291.35,🟡 HOLD,Sideways consolidation pattern.,,,,,,,,,,,,,,,,
2026-06-17,RELIND,1329.4,🔴 STRG SELL,Below 200 DMA structural breakdown.,,,,,,,,,,,,,,,,
2026-06-17,GUJPPL,155.9,🔴 STRG SELL,Below 200 DMA structural breakdown.,,,,,,,,,,,,,,,,
2026-06-17,IDECEL,14.59,🟢 ACCUMULATE,Healthy structural accumulation channel.,,,,,,,,,,,,,,,,
2026-06-20,ASHLEY,156.66,🔴 STRG SELL,Below 200 DMA structural breakdown.,,,,,,,,,,,,,,,,
2026-06-20,TATCAP,305.9,🟡 HOLD,Sideways consolidation pattern.,,,,,,,,,,,,,,,,
2026-06-20,FEDBAN,323.95,🟢 ACCUMULATE,Healthy structural accumulation channel.,,,,,,,,,,,,,,,,
2026-06-20,HDFBAN,779.8,🔴 STRG SELL,Below 200 DMA structural breakdown.,,,,,,,,,,,,,,,,
2026-06-20,LGELEC,1523.9,🟡 HOLD,Sideways consolidation pattern.,,,,,,,,,,,,,,,,
2026-06-20,HDF250,,🟡 HOLD,Sideways consolidation pattern.,,,,,,,,,,,,,,,,
2026-06-20,ICIGOL,,🟡 HOLD,Sideways consolidation pattern.,,,,,,,,,,,,,,,,
2026-06-20,ICINIF,266.01,🟡 HOLD,Sideways consolidation pattern.,,,,,,,,,,,,,,,,
2026-06-20,ICIPSE,,🟡 HOLD,Sideways consolidation pattern.,,,,,,,,,,,,,,,,
2026-06-20,NIPNIT,,🟡 HOLD,Sideways consolidation pattern.,,,,,,,,,,,,,,,,
2026-06-20,BHAELE,426.9,🟡 HOLD,Sideways consolidation pattern.,,,,,,,,,,,,,,,,
2026-06-20,TATGLO,1111.5,🔴 STRG SELL,Below 200 DMA structural breakdown.,,,,,,,,,,,,,,,,
2026-06-20,JIOFIN,244.45,🔴 STRG SELL,Below 200 DMA structural breakdown.,,,,,,,,,,,,,,,,
2026-06-20,WIPRO,180.8,🔴 STRG SELL,Below 200 DMA structural breakdown.,,,,,,,,,,,,,,,,
2026-06-20,ENGIND,250.74,🟢 ACCUMULATE,Healthy structural accumulation channel.,,,,,,,,,,,,,,,,
2026-06-20,LIC,440.15,🟡 HOLD,Sideways consolidation pattern.,,,,,,,,,,,,,,,,
2026-06-20,MIR150,,🟡 HOLD,Sideways consolidation pattern.,,,,,,,,,,,,,,,,
2026-06-20,DRREDD,1272.1,🟡 HOLD,Sideways consolidation pattern.,,,,,,,,,,,,,,,,
2026-06-20,SEQSCI,1110.9,🟢 ACCUMULATE,Healthy structural accumulation channel.,,,,,,,,,,,,,,,,
2026-06-20,JSWENE,570.1,🟡 HOLD / RISK,Weak operational efficiency ROE < 10%.,,,,,,,,,,,,,,,,
2026-06-20,NHPC,75.82,🔴 STRG SELL,Below 200 DMA structural breakdown.,,,,,,,,,,,,,,,,
2026-06-20,NTPC,365.8,🟡 HOLD,Sideways consolidation pattern.,,,,,,,,,,,,,,,,
2026-06-20,NTPGRE,96.04,🔴 STRG SELL,Below 200 DMA structural breakdown.,,,,,,,,,,,,,,,,
2026-06-20,SJVLIM,72.88,🔴 STRG SELL,Below 200 DMA structural breakdown.,,,,,,,,,,,,,,,,
2026-06-20,TATPOW,402.35,🟡 HOLD,Sideways consolidation pattern.,,,,,,,,,,,,,,,,
2026-06-20,GAIL,173.9,🟡 HOLD / RISK,Weak operational efficiency ROE < 10%.,,,,,,,,,,,,,,,,
2026-06-20,GUJGA,388.45,🔴 STRG SELL,Below 200 DMA structural breakdown.,,,,,,,,,,,,,,,,
2026-06-20,HINPET,392.1,🔴 STRG SELL,Below 200 DMA structural breakdown.,,,,,,,,,,,,,,,,
2026-06-20,ONGC,246.25,🔴 STRG SELL,Below 200 DMA structural breakdown.,,,,,,,,,,,,,,,,
2026-06-20,PETLNG,288.7,🟡 HOLD,Sideways consolidation pattern.,,,,,,,,,,,,,,,,
2026-06-20,RELIND,1309.5,🔴 STRG SELL,Below 200 DMA structural breakdown.,,,,,,,,,,,,,,,,
2026-06-20,GUJPPL,153.08,🔴 STRG SELL,Below 200 DMA structural breakdown.,,,,,,,,,,,,,,,,
2026-06-20,IDECEL,14.92,🟢 ACCUMULATE,Healthy structural accumulation channel.,,,,,,,,,,,,,,,,
2026-06-24,ASHLEY,151.46,🔴 STRG SELL,Below 200 DMA structural breakdown.,,,,,,,,,,,,,,,,
2026-06-24,TATCAP,305.9,🟡 HOLD,Sideways consolidation pattern.,,,,,,,,,,,,,,,,
2026-06-24,FEDBAN,319.9,🟢 ACCUMULATE,Healthy structural accumulation channel.,,,,,,,,,,,,,,,,
2026-06-24,HDFBAN,774.65,🔴 STRG SELL,Below 200 DMA structural breakdown.,,,,,,,,,,,,,,,,
2026-06-24,LGELEC,1523.9,🟡 HOLD,Sideways consolidation pattern.,,,,,,,,,,,,,,,,
2026-06-24,HDF250,,🟡 HOLD,Sideways consolidation pattern.,,,,,,,,,,,,,,,,
2026-06-24,ICIGOL,,🟡 HOLD,Sideways consolidation pattern.,,,,,,,,,,,,,,,,
2026-06-24,ICINIF,266.01,🟡 HOLD,Sideways consolidation pattern.,,,,,,,,,,,,,,,,
2026-06-24,ICIPSE,,🟡 HOLD,Sideways consolidation pattern.,,,,,,,,,,,,,,,,
2026-06-24,NIPNIT,,🟡 HOLD,Sideways consolidation pattern.,,,,,,,,,,,,,,,,
2026-06-24,BHAELE,420.0,🟡 HOLD,Sideways consolidation pattern.,,,,,,,,,,,,,,,,
2026-06-24,TATGLO,1103.8,🔴 STRG SELL,Below 200 DMA structural breakdown.,,,,,,,,,,,,,,,,
2026-06-24,JIOFIN,237.81,🔴 STRG SELL,Below 200 DMA structural breakdown.,,,,,,,,,,,,,,,,
2026-06-24,WIPRO,174.49,🔴 STRG SELL,Below 200 DMA structural breakdown.,,,,,,,,,,,,,,,,
2026-06-24,ENGIND,260.24,🟢 ACCUMULATE,Healthy structural accumulation channel.,,,,,,,,,,,,,,,,
2026-06-24,LIC,440.15,🟡 HOLD,Sideways consolidation pattern.,,,,,,,,,,,,,,,,
2026-06-24,MIR150,,🟡 HOLD,Sideways consolidation pattern.,,,,,,,,,,,,,,,,
2026-06-24,DRREDD,1301.3,🟢 ACCUMULATE,Healthy structural accumulation channel.,,,,,,,,,,,,,,,,
2026-06-24,SEQSCI,1111.2,🟢 ACCUMULATE,Healthy structural accumulation channel.,,,,,,,,,,,,,,,,
2026-06-24,JSWENE,568.9,🟡 HOLD / RISK,Weak operational efficiency ROE < 10%.,,,,,,,,,,,,,,,,
2026-06-24,NHPC,77.9,🔴 STRG SELL,Below 200 DMA structural breakdown.,,,,,,,,,,,,,,,,
2026-06-24,NTPC,364.6,🟡 HOLD,Sideways consolidation pattern.,,,,,,,,,,,,,,,,
2026-06-24,NTPGRE,95.73,🔴 STRG SELL,Below 200 DMA structural breakdown.,,,,,,,,,,,,,,,,
2026-06-24,SJVLIM,72.96,🔴 STRG SELL,Below 200 DMA structural breakdown.,,,,,,,,,,,,,,,,
2026-06-24,TATPOW,398.3,🟡 HOLD,Sideways consolidation pattern.,,,,,,,,,,,,,,,,
2026-06-24,GAIL,173.84,🟡 HOLD / RISK,Weak operational efficiency ROE < 10%.,,,,,,,,,,,,,,,,
2026-06-24,GUJGA,369.3,🔴 STRG SELL,Below 200 DMA structural breakdown.,,,,,,,,,,,,,,,,
2026-06-24,HINPET,396.75,🔴 STRG SELL,Below 200 DMA structural breakdown.,,,,,,,,,,,,,,,,
2026-06-24,ONGC,244.35,🔴 STRG SELL,Below 200 DMA structural breakdown.,,,,,,,,,,,,,,,,
2026-06-24,PETLNG,284.95,🟡 HOLD,Sideways consolidation pattern.,,,,,,,,,,,,,,,,
2026-06-24,RELIND,1309.5,🔴 STRG SELL,Below 200 DMA structural breakdown.,,,,,,,,,,,,,,,,
2026-06-24,GUJPPL,154.72,🔴 STRG SELL,Below 200 DMA structural breakdown.,,,,,,,,,,,,,,,,
2026-06-24,IDECEL,14.45,🟢 ACCUMULATE,Healthy structural accumulation channel.,,,,,,,,,,,,,,,,
2026-06-27,ASHLEY,160.68,🔴 STRG SELL,Below 200 DMA structural breakdown.,,,,,,,,,,,,,,,,
2026-06-27,TATCAP,305.9,🟡 HOLD,Sideways consolidation pattern.,,,,,,,,,,,,,,,,
2026-06-27,FEDBAN,324.05,🟢 ACCUMULATE,Healthy structural accumulation channel.,,,,,,,,,,,,,,,,
2026-06-27,HDFBAN,796.3,🔴 STRG SELL,Below 200 DMA structural breakdown.,,,,,,,,,,,,,,,,
2026-06-27,LGELEC,1523.9,🟡 HOLD,Sideways consolidation pattern.,,,,,,,,,,,,,,,,
2026-06-27,HDF250,177.91,🟢 ACCUMULATE,Healthy structural accumulation channel.,,,,,,,,,,,,,,,,
2026-06-27,ICIGOL,114.96,🔴 STRG SELL,Below 200 DMA structural breakdown.,,,,,,,,,,,,,,,,
2026-06-27,ICINIF,266.01,🟡 HOLD,Sideways consolidation pattern.,,,,,,,,,,,,,,,,
2026-06-27,ICIPSE,206.57,🔴 STRG SELL,Below 200 DMA structural breakdown.,,,,,,,,,,,,,,,,
2026-06-27,NIPNIT,272.14,🔴 STRG SELL,Below 200 DMA structural breakdown.,,,,,,,,,,,,,,,,
2026-06-27,BHAELE,407.2,🔴 STRG SELL,Below 200 DMA structural breakdown.,,,,,,,,,,,,,,,,
2026-06-27,TATGLO,1131.3,🔴 STRG SELL,Below 200 DMA structural breakdown.,,,,,,,,,,,,,,,,
2026-06-27,JIOFIN,239.43,🔴 STRG SELL,Below 200 DMA structural breakdown.,,,,,,,,,,,,,,,,
2026-06-27,WIPRO,175.0,🔴 STRG SELL,Below 200 DMA structural breakdown.,,,,,,,,,,,,,,,,
2026-06-27,ENGIND,251.82,🟢 ACCUMULATE,Healthy structural accumulation channel.,,,,,,,,,,,,,,,,
2026-06-27,LIC,423.35,🟡 HOLD,Sideways consolidation pattern.,,,,,,,,,,,,,,,,
2026-06-27,MIR150,31.5,🟡 HOLD,Sideways consolidation pattern.,,,,,,,,,,,,,,,,
2026-06-27,DRREDD,1350.5,🟢 ACCUMULATE,Healthy structural accumulation channel.,,,,,,,,,,,,,,,,
2026-06-27,SEQSCI,1082.2,🟡 HOLD,Sideways consolidation pattern.,,,,,,,,,,,,,,,,
2026-06-27,JSWENE,573.5,🟡 HOLD / RISK,Weak operational efficiency ROE < 10%.,,,,,,,,,,,,,,,,
2026-06-27,NHPC,79.4,🟡 HOLD / RISK,Weak operational efficiency ROE < 10%.,,,,,,,,,,,,,,,,
2026-06-27,NTPC,352.05,🔴 STRG SELL,Below 200 DMA structural breakdown.,,,,,,,,,,,,,,,,
2026-06-27,NTPGRE,95.72,🔴 STRG SELL,Below 200 DMA structural breakdown.,,,,,,,,,,,,,,,,
2026-06-27,SJVLIM,72.09,🔴 STRG SELL,Below 200 DMA structural breakdown.,,,,,,,,,,,,,,,,
2026-06-27,TATPOW,388.95,🔴 STRG SELL,Below 200 DMA structural breakdown.,,,,,,,,,,,,,,,,
2026-06-27,GAIL,172.85,🟡 HOLD / RISK,Weak operational efficiency ROE < 10%.,,,,,,,,,,,,,,,,
2026-06-27,GUJGA,344.0,🔴 STRG SELL,Below 200 DMA structural breakdown.,,,,,,,,,,,,,,,,
2026-06-27,HINPET,409.25,🔴 STRG SELL,Below 200 DMA structural breakdown.,,,,,,,,,,,,,,,,
2026-06-27,ONGC,233.1,🔴 STRG SELL,Below 200 DMA structural breakdown.,,,,,,,,,,,,,,,,
2026-06-27,PETLNG,282.25,🟡 HOLD,Sideways consolidation pattern.,,,,,,,,,,,,,,,,
2026-06-27,RELIND,1318.1,🔴 STRG SELL,Below 200 DMA structural breakdown.,,,,,,,,,,,,,,,,
2026-06-27,GUJPPL,153.81,🔴 STRG SELL,Below 200 DMA structural breakdown.,,,,,,,,,,,,,,,,
2026-06-27,IDECEL,14.06,🟢 ACCUMULATE,Healthy structural accumulation channel.,,,,,,,,,,,,,,,,
2026-07-01,ASHLEY,161.09,🔴 STRG SELL,Below 200 DMA structural breakdown.,,,,,,,,,,,,,,,,
2026-07-01,TATCAP,305.9,🟡 HOLD,Sideways consolidation pattern.,,,,,,,,,,,,,,,,
2026-07-01,FEDBAN,327.6,🟢 ACCUMULATE,Healthy structural accumulation channel.,,,,,,,,,,,,,,,,
2026-07-01,HDFBAN,799.85,🔴 STRG SELL,Below 200 DMA structural breakdown.,,,,,,,,,,,,,,,,
2026-07-01,LGELEC,1523.9,🟡 HOLD,Sideways consolidation pattern.,,,,,,,,,,,,,,,,
2026-07-01,HDF250,179.5,🟢 ACCUMULATE,Healthy structural accumulation channel.,,,,,,,,,,,,,,,,
2026-07-01,ICIGOL,115.17,🔴 STRG SELL,Below 200 DMA structural breakdown.,,,,,,,,,,,,,,,,
2026-07-01,ICINIF,266.01,🟡 HOLD,Sideways consolidation pattern.,,,,,,,,,,,,,,,,
2026-07-01,ICIPSE,211.89,🟡 HOLD,Sideways consolidation pattern.,,,,,,,,,,,,,,,,
2026-07-01,NIPNIT,270.89,🔴 STRG SELL,Below 200 DMA structural breakdown.,,,,,,,,,,,,,,,,
2026-07-01,BHAELE,412.5,🔴 STRG SELL,Below 200 DMA structural breakdown.,,,,,,,,,,,,,,,,
2026-07-01,TATGLO,1084.9,🔴 STRG SELL,Below 200 DMA structural breakdown.,,,,,,,,,,,,,,,,
2026-07-01,JIOFIN,237.69,🔴 STRG SELL,Below 200 DMA structural breakdown.,,,,,,,,,,,,,,,,
2026-07-01,WIPRO,171.54,🔴 STRG SELL,Below 200 DMA structural breakdown.,,,,,,,,,,,,,,,,
2026-07-01,ENGIND,239.08,🟡 HOLD,Sideways consolidation pattern.,,,,,,,,,,,,,,,,
2026-07-01,LIC,432.25,🟡 HOLD,Sideways consolidation pattern.,,,,,,,,,,,,,,,,
2026-07-01,MIR150,31.31,🟡 HOLD,Sideways consolidation pattern.,,,,,,,,,,,,,,,,
2026-07-01,DRREDD,1351.7,🟢 ACCUMULATE,Healthy structural accumulation channel.,,,,,,,,,,,,,,,,
2026-07-01,SEQSCI,1095.0,🟡 HOLD,Sideways consolidation pattern.,,,,,,,,,,,,,,,,
2026-07-01,JSWENE,579.85,🟡 HOLD / RISK,Weak operational efficiency ROE < 10%.,,,,,,,,,,,,,,,,
2026-07-01,NHPC,80.5,🟡 HOLD / RISK,Weak operational efficiency ROE < 10%.,,,,,,,,,,,,,,,,
2026-07-01,NTPC,355.25,🟡 HOLD,Sideways consolidation pattern.,,,,,,,,,,,,,,,,
2026-07-01,NTPGRE,95.75,🔴 STRG SELL,Below 200 DMA structural breakdown.,,,,,,,,,,,,,,,,
2026-07-01,SJVLIM,73.16,🔴 STRG SELL,Below 200 DMA structural breakdown.,,,,,,,,,,,,,,,,
2026-07-01,TATPOW,384.95,🔴 STRG SELL,Below 200 DMA structural breakdown.,,,,,,,,,,,,,,,,
2026-07-01,GAIL,172.86,🟡 HOLD / RISK,Weak operational efficiency ROE < 10%.,,,,,,,,,,,,,,,,
2026-07-01,GUJGA,327.05,🔴 STRG SELL,Below 200 DMA structural breakdown.,,,,,,,,,,,,,,,,
2026-07-01,HINPET,394.35,🔴 STRG SELL,Below 200 DMA structural breakdown.,,,,,,,,,,,,,,,,
2026-07-01,ONGC,234.85,🔴 STRG SELL,Below 200 DMA structural breakdown.,,,,,,,,,,,,,,,,
2026-07-01,PETLNG,279.95,🟡 HOLD,Sideways consolidation pattern.,,,,,,,,,,,,,,,,
2026-07-01,RELIND,1301.3,🔴 STRG SELL,Below 200 DMA structural breakdown.,,,,,,,,,,,,,,,,
2026-07-01,GUJPPL,152.66,🔴 STRG SELL,Below 200 DMA structural breakdown.,,,,,,,,,,,,,,,,
2026-07-01,IDECEL,14.45,🟢 ACCUMULATE,Healthy structural accumulation channel.,,,,,,,,,,,,,,,,
2026-07-04,ASHLEY,164.35,🟡 HOLD,Sideways consolidation pattern.,,,,,,,,,,,,,,,,
2026-07-04,TATCAP,305.9,🟡 HOLD,Sideways consolidation pattern.,,,,,,,,,,,,,,,,
2026-07-04,FEDBAN,327.4,🟢 ACCUMULATE,Healthy structural accumulation channel.,,,,,,,,,,,,,,,,
2026-07-04,HDFBAN,801.05,🔴 STRG SELL,Below 200 DMA structural breakdown.,,,,,,,,,,,,,,,,
2026-07-04,LGELEC,1523.9,🟡 HOLD,Sideways consolidation pattern.,,,,,,,,,,,,,,,,
2026-07-04,HDF250,,🟡 HOLD,Sideways consolidation pattern.,,,,,,,,,,,,,,,,
2026-07-04,ICIGOL,,🟡 HOLD,Sideways consolidation pattern.,,,,,,,,,,,,,,,,
2026-07-04,ICINIF,266.01,🟡 HOLD,Sideways consolidation pattern.,,,,,,,,,,,,,,,,
2026-07-04,ICIPSE,,🟡 HOLD,Sideways consolidation pattern.,,,,,,,,,,,,,,,,
2026-07-04,NIPNIT,,🟡 HOLD,Sideways consolidation pattern.,,,,,,,,,,,,,,,,
2026-07-04,BHAELE,418.05,🔴 STRG SELL,Below 200 DMA structural breakdown.,,,,,,,,,,,,,,,,
2026-07-04,TATGLO,1116.7,🔴 STRG SELL,Below 200 DMA structural breakdown.,,,,,,,,,,,,,,,,
2026-07-04,JIOFIN,239.35,🔴 STRG SELL,Below 200 DMA structural breakdown.,,,,,,,,,,,,,,,,
2026-07-04,WIPRO,176.08,🔴 STRG SELL,Below 200 DMA structural breakdown.,,,,,,,,,,,,,,,,
2026-07-04,ENGIND,237.49,🟡 HOLD,Sideways consolidation pattern.,,,,,,,,,,,,,,,,
2026-07-04,LIC,430.25,🟡 HOLD,Sideways consolidation pattern.,,,,,,,,,,,,,,,,
2026-07-04,MIR150,,🟡 HOLD,Sideways consolidation pattern.,,,,,,,,,,,,,,,,
2026-07-04,DRREDD,1374.1,🟢 ACCUMULATE,Healthy structural accumulation channel.,,,,,,,,,,,,,,,,
2026-07-04,SEQSCI,1126.8,🟢 ACCUMULATE,Healthy structural accumulation channel.,,,,,,,,,,,,,,,,
2026-07-04,JSWENE,550.2,🟡 HOLD / RISK,Weak operational efficiency ROE < 10%.,,,,,,,,,,,,,,,,
2026-07-04,NHPC,80.53,🟡 HOLD / RISK,Weak operational efficiency ROE < 10%.,,,,,,,,,,,,,,,,
2026-07-04,NTPC,356.45,🟡 HOLD,Sideways consolidation pattern.,,,,,,,,,,,,,,,,
2026-07-04,NTPGRE,95.44,🔴 STRG SELL,Below 200 DMA structural breakdown.,,,,,,,,,,,,,,,,
2026-07-04,SJVLIM,72.55,🔴 STRG SELL,Below 200 DMA structural breakdown.,,,,,,,,,,,,,,,,
2026-07-04,TATPOW,375.2,🔴 STRG SELL,Below 200 DMA structural breakdown.,,,,,,,,,,,,,,,,
2026-07-04,GAIL,174.15,🟡 HOLD / RISK,Weak operational efficiency ROE < 10%.,,,,,,,,,,,,,,,,
2026-07-04,GUJGA,298.1,🔴 STRG SELL,Below 200 DMA structural breakdown.,,,,,,,,,,,,,,,,
2026-07-04,HINPET,399.25,🔴 STRG SELL,Below 200 DMA structural breakdown.,,,,,,,,,,,,,,,,
2026-07-04,ONGC,237.84,🔴 STRG SELL,Below 200 DMA structural breakdown.,,,,,,,,,,,,,,,,
2026-07-04,PETLNG,275.95,🟡 HOLD,Sideways consolidation pattern.,,,,,,,,,,,,,,,,
2026-07-04,RELIND,1304.0,🔴 STRG SELL,Below 200 DMA structural breakdown.,,,,,,,,,,,,,,,,
2026-07-04,GUJPPL,154.69,🔴 STRG SELL,Below 200 DMA structural breakdown.,,,,,,,,,,,,,,,,
2026-07-04,IDECEL,14.25,🟢 ACCUMULATE,Healthy structural accumulation channel.,,,,,,,,,,,,,,,,
2026-07-08,ASHLEY,164.16,🟡 HOLD,Sideways consolidation pattern.,,,,,,,,,,,,,,,,
2026-07-08,TATCAP,305.9,🟡 HOLD,Sideways consolidation pattern.,,,,,,,,,,,,,,,,
2026-07-08,FEDBAN,,🟡 HOLD,Sideways consolidation pattern.,,,,,,,,,,,,,,,,
2026-07-08,HDFBAN,829.3,🔴 STRG SELL,Below 200 DMA structural breakdown.,,,,,,,,,,,,,,,,
2026-07-08,LGELEC,1523.9,🟡 HOLD,Sideways consolidation pattern.,,,,,,,,,,,,,,,,
2026-07-08,HDF250,,🟡 HOLD,Sideways consolidation pattern.,,,,,,,,,,,,,,,,
2026-07-08,ICIGOL,,🟡 HOLD,Sideways consolidation pattern.,,,,,,,,,,,,,,,,
2026-07-08,ICINIF,266.01,🟡 HOLD,Sideways consolidation pattern.,,,,,,,,,,,,,,,,
2026-07-08,ICIPSE,,🟡 HOLD,Sideways consolidation pattern.,,,,,,,,,,,,,,,,
2026-07-08,NIPNIT,,🟡 HOLD,Sideways consolidation pattern.,,,,,,,,,,,,,,,,
2026-07-08,BHAELE,419.15,🔴 STRG SELL,Below 200 DMA structural breakdown.,,,,,,,,,,,,,,,,
2026-07-08,TATGLO,1125.0,🔴 STRG SELL,Below 200 DMA structural breakdown.,,,,,,,,,,,,,,,,
2026-07-08,JIOFIN,243.07,🔴 STRG SELL,Below 200 DMA structural breakdown.,,,,,,,,,,,,,,,,
2026-07-08,WIPRO,173.0,🔴 STRG SELL,Below 200 DMA structural breakdown.,,,,,,,,,,,,,,,,
2026-07-08,ENGIND,,🟡 HOLD,Sideways consolidation pattern.,,,,,,,,,,,,,,,,
2026-07-08,LIC,435.4,🟡 HOLD,Sideways consolidation pattern.,,,,,,,,,,,,,,,,
2026-07-08,MIR150,,🟡 HOLD,Sideways consolidation pattern.,,,,,,,,,,,,,,,,
2026-07-08,DRREDD,1354.6,🟢 ACCUMULATE,Healthy structural accumulation channel.,,,,,,,,,,,,,,,,
2026-07-08,SEQSCI,,🟡 HOLD,Sideways consolidation pattern.,,,,,,,,,,,,,,,,
2026-07-08,JSWENE,544.2,🟡 HOLD / RISK,Weak operational efficiency ROE < 10%.,,,,,,,,,,,,,,,,
2026-07-08,NHPC,78.89,🟡 HOLD / RISK,Weak operational efficiency ROE < 10%.,,,,,,,,,,,,,,,,
2026-07-08,NTPC,354.2,🔴 STRG SELL,Below 200 DMA structural breakdown.,,,,,,,,,,,,,,,,
2026-07-08,NTPGRE,92.67,🔴 STRG SELL,Below 200 DMA structural breakdown.,,,,,,,,,,,,,,,,
2026-07-08,SJVLIM,71.8,🔴 STRG SELL,Below 200 DMA structural breakdown.,,,,,,,,,,,,,,,,
2026-07-08,TATPOW,377.2,🔴 STRG SELL,Below 200 DMA structural breakdown.,,,,,,,,,,,,,,,,
2026-07-08,GAIL,,🟡 HOLD / RISK,Weak operational efficiency ROE < 10%.,,,,,,,,,,,,,,,,
2026-07-08,GUJGA,295.85,🔴 STRG SELL,Below 200 DMA structural breakdown.,,,,,,,,,,,,,,,,
2026-07-08,HINPET,405.95,🔴 STRG SELL,Below 200 DMA structural breakdown.,,,,,,,,,,,,,,,,
2026-07-08,ONGC,244.18,🔴 STRG SELL,Below 200 DMA structural breakdown.,,,,,,,,,,,,,,,,
2026-07-08,PETLNG,,🟡 HOLD,Sideways consolidation pattern.,,,,,,,,,,,,,,,,
2026-07-08,RELIND,1308.4,🔴 STRG SELL,Below 200 DMA structural breakdown.,,,,,,,,,,,,,,,,
2026-07-08,GUJPPL,154.16,🔴 STRG SELL,Below 200 DMA structural breakdown.,,,,,,,,,,,,,,,,
2026-07-08,IDECEL,13.85,🟢 ACCUMULATE,Healthy structural accumulation channel.,,,,,,,,,,,,,,,,
2026-07-11,ASHLEY,157.49,🔴 STRG SELL,Below 200 DMA structural breakdown.,,,,,,,,,,,,,,,,
2026-07-11,TATCAP,305.9,🟡 HOLD,Sideways consolidation pattern.,,,,,,,,,,,,,,,,
2026-07-11,FEDBAN,,🟡 HOLD,Sideways consolidation pattern.,,,,,,,,,,,,,,,,
2026-07-11,HDFBAN,824.95,🔴 STRG SELL,Below 200 DMA structural breakdown.,,,,,,,,,,,,,,,,
2026-07-11,LGELEC,1523.9,🟡 HOLD,Sideways consolidation pattern.,,,,,,,,,,,,,,,,
2026-07-11,HDF250,,🟡 HOLD,Sideways consolidation pattern.,,,,,,,,,,,,,,,,
2026-07-11,ICIGOL,,🟡 HOLD,Sideways consolidation pattern.,,,,,,,,,,,,,,,,
2026-07-11,ICINIF,266.01,🟡 HOLD,Sideways consolidation pattern.,,,,,,,,,,,,,,,,
2026-07-11,ICIPSE,,🟡 HOLD,Sideways consolidation pattern.,,,,,,,,,,,,,,,,
2026-07-11,NIPNIT,,🟡 HOLD,Sideways consolidation pattern.,,,,,,,,,,,,,,,,
2026-07-11,BHAELE,414.85,🔴 STRG SELL,Below 200 DMA structural breakdown.,,,,,,,,,,,,,,,,
2026-07-11,TATGLO,,🟡 HOLD / RISK,Weak operational efficiency ROE < 10%.,,,,,,,,,,,,,,,,
2026-07-11,JIOFIN,241.96,🔴 STRG SELL,Below 200 DMA structural breakdown.,,,,,,,,,,,,,,,,
2026-07-11,WIPRO,175.46,🔴 STRG SELL,Below 200 DMA structural breakdown.,,,,,,,,,,,,,,,,
2026-07-11,ENGIND,,🟡 HOLD,Sideways consolidation pattern.,,,,,,,,,,,,,,,,
2026-07-11,LIC,443.05,🟡 HOLD,Sideways consolidation pattern.,,,,,,,,,,,,,,,,
2026-07-11,MIR150,,🟡 HOLD,Sideways consolidation pattern.,,,,,,,,,,,,,,,,
2026-07-11,DRREDD,,🟡 HOLD,Sideways consolidation pattern.,,,,,,,,,,,,,,,,
2026-07-11,SEQSCI,,🟡 HOLD,Sideways consolidation pattern.,,,,,,,,,,,,,,,,
2026-07-11,JSWENE,,🟡 HOLD / RISK,Weak operational efficiency ROE < 10%.,,,,,,,,,,,,,,,,
2026-07-11,NHPC,79.82,🟡 HOLD / RISK,Weak operational efficiency ROE < 10%.,,,,,,,,,,,,,,,,
2026-07-11,NTPC,344.55,🔴 STRG SELL,Below 200 DMA structural breakdown.,,,,,,,,,,,,,,,,
2026-07-11,NTPGRE,94.1,🔴 STRG SELL,Below 200 DMA structural breakdown.,,,,,,,,,,,,,,,,
2026-07-11,SJVLIM,70.88,🔴 STRG SELL,Below 200 DMA structural breakdown.,,,,,,,,,,,,,,,,
2026-07-11,TATPOW,381.3,🔴 STRG SELL,Below 200 DMA structural breakdown.,,,,,,,,,,,,,,,,
2026-07-11,GAIL,,🟡 HOLD / RISK,Weak operational efficiency ROE < 10%.,,,,,,,,,,,,,,,,
2026-07-11,GUJGA,289.7,🔴 STRG SELL,Below 200 DMA structural breakdown.,,,,,,,,,,,,,,,,
2026-07-11,HINPET,,🟡 HOLD,Sideways consolidation pattern.,,,,,,,,,,,,,,,,
2026-07-11,ONGC,244.96,🔴 STRG SELL,Below 200 DMA structural breakdown.,,,,,,,,,,,,,,,,
2026-07-11,PETLNG,,🟡 HOLD,Sideways consolidation pattern.,,,,,,,,,,,,,,,,
2026-07-11,RELIND,1307.8,🔴 STRG SELL,Below 200 DMA structural breakdown.,,,,,,,,,,,,,,,,
2026-07-11,GUJPPL,,🟡 HOLD,Sideways consolidation pattern.,,,,,,,,,,,,,,,,
2026-07-11,IDECEL,14.19,🟢 ACCUMULATE,Healthy structural accumulation channel.,,,,,,,,,,,,,,,,
2026-07-15,ASHLEY,155.19,🔴 STRG SELL,Below 200 DMA structural breakdown.,,,,,,,,,,,,,,,,
2026-07-15,TATCAP,305.9,🟡 HOLD,Sideways consolidation pattern.,,,,,,,,,,,,,,,,
2026-07-15,FEDBAN,,🟡 HOLD,Sideways consolidation pattern.,,,,,,,,,,,,,,,,
2026-07-15,HDFBAN,809.4,🔴 STRG SELL,Below 200 DMA structural breakdown.,,,,,,,,,,,,,,,,
2026-07-15,LGELEC,1523.9,🟡 HOLD,Sideways consolidation pattern.,,,,,,,,,,,,,,,,
2026-07-15,HDF250,,🟡 HOLD,Sideways consolidation pattern.,,,,,,,,,,,,,,,,
2026-07-15,ICIGOL,,🟡 HOLD,Sideways consolidation pattern.,,,,,,,,,,,,,,,,
2026-07-15,ICINIF,266.01,🟡 HOLD,Sideways consolidation pattern.,,,,,,,,,,,,,,,,
2026-07-15,ICIPSE,,🟡 HOLD,Sideways consolidation pattern.,,,,,,,,,,,,,,,,
2026-07-15,NIPNIT,,🟡 HOLD,Sideways consolidation pattern.,,,,,,,,,,,,,,,,
2026-07-15,BHAELE,410.1,🔴 STRG SELL,Below 200 DMA structural breakdown.,,,,,,,,,,,,,,,,
2026-07-15,TATGLO,1097.6,🔴 STRG SELL,Below 200 DMA structural breakdown.,,,,,,,,,,,,,,,,
2026-07-15,JIOFIN,235.97,🔴 STRG SELL,Below 200 DMA structural breakdown.,,,,,,,,,,,,,,,,
2026-07-15,WIPRO,177.14,🔴 STRG SELL,Below 200 DMA structural breakdown.,,,,,,,,,,,,,,,,
2026-07-15,ENGIND,228.68,🟡 HOLD,Sideways consolidation pattern.,,,,,,,,,,,,,,,,
2026-07-15,LIC,,🟡 HOLD,Sideways consolidation pattern.,,,,,,,,,,,,,,,,
2026-07-15,MIR150,,🟡 HOLD,Sideways consolidation pattern.,,,,,,,,,,,,,,,,
2026-07-15,DRREDD,1246.2,🔴 STRG SELL,Below 200 DMA structural breakdown.,,,,,,,,,,,,,,,,
2026-07-15,SEQSCI,,🟡 HOLD,Sideways consolidation pattern.,,,,,,,,,,,,,,,,
2026-07-15,JSWENE,,🟡 HOLD / RISK,Weak operational efficiency ROE < 10%.,,,,,,,,,,,,,,,,
2026-07-15,NHPC,78.77,🟡 HOLD / RISK,Weak operational efficiency ROE < 10%.,,,,,,,,,,,,,,,,
2026-07-15,NTPC,348.15,🔴 STRG SELL,Below 200 DMA structural breakdown.,,,,,,,,,,,,,,,,
2026-07-15,NTPGRE,,🟡 HOLD / RISK,Weak operational efficiency ROE < 10%.,,,,,,,,,,,,,,,,
2026-07-15,SJVLIM,70.38,🔴 STRG SELL,Below 200 DMA structural breakdown.,,,,,,,,,,,,,,,,
2026-07-15,TATPOW,377.7,🔴 STRG SELL,Below 200 DMA structural breakdown.,,,,,,,,,,,,,,,,
2026-07-15,GAIL,171.51,🟡 HOLD / RISK,Weak operational efficiency ROE < 10%.,,,,,,,,,,,,,,,,
2026-07-15,GUJGA,286.95,🔴 STRG SELL,Below 200 DMA structural breakdown.,,,,,,,,,,,,,,,,
2026-07-15,HINPET,386.0,🔴 STRG SELL,Below 200 DMA structural breakdown.,,,,,,,,,,,,,,,,
2026-07-15,ONGC,248.9,🔴 STRG SELL,Below 200 DMA structural breakdown.,,,,,,,,,,,,,,,,
2026-07-15,PETLNG,276.05,🟡 HOLD,Sideways consolidation pattern.,,,,,,,,,,,,,,,,
2026-07-15,RELIND,1293.0,🔴 STRG SELL,Below 200 DMA structural breakdown.,,,,,,,,,,,,,,,,
2026-07-15,GUJPPL,151.18,🔴 STRG SELL,Below 200 DMA structural breakdown.,,,,,,,,,,,,,,,,
2026-07-15,IDECEL,13.83,🟡 HOLD,Sideways consolidation pattern.,,,,,,,,,,,,,,,,
2026-07-18,ASHLEY,155.23,🔴 STRG SELL,Below 200 DMA structural breakdown.,,,,,,,,,,,,,,,,
2026-07-18,TATCAP,305.9,🟡 HOLD,Sideways consolidation pattern.,,,,,,,,,,,,,,,,
2026-07-18,FEDBAN,349.0,🟢 ACCUMULATE,Healthy structural accumulation channel.,,,,,,,,,,,,,,,,
2026-07-18,HDFBAN,819.6,🔴 STRG SELL,Below 200 DMA structural breakdown.,,,,,,,,,,,,,,,,
2026-07-18,LGELEC,1523.9,🟡 HOLD,Sideways consolidation pattern.,,,,,,,,,,,,,,,,
2026-07-18,HDF250,,🟡 HOLD,Sideways consolidation pattern.,,,,,,,,,,,,,,,,
2026-07-18,ICIGOL,,🟡 HOLD,Sideways consolidation pattern.,,,,,,,,,,,,,,,,
2026-07-18,ICINIF,266.01,🟡 HOLD,Sideways consolidation pattern.,,,,,,,,,,,,,,,,
2026-07-18,ICIPSE,,🟡 HOLD,Sideways consolidation pattern.,,,,,,,,,,,,,,,,
2026-07-18,NIPNIT,32.27,🟡 HOLD,Sideways consolidation pattern.,,,,,,,,,,,,,,,,
2026-07-18,BHAELE,409.45,🔴 STRG SELL,Below 200 DMA structural breakdown.,,,,,,,,,,,,,,,,
2026-07-18,TATGLO,1088.6,🔴 STRG SELL,Below 200 DMA structural breakdown.,,,,,,,,,,,,,,,,
2026-07-18,JIOFIN,242.98,🔴 STRG SELL,Below 200 DMA structural breakdown.,,,,,,,,,,,,,,,,
2026-07-18,WIPRO,176.0,🔴 STRG SELL,Below 200 DMA structural breakdown.,,,,,,,,,,,,,,,,
2026-07-18,ENGIND,227.66,🟡 HOLD,Sideways consolidation pattern.,,,,,,,,,,,,,,,,
2026-07-18,LIC,433.1,🟡 HOLD,Sideways consolidation pattern.,,,,,,,,,,,,,,,,
2026-07-18,MIR150,,🟡 HOLD,Sideways consolidation pattern.,,,,,,,,,,,,,,,,
2026-07-18,DRREDD,1211.2,🔴 STRG SELL,Below 200 DMA structural breakdown.,,,,,,,,,,,,,,,,
2026-07-18,SEQSCI,,🟡 HOLD,Sideways consolidation pattern.,,,,,,,,,,,,,,,,
2026-07-18,JSWENE,,🟡 HOLD / RISK,Weak operational efficiency ROE < 10%.,,,,,,,,,,,,,,,,
2026-07-18,NHPC,79.2,🟡 HOLD / RISK,Weak operational efficiency ROE < 10%.,,,,,,,,,,,,,,,,
2026-07-18,NTPC,341.85,🔴 STRG SELL,Below 200 DMA structural breakdown.,,,,,,,,,,,,,,,,
2026-07-18,NTPGRE,,🟡 HOLD / RISK,Weak operational efficiency ROE < 10%.,,,,,,,,,,,,,,,,
2026-07-18,SJVLIM,69.13,🔴 STRG SELL,Below 200 DMA structural breakdown.,,,,,,,,,,,,,,,,
2026-07-18,TATPOW,377.25,🔴 STRG SELL,Below 200 DMA structural breakdown.,,,,,,,,,,,,,,,,
2026-07-18,GAIL,,🟡 HOLD / RISK,Weak operational efficiency ROE < 10%.,,,,,,,,,,,,,,,,
2026-07-18,GUJGA,401.15,🟡 HOLD,Sideways consolidation pattern.,,,,,,,,,,,,,,,,
2026-07-18,HINPET,400.4,🔴 STRG SELL,Below 200 DMA structural breakdown.,,,,,,,,,,,,,,,,
2026-07-18,ONGC,247.29,🔴 STRG SELL,Below 200 DMA structural breakdown.,,,,,,,,,,,,,,,,
2026-07-18,PETLNG,273.8,🔴 STRG SELL,Below 200 DMA structural breakdown.,,,,,,,,,,,,,,,,
2026-07-18,RELIND,1327.2,🔴 STRG SELL,Below 200 DMA structural breakdown.,,,,,,,,,,,,,,,,
2026-07-18,GUJPPL,,🟡 HOLD,Sideways consolidation pattern.,,,,,,,,,,,,,,,,
2026-07-18,IDECEL,13.74,🟡 HOLD,Sideways consolidation pattern.,,,,,,,,,,,,,,,,
2026-07-22,ASHLEY,153.94,🔴 STRG SELL,Below 200 DMA structural breakdown.,,,,,,,,,,,,,,,,
2026-07-22,TATCAP,305.9,🟡 HOLD,Sideways consolidation pattern.,,,,,,,,,,,,,,,,
2026-07-22,FEDBAN,356.05,🟢 ACCUMULATE,Healthy structural accumulation channel.,,,,,,,,,,,,,,,,
2026-07-22,HDFBAN,761.45,🔴 STRG SELL,Below 200 DMA structural breakdown.,,,,,,,,,,,,,,,,
2026-07-22,LGELEC,1523.9,🟡 HOLD,Sideways consolidation pattern.,,,,,,,,,,,,,,,,
2026-07-22,HDF250,,🟡 HOLD,Sideways consolidation pattern.,,,,,,,,,,,,,,,,
2026-07-22,ICIGOL,,🟡 HOLD,Sideways consolidation pattern.,,,,,,,,,,,,,,,,
2026-07-22,ICINIF,266.01,🟡 HOLD,Sideways consolidation pattern.,,,,,,,,,,,,,,,,
2026-07-22,ICIPSE,,🟡 HOLD,Sideways consolidation pattern.,,,,,,,,,,,,,,,,
2026-07-22,NIPNIT,,🟡 HOLD,Sideways consolidation pattern.,,,,,,,,,,,,,,,,
2026-07-22,BHAELE,410.05,🔴 STRG SELL,Below 200 DMA structural breakdown.,,,,,,,,,,,,,,,,
2026-07-22,TATGLO,1081.5,🔴 STRG SELL,Below 200 DMA structural breakdown.,,,,,,,,,,,,,,,,
2026-07-22,JIOFIN,240.03,🔴 STRG SELL,Below 200 DMA structural breakdown.,,,,,,,,,,,,,,,,
2026-07-22,WIPRO,174.97,🔴 STRG SELL,Below 200 DMA structural breakdown.,,,,,,,,,,,,,,,,
2026-07-22,ENGIND,228.12,🟡 HOLD,Sideways consolidation pattern.,,,,,,,,,,,,,,,,
2026-07-22,LIC,429.7,🟡 HOLD,Sideways consolidation pattern.,,,,,,,,,,,,,,,,
2026-07-22,MIR150,,🟡 HOLD,Sideways consolidation pattern.,,,,,,,,,,,,,,,,
2026-07-22,DRREDD,1206.0,🔴 STRG SELL,Below 200 DMA structural breakdown.,,,,,,,,,,,,,,,,
2026-07-22,SEQSCI,,🟡 HOLD,Sideways consolidation pattern.,,,,,,,,,,,,,,,,
2026-07-22,JSWENE,566.2,🟡 HOLD / RISK,Weak operational efficiency ROE < 10%.,,,,,,,,,,,,,,,,
2026-07-22,NHPC,80.31,🟡 HOLD / RISK,Weak operational efficiency ROE < 10%.,,,,,,,,,,,,,,,,
2026-07-22,NTPC,348.55,🔴 STRG SELL,Below 200 DMA structural breakdown.,,,,,,,,,,,,,,,,
2026-07-22,NTPGRE,92.54,🔴 STRG SELL,Below 200 DMA structural breakdown.,,,,,,,,,,,,,,,,
2026-07-22,SJVLIM,68.65,🔴 STRG SELL,Below 200 DMA structural breakdown.,,,,,,,,,,,,,,,,
2026-07-22,TATPOW,381.45,🔴 STRG SELL,Below 200 DMA structural breakdown.,,,,,,,,,,,,,,,,
2026-07-22,GAIL,,🟡 HOLD / RISK,Weak operational efficiency ROE < 10%.,,,,,,,,,,,,,,,,
2026-07-22,GUJGA,401.15,🟡 HOLD,Sideways consolidation pattern.,,,,,,,,,,,,,,,,
2026-07-22,HINPET,406.95,🔴 STRG SELL,Below 200 DMA structural breakdown.,,,,,,,,,,,,,,,,
2026-07-22,ONGC,249.89,🔴 STRG SELL,Below 200 DMA structural breakdown.,,,,,,,,,,,,,,,,
2026-07-22,PETLNG,276.65,🟡 HOLD,Sideways consolidation pattern.,,,,,,,,,,,,,,,,
2026-07-22,RELIND,1303.7,🔴 STRG SELL,Below 200 DMA structural breakdown.,,,,,,,,,,,,,,,,
2026-07-22,GUJPPL,150.8,🔴 STRG SELL,Below 200 DMA structural breakdown.,,,,,,,,,,,,,,,,
2026-07-22,IDECEL,13.49,🟡 HOLD,Sideways consolidation pattern.,,,,,,,,,,,,,,,,
2026-07-25,ASHLEY,,🟡 HOLD,Sideways consolidation pattern.,,,,,,,,,,,,,,,,
2026-07-25,TATCAP,305.9,🟡 HOLD,Sideways consolidation pattern.,,,,,,,,,,,,,,,,
2026-07-25,FEDBAN,354.3,🟢 ACCUMULATE,Healthy structural accumulation channel.,,,,,,,,,,,,,,,,
2026-07-25,HDFBAN,742.8,🔴 STRG SELL,Below 200 DMA structural breakdown.,,,,,,,,,,,,,,,,
2026-07-25,LGELEC,1523.9,🟡 HOLD,Sideways consolidation pattern.,,,,,,,,,,,,,,,,
2026-07-25,HDF250,,🟡 HOLD,Sideways consolidation pattern.,,,,,,,,,,,,,,,,
2026-07-25,ICIGOL,,🟡 HOLD,Sideways consolidation pattern.,,,,,,,,,,,,,,,,
2026-07-25,ICINIF,266.01,🟡 HOLD,Sideways consolidation pattern.,,,,,,,,,,,,,,,,
2026-07-25,ICIPSE,,🟡 HOLD,Sideways consolidation pattern.,,,,,,,,,,,,,,,,
2026-07-25,NIPNIT,,🟡 HOLD,Sideways consolidation pattern.,,,,,,,,,,,,,,,,
2026-07-25,BHAELE,405.0,🔴 STRG SELL,Below 200 DMA structural breakdown.,,,,,,,,,,,,,,,,
2026-07-25,TATGLO,1088.0,🔴 STRG SELL,Below 200 DMA structural breakdown.,,,,,,,,,,,,,,,,
2026-07-25,JIOFIN,234.71,🔴 STRG SELL,Below 200 DMA structural breakdown.,,,,,,,,,,,,,,,,
2026-07-25,WIPRO,177.12,🔴 STRG SELL,Below 200 DMA structural breakdown.,,,,,,,,,,,,,,,,
2026-07-25,ENGIND,,🟡 HOLD,Sideways consolidation pattern.,,,,,,,,,,,,,,,,
2026-07-25,LIC,421.3,🟢 ACCUMULATE,Healthy structural accumulation channel.,,,,,,,,,,,,,,,,
2026-07-25,MIR150,,🟡 HOLD,Sideways consolidation pattern.,,,,,,,,,,,,,,,,
2026-07-25,DRREDD,1151.7,🔴 STRG SELL,Below 200 DMA structural breakdown.,,,,,,,,,,,,,,,,
2026-07-25,SEQSCI,,🟡 HOLD,Sideways consolidation pattern.,,,,,,,,,,,,,,,,
2026-07-25,JSWENE,551.65,🟡 HOLD,Sideways consolidation pattern.,,,,,,,,,,,,,,,,
2026-07-25,NHPC,79.39,🟡 HOLD / RISK,Weak operational efficiency ROE < 10%.,,,,,,,,,,,,,,,,
2026-07-25,NTPC,347.2,🔴 STRG SELL,Below 200 DMA structural breakdown.,,,,,,,,,,,,,,,,
2026-07-25,NTPGRE,96.32,🔴 STRG SELL,Below 200 DMA structural breakdown.,,,,,,,,,,,,,,,,
2026-07-25,SJVLIM,67.58,🔴 STRG SELL,Below 200 DMA structural breakdown.,,,,,,,,,,,,,,,,
2026-07-25,TATPOW,374.4,🔴 STRG SELL,Below 200 DMA structural breakdown.,,,,,,,,,,,,,,,,
2026-07-25,GAIL,170.02,🟡 HOLD / RISK,Weak operational efficiency ROE < 10%.,,,,,,,,,,,,,,,,
2026-07-25,GUJGA,401.15,🟡 HOLD,Sideways consolidation pattern.,,,,,,,,,,,,,,,,
2026-07-25,HINPET,381.1,🔴 STRG SELL,Below 200 DMA structural breakdown.,,,,,,,,,,,,,,,,
2026-07-25,ONGC,248.76,🔴 STRG SELL,Below 200 DMA structural breakdown.,,,,,,,,,,,,,,,,
2026-07-25,PETLNG,,🟡 HOLD,Sideways consolidation pattern.,,,,,,,,,,,,,,,,
2026-07-25,RELIND,1278.0,🔴 STRG SELL,Below 200 DMA structural breakdown.,,,,,,,,,,,,,,,,
2026-07-25,GUJPPL,149.23,🔴 STRG SELL,Below 200 DMA structural breakdown.,,,,,,,,,,,,,,,,
2026-07-25,IDECEL,13.13,🟡 HOLD,Sideways consolidation pattern.,,,,,,,,,,,,,,,,
2026-07-29,ASHLEY,157.5,🔴 STRG SELL,Below 200 DMA structural breakdown.,,,,,,,,,,,,,,,,
2026-07-29,TATCAP,305.9,🟡 HOLD,Sideways consolidation pattern.,,,,,,,,,,,,,,,,
2026-07-29,FEDBAN,357.25,🟢 ACCUMULATE,Healthy structural accumulation channel.,,,,,,,,,,,,,,,,
2026-07-29,HDFBAN,735.4,🔴 STRG SELL,Below 200 DMA structural breakdown.,,,,,,,,,,,,,,,,
2026-07-29,LGELEC,1523.9,🟡 HOLD,Sideways consolidation pattern.,,,,,,,,,,,,,,,,
2026-07-29,HDF250,,🟡 HOLD,Sideways consolidation pattern.,,,,,,,,,,,,,,,,
2026-07-29,ICIGOL,,🟡 HOLD,Sideways consolidation pattern.,,,,,,,,,,,,,,,,
2026-07-29,ICINIF,266.01,🟡 HOLD,Sideways consolidation pattern.,,,,,,,,,,,,,,,,
2026-07-29,ICIPSE,,🟡 HOLD,Sideways consolidation pattern.,,,,,,,,,,,,,,,,
2026-07-29,NIPNIT,,🟡 HOLD,Sideways consolidation pattern.,,,,,,,,,,,,,,,,
2026-07-29,BHAELE,389.0,🔴 STRG SELL,Below 200 DMA structural breakdown.,,,,,,,,,,,,,,,,
2026-07-29,TATGLO,,🟡 HOLD,Sideways consolidation pattern.,,,,,,,,,,,,,,,,
2026-07-29,JIOFIN,,🟡 HOLD,Sideways consolidation pattern.,,,,,,,,,,,,,,,,
2026-07-29,WIPRO,181.12,🔴 STRG SELL,Below 200 DMA structural breakdown.,,,,,,,,,,,,,,,,
2026-07-29,ENGIND,222.59,🟡 HOLD,Sideways consolidation pattern.,,,,,,,,,,,,,,,,
2026-07-29,LIC,427.15,🟢 ACCUMULATE,Healthy structural accumulation channel.,,,,,,,,,,,,,,,,
2026-07-29,MIR150,,🟡 HOLD,Sideways consolidation pattern.,,,,,,,,,,,,,,,,
2026-07-29,DRREDD,1135.6,🔴 STRG SELL,Below 200 DMA structural breakdown.,,,,,,,,,,,,,,,,
2026-07-29,SEQSCI,,🟡 HOLD,Sideways consolidation pattern.,,,,,,,,,,,,,,,,
2026-07-29,JSWENE,544.25,🟡 HOLD,Sideways consolidation pattern.,,,,,,,,,,,,,,,,
2026-07-29,NHPC,78.28,🔴 STRG SELL,Below 200 DMA structural breakdown.,,,,,,,,,,,,,,,,
2026-07-29,NTPC,343.75,🔴 STRG SELL,Below 200 DMA structural breakdown.,,,,,,,,,,,,,,,,
2026-07-29,NTPGRE,92.27,🔴 STRG SELL,Below 200 DMA structural breakdown.,,,,,,,,,,,,,,,,
2026-07-29,SJVLIM,,🟡 HOLD / RISK,Weak operational efficiency ROE < 10%.,,,,,,,,,,,,,,,,
2026-07-29,TATPOW,371.35,🔴 STRG SELL,Below 200 DMA structural breakdown.,,,,,,,,,,,,,,,,
2026-07-29,GAIL,175.15,🟡 HOLD / RISK,Weak operational efficiency ROE < 10%.,,,,,,,,,,,,,,,,
2026-07-29,GUJGA,401.15,🟡 HOLD,Sideways consolidation pattern.,,,,,,,,,,,,,,,,
2026-07-29,HINPET,400.05,🔴 STRG SELL,Below 200 DMA structural breakdown.,,,,,,,,,,,,,,,,
2026-07-29,ONGC,238.91,🔴 STRG SELL,Below 200 DMA structural breakdown.,,,,,,,,,,,,,,,,
2026-07-29,PETLNG,,🟡 HOLD,Sideways consolidation pattern.,,,,,,,,,,,,,,,,
2026-07-29,RELIND,,🟡 HOLD,Sideways consolidation pattern.,,,,,,,,,,,,,,,,
2026-07-29,GUJPPL,,🟡 HOLD,Sideways consolidation pattern.,,,,,,,,,,,,,,,,
2026-07-29,IDECEL,12.95,🟡 HOLD,Sideways consolidation pattern.,,,,,,,,,,,,,,,,
2026-08-01,ASHLEY,166.18,🟡 HOLD,Sideways consolidation pattern.,,,,,,,,,,,,,,,,
2026-08-01,TATCAP,305.9,🟡 HOLD,Sideways consolidation pattern.,,,,,,,,,,,,,,,,
2026-08-01,FEDBAN,,🟡 HOLD,Sideways consolidation pattern.,,,,,,,,,,,,,,,,
2026-08-01,HDFBAN,748.15,🔴 STRG SELL,Below 200 DMA structural breakdown.,,,,,,,,,,,,,,,,
2026-08-01,LGELEC,1523.9,🟡 HOLD,Sideways consolidation pattern.,,,,,,,,,,,,,,,,
2026-08-01,HDF250,,🟡 HOLD,Sideways consolidation pattern.,,,,,,,,,,,,,,,,
2026-08-01,ICIGOL,,🟡 HOLD,Sideways consolidation pattern.,,,,,,,,,,,,,,,,
2026-08-01,ICINIF,266.01,🟡 HOLD,Sideways consolidation pattern.,,,,,,,,,,,,,,,,
2026-08-01,ICIPSE,,🟡 HOLD,Sideways consolidation pattern.,,,,,,,,,,,,,,,,
2026-08-01,NIPNIT,,🟡 HOLD,Sideways consolidation pattern.,,,,,,,,,,,,,,,,
2026-08-01,BHAELE,387.85,🔴 STRG SELL,Below 200 DMA structural breakdown.,,,,,,,,,,,,,,,,
2026-08-01,TATGLO,1083.1,🔴 STRG SELL,Below 200 DMA structural breakdown.,,,,,,,,,,,,,,,,
2026-08-01,JIOFIN,256.46,🔴 STRG SELL,Below 200 DMA structural breakdown.,,,,,,,,,,,,,,,,
2026-08-01,WIPRO,183.65,🔴 STRG SELL,Below 200 DMA structural breakdown.,,,,,,,,,,,,,,,,
2026-08-01,ENGIND,,🟡 HOLD,Sideways consolidation pattern.,,,,,,,,,,,,,,,,
2026-08-01,LIC,424.7,🟢 ACCUMULATE,Healthy structural accumulation channel.,,,,,,,,,,,,,,,,
2026-08-01,MIR150,,🟡 HOLD,Sideways consolidation pattern.,,,,,,,,,,,,,,,,
2026-08-01,DRREDD,1148.1,🔴 STRG SELL,Below 200 DMA structural breakdown.,,,,,,,,,,,,,,,,
2026-08-01,SEQSCI,,🟡 HOLD,Sideways consolidation pattern.,,,,,,,,,,,,,,,,
2026-08-01,JSWENE,,🟡 HOLD,Sideways consolidation pattern.,,,,,,,,,,,,,,,,
2026-08-01,NHPC,78.73,🟡 HOLD / RISK,Weak operational efficiency ROE < 10%.,,,,,,,,,,,,,,,,
2026-08-01,NTPC,347.25,🔴 STRG SELL,Below 200 DMA structural breakdown.,,,,,,,,,,,,,,,,
2026-08-01,NTPGRE,90.03,🔴 STRG SELL,Below 200 DMA structural breakdown.,,,,,,,,,,,,,,,,
2026-08-01,SJVLIM,68.62,🔴 STRG SELL,Below 200 DMA structural breakdown.,,,,,,,,,,,,,,,,
2026-08-01,TATPOW,380.7,🔴 STRG SELL,Below 200 DMA structural breakdown.,,,,,,,,,,,,,,,,
2026-08-01,GAIL,181.44,🟡 HOLD / RISK,Weak operational efficiency ROE < 10%.,,,,,,,,,,,,,,,,
2026-08-01,GUJGA,401.15,🟡 HOLD,Sideways consolidation pattern.,,,,,,,,,,,,,,,,
2026-08-01,HINPET,389.75,🔴 STRG SELL,Below 200 DMA structural breakdown.,,,,,,,,,,,,,,,,
2026-08-01,ONGC,242.53,🔴 STRG SELL,Below 200 DMA structural breakdown.,,,,,,,,,,,,,,,,
2026-08-01,PETLNG,280.75,🟢 ACCUMULATE,Healthy structural accumulation channel.,,,,,,,,,,,,,,,,
2026-08-01,RELIND,1307.8,🔴 STRG SELL,Below 200 DMA structural breakdown.,,,,,,,,,,,,,,,,
2026-08-01,GUJPPL,,🟡 HOLD,Sideways consolidation pattern.,,,,,,,,,,,,,,,,
2026-08-01,IDECEL,13.01,🟡 HOLD,Sideways consolidation pattern.,,,,,,,,,,,,,,,,
2026-08-05,ASHLEY,172.08,🟡 HOLD,Sideways consolidation pattern.,,,,,,,,,,,,,,,,
2026-08-05,TATCAP,305.9,🟡 HOLD,Sideways consolidation pattern.,,,,,,,,,,,,,,,,
2026-08-05,FEDBAN,362.45,🟢 ACCUMULATE,Healthy structural accumulation channel.,,,,,,,,,,,,,,,,
2026-08-05,HDFBAN,742.0,🔴 STRG SELL,Below 200 DMA structural breakdown.,,,,,,,,,,,,,,,,
2026-08-05,LGELEC,1523.9,🟡 HOLD,Sideways consolidation pattern.,,,,,,,,,,,,,,,,
2026-08-05,HDF250,,🟡 HOLD,Sideways consolidation pattern.,,,,,,,,,,,,,,,,
2026-08-05,ICIGOL,,🟡 HOLD,Sideways consolidation pattern.,,,,,,,,,,,,,,,,
2026-08-05,ICINIF,266.01,🟡 HOLD,Sideways consolidation pattern.,,,,,,,,,,,,,,,,
2026-08-05,ICIPSE,,🟡 HOLD,Sideways consolidation pattern.,,,,,,,,,,,,,,,,
2026-08-05,NIPNIT,,🟡 HOLD,Sideways consolidation pattern.,,,,,,,,,,,,,,,,
2026-08-05,BHAELE,391.5,🔴 STRG SELL,Below 200 DMA structural breakdown.,,,,,,,,,,,,,,,,
2026-08-05,TATGLO,1092.0,🔴 STRG SELL,Below 200 DMA structural breakdown.,,,,,,,,,,,,,,,,
2026-08-05,JIOFIN,265.0,🟡 HOLD,Sideways consolidation pattern.,,,,,,,,,,,,,,,,
2026-08-05,WIPRO,186.3,🔴 STRG SELL,Below 200 DMA structural breakdown.,,,,,,,,,,,,,,,,
2026-08-05,ENGIND,224.89,🟡 HOLD,Sideways consolidation pattern.,,,,,,,,,,,,,,,,
2026-08-05,LIC,391.3,🔴 STRG SELL,Below 200 DMA structural breakdown.,,,,,,,,,,,,,,,,
2026-08-05,MIR150,,🟡 HOLD,Sideways consolidation pattern.,,,,,,,,,,,,,,,,
2026-08-05,DRREDD,1172.6,🔴 STRG SELL,Below 200 DMA structural breakdown.,,,,,,,,,,,,,,,,
2026-08-05,SEQSCI,994.6,🟡 HOLD,Sideways consolidation pattern.,,,,,,,,,,,,,,,,
2026-08-05,JSWENE,568.0,🟢 ACCUMULATE,Healthy structural accumulation channel.,,,,,,,,,,,,,,,,
2026-08-05,NHPC,80.5,🟡 HOLD / RISK,Weak operational efficiency ROE < 10%.,,,,,,,,,,,,,,,,
2026-08-05,NTPC,343.65,🔴 STRG SELL,Below 200 DMA structural breakdown.,,,,,,,,,,,,,,,,
2026-08-05,NTPGRE,90.72,🔴 STRG SELL,Below 200 DMA structural breakdown.,,,,,,,,,,,,,,,,
2026-08-05,SJVLIM,69.0,🔴 STRG SELL,Below 200 DMA structural breakdown.,,,,,,,,,,,,,,,,
2026-08-05,TATPOW,380.0,🔴 STRG SELL,Below 200 DMA structural breakdown.,,,,,,,,,,,,,,,,
2026-08-05,GAIL,175.0,🟢 ACCUMULATE,Healthy structural accumulation channel.,,,,,,,,,,,,,,,,
2026-08-05,GUJGA,401.15,🟡 HOLD,Sideways consolidation pattern.,,,,,,,,,,,,,,,,
2026-08-05,HINPET,391.5,🔴 STRG SELL,Below 200 DMA structural breakdown.,,,,,,,,,,,,,,,,
2026-08-05,ONGC,242.0,🔴 STRG SELL,Below 200 DMA structural breakdown.,,,,,,,,,,,,,,,,
2026-08-05,PETLNG,,🟡 HOLD,Sideways consolidation pattern.,,,,,,,,,,,,,,,,
2026-08-05,RELIND,1290.9,🔴 STRG SELL,Below 200 DMA structural breakdown.,,,,,,,,,,,,,,,,
2026-08-05,GUJPPL,151.8,🔴 STRG SELL,Below 200 DMA structural breakdown.,,,,,,,,,,,,,,,,
2026-08-05,IDECEL,12.9,🟡 HOLD,Sideways consolidation pattern.,,,,,,,,,,,,,,,,
2026-08-08,ASHLEY,177.5,🟡 HOLD,Sideways consolidation pattern.,,,,,,,,,,,,,,,,
2026-08-08,TATCAP,305.9,🟡 HOLD,Sideways consolidation pattern.,,,,,,,,,,,,,,,,
2026-08-08,FEDBAN,356.25,🟢 ACCUMULATE,Healthy structural accumulation channel.,,,,,,,,,,,,,,,,
2026-08-08,HDFBAN,731.0,🔴 STRG SELL,Below 200 DMA structural breakdown.,,,,,,,,,,,,,,,,
2026-08-08,LGELEC,1523.9,🟡 HOLD,Sideways consolidation pattern.,,,,,,,,,,,,,,,,
2026-08-08,HDF250,,🟡 HOLD,Sideways consolidation pattern.,,,,,,,,,,,,,,,,
2026-08-08,ICIGOL,,🟡 HOLD,Sideways consolidation pattern.,,,,,,,,,,,,,,,,
2026-08-08,ICINIF,266.01,🟡 HOLD,Sideways consolidation pattern.,,,,,,,,,,,,,,,,
2026-08-08,ICIPSE,,🟡 HOLD,Sideways consolidation pattern.,,,,,,,,,,,,,,,,
2026-08-08,NIPNIT,,🟡 HOLD,Sideways consolidation pattern.,,,,,,,,,,,,,,,,
2026-08-08,BHAELE,401.0,🔴 STRG SELL,Below 200 DMA structural breakdown.,,,,,,,,,,,,,,,,
2026-08-08,TATGLO,1082.3,🔴 STRG SELL,Below 200 DMA structural breakdown.,,,,,,,,,,,,,,,,
2026-08-08,JIOFIN,256.8,🔴 STRG SELL,Below 200 DMA structural breakdown.,,,,,,,,,,,,,,,,
2026-08-08,WIPRO,187.53,🔴 STRG SELL,Below 200 DMA structural breakdown.,,,,,,,,,,,,,,,,
2026-08-08,ENGIND,240.6,🟢 ACCUMULATE,Healthy structural accumulation channel.,,,,,,,,,,,,,,,,
2026-08-08,LIC,394.0,🔴 STRG SELL,Below 200 DMA structural breakdown.,,,,,,,,,,,,,,,,
2026-08-08,MIR150,,🟡 HOLD,Sideways consolidation pattern.,,,,,,,,,,,,,,,,
2026-08-08,DRREDD,1172.0,🔴 STRG SELL,Below 200 DMA structural breakdown.,,,,,,,,,,,,,,,,
2026-08-08,SEQSCI,1003.8,🟡 HOLD,Sideways consolidation pattern.,,,,,,,,,,,,,,,,
2026-08-08,JSWENE,564.4,🟢 ACCUMULATE,Healthy structural accumulation channel.,,,,,,,,,,,,,,,,
2026-08-08,NHPC,76.92,🔴 STRG SELL,Below 200 DMA structural breakdown.,,,,,,,,,,,,,,,,
2026-08-08,NTPC,342.5,🔴 STRG SELL,Below 200 DMA structural breakdown.,,,,,,,,,,,,,,,,
2026-08-08,NTPGRE,91.5,🔴 STRG SELL,Below 200 DMA structural breakdown.,,,,,,,,,,,,,,,,
2026-08-08,SJVLIM,67.96,🔴 STRG SELL,Below 200 DMA structural breakdown.,,,,,,,,,,,,,,,,
2026-08-08,TATPOW,380.55,🔴 STRG SELL,Below 200 DMA structural breakdown.,,,,,,,,,,,,,,,,
2026-08-08,GAIL,173.63,🟢 ACCUMULATE,Healthy structural accumulation channel.,,,,,,,,,,,,,,,,
2026-08-08,GUJGA,401.15,🟡 HOLD,Sideways consolidation pattern.,,,,,,,,,,,,,,,,
2026-08-08,HINPET,,🟡 HOLD,Sideways consolidation pattern.,,,,,,,,,,,,,,,,
2026-08-08,ONGC,238.85,🔴 STRG SELL,Below 200 DMA structural breakdown.,,,,,,,,,,,,,,,,
2026-08-08,PETLNG,280.6,🟢 ACCUMULATE,Healthy structural accumulation channel.,,,,,,,,,,,,,,,,
2026-08-08,RELIND,1334.8,🔴 STRG SELL,Below 200 DMA structural breakdown.,,,,,,,,,,,,,,,,
2026-08-08,GUJPPL,151.63,🔴 STRG SELL,Below 200 DMA structural breakdown.,,,,,,,,,,,,,,,,
2026-08-08,IDECEL,12.73,🟡 HOLD,Sideways consolidation pattern.,,,,,,,,,,,,,,,,
2026-08-12,ASHLEY,174.83,🟡 HOLD,Sideways consolidation pattern.,,,,,,,,,,,,,,,,
2026-08-12,TATCAP,305.9,🟡 HOLD,Sideways consolidation pattern.,,,,,,,,,,,,,,,,
2026-08-12,FEDBAN,,🟡 HOLD,Sideways consolidation pattern.,,,,,,,,,,,,,,,,
2026-08-12,HDFBAN,729.0,🔴 STRG SELL,Below 200 DMA structural breakdown.,,,,,,,,,,,,,,,,
2026-08-12,LGELEC,1523.9,🟡 HOLD,Sideways consolidation pattern.,,,,,,,,,,,,,,,,
2026-08-12,HDF250,,🟡 HOLD,Sideways consolidation pattern.,,,,,,,,,,,,,,,,
2026-08-12,ICIGOL,,🟡 HOLD,Sideways consolidation pattern.,,,,,,,,,,,,,,,,
2026-08-12,ICINIF,266.01,🟡 HOLD,Sideways consolidation pattern.,,,,,,,,,,,,,,,,
2026-08-12,ICIPSE,,🟡 HOLD,Sideways consolidation pattern.,,,,,,,,,,,,,,,,
2026-08-12,NIPNIT,,🟡 HOLD,Sideways consolidation pattern.,,,,,,,,,,,,,,,,
2026-08-12,BHAELE,405.85,🔴 STRG SELL,Below 200 DMA structural breakdown.,,,,,,,,,,,,,,,,
2026-08-12,TATGLO,1078.0,🔴 STRG SELL,Below 200 DMA structural breakdown.,,,,,,,,,,,,,,,,
2026-08-12,JIOFIN,252.75,🔴 STRG SELL,Below 200 DMA structural breakdown.,,,,,,,,,,,,,,,,
2026-08-12,WIPRO,184.6,🔴 STRG SELL,Below 200 DMA structural breakdown.,,,,,,,,,,,,,,,,
2026-08-12,ENGIND,242.99,🟢 ACCUMULATE,Healthy structural accumulation channel.,,,,,,,,,,,,,,,,
2026-08-12,LIC,406.0,🔴 STRG SELL,Below 200 DMA structural breakdown.,,,,,,,,,,,,,,,,
2026-08-12,MIR150,,🟡 HOLD,Sideways consolidation pattern.,,,,,,,,,,,,,,,,
2026-08-12,DRREDD,1205.0,🔴 STRG SELL,Below 200 DMA structural breakdown.,,,,,,,,,,,,,,,,
2026-08-12,SEQSCI,1002.8,🟡 HOLD,Sideways consolidation pattern.,,,,,,,,,,,,,,,,
2026-08-12,JSWENE,563.0,🟢 ACCUMULATE,Healthy structural accumulation channel.,,,,,,,,,,,,,,,,
2026-08-12,NHPC,76.74,🔴 STRG SELL,Below 200 DMA structural breakdown.,,,,,,,,,,,,,,,,
2026-08-12,NTPC,338.45,🔴 STRG SELL,Below 200 DMA structural breakdown.,,,,,,,,,,,,,,,,
2026-08-12,NTPGRE,93.01,🔴 STRG SELL,Below 200 DMA structural breakdown.,,,,,,,,,,,,,,,,
2026-08-12,SJVLIM,67.24,🔴 STRG SELL,Below 200 DMA structural breakdown.,,,,,,,,,,,,,,,,
2026-08-12,TATPOW,380.0,🔴 STRG SELL,Below 200 DMA structural breakdown.,,,,,,,,,,,,,,,,
2026-08-12,GAIL,175.34,🟢 ACCUMULATE,Healthy structural accumulation channel.,,,,,,,,,,,,,,,,
2026-08-12,GUJGA,401.15,🟡 HOLD,Sideways consolidation pattern.,,,,,,,,,,,,,,,,
2026-08-12,HINPET,390.85,🔴 STRG SELL,Below 200 DMA structural breakdown.,,,,,,,,,,,,,,,,
2026-08-12,ONGC,239.45,🔴 STRG SELL,Below 200 DMA structural breakdown.,,,,,,,,,,,,,,,,
2026-08-12,PETLNG,277.0,🟡 HOLD,Sideways consolidation pattern.,,,,,,,,,,,,,,,,
2026-08-12,RELIND,1323.9,🔴 STRG SELL,Below 200 DMA structural breakdown.,,,,,,,,,,,,,,,,
2026-08-12,GUJPPL,148.13,🔴 STRG SELL,Below 200 DMA structural breakdown.,,,,,,,,,,,,,,,,
2026-08-12,IDECEL,12.89,🟡 HOLD,Sideways consolidation pattern.,,,,,,,,,,,,,,,,
2026-08-15,ASHLEY,171.64,🟡 HOLD,Sideways consolidation pattern.,,,,,,,,,,,,,,,,
2026-08-15,TATCAP,305.9,🟡 HOLD,Sideways consolidation pattern.,,,,,,,,,,,,,,,,
2026-08-15,FEDBAN,,🟡 HOLD,Sideways consolidation pattern.,,,,,,,,,,,,,,,,
2026-08-15,HDFBAN,727.0,🔴 STRG SELL,Below 200 DMA structural breakdown.,,,,,,,,,,,,,,,,
2026-08-15,LGELEC,1523.9,🟡 HOLD,Sideways consolidation pattern.,,,,,,,,,,,,,,,,
2026-08-15,HDF250,,🟡 HOLD,Sideways consolidation pattern.,,,,,,,,,,,,,,,,
2026-08-15,ICIGOL,,🟡 HOLD,Sideways consolidation pattern.,,,,,,,,,,,,,,,,
2026-08-15,ICINIF,266.01,🟡 HOLD,Sideways consolidation pattern.,,,,,,,,,,,,,,,,
2026-08-15,ICIPSE,,🟡 HOLD,Sideways consolidation pattern.,,,,,,,,,,,,,,,,
2026-08-15,NIPNIT,,🟡 HOLD,Sideways consolidation pattern.,,,,,,,,,,,,,,,,
2026-08-15,BHAELE,410.8,🔴 STRG SELL,Below 200 DMA structural breakdown.,,,,,,,,,,,,,,,,
2026-08-15,TATGLO,1079.5,🔴 STRG SELL,Below 200 DMA structural breakdown.,,,,,,,,,,,,,,,,
2026-08-15,JIOFIN,249.05,🔴 STRG SELL,Below 200 DMA structural breakdown.,,,,,,,,,,,,,,,,
2026-08-15,WIPRO,184.0,🔴 STRG SELL,Below 200 DMA structural breakdown.,,,,,,,,,,,,,,,,
2026-08-15,ENGIND,,🟡 HOLD,Sideways consolidation pattern.,,,,,,,,,,,,,,,,
2026-08-15,LIC,413.5,🟡 HOLD,Sideways consolidation pattern.,,,,,,,,,,,,,,,,
2026-08-15,MIR150,,🟡 HOLD,Sideways consolidation pattern.,,,,,,,,,,,,,,,,
2026-08-15,DRREDD,,🟡 HOLD / RISK,Weak operational efficiency ROE < 10%.,,,,,,,,,,,,,,,,
2026-08-15,SEQSCI,967.8,🟡 HOLD,Sideways consolidation pattern.,,,,,,,,,,,,,,,,
2026-08-15,JSWENE,560.0,🟡 HOLD,Sideways consolidation pattern.,,,,,,,,,,,,,,,,
2026-08-15,NHPC,76.9,🔴 STRG SELL,Below 200 DMA structural breakdown.,,,,,,,,,,,,,,,,
2026-08-15,NTPC,340.0,🔴 STRG SELL,Below 200 DMA structural breakdown.,,,,,,,,,,,,,,,,
2026-08-15,NTPGRE,91.93,🔴 STRG SELL,Below 200 DMA structural breakdown.,,,,,,,,,,,,,,,,
2026-08-15,SJVLIM,67.21,🔴 STRG SELL,Below 200 DMA structural breakdown.,,,,,,,,,,,,,,,,
2026-08-15,TATPOW,382.05,🔴 STRG SELL,Below 200 DMA structural breakdown.,,,,,,,,,,,,,,,,
2026-08-15,GAIL,174.9,🟢 ACCUMULATE,Healthy structural accumulation channel.,,,,,,,,,,,,,,,,
2026-08-15,GUJGA,401.15,🟡 HOLD,Sideways consolidation pattern.,,,,,,,,,,,,,,,,
2026-08-15,HINPET,373.5,🔴 STRG SELL,Below 200 DMA structural breakdown.,,,,,,,,,,,,,,,,
2026-08-15,ONGC,236.4,🔴 STRG SELL,Below 200 DMA structural breakdown.,,,,,,,,,,,,,,,,
2026-08-15,PETLNG,282.6,🟢 ACCUMULATE,Healthy structural accumulation channel.,,,,,,,,,,,,,,,,
2026-08-15,RELIND,1310.0,🔴 STRG SELL,Below 200 DMA structural breakdown.,,,,,,,,,,,,,,,,
2026-08-15,GUJPPL,158.68,🔴 STRG SELL,Below 200 DMA structural breakdown.,,,,,,,,,,,,,,,,
2026-08-15,IDECEL,14.11,🟢 ACCUMULATE,Healthy structural accumulation channel.,,,,,,,,,,,,,,,,
2026-08-19,ASHLEY,176.35,🟡 HOLD,Sideways consolidation pattern.,,,,,,,,,,,,,,,,
2026-08-19,TATCAP,305.9,🟡 HOLD,Sideways consolidation pattern.,,,,,,,,,,,,,,,,
2026-08-19,FEDBAN,,🟡 HOLD,Sideways consolidation pattern.,,,,,,,,,,,,,,,,
2026-08-19,HDFBAN,723.0,🔴 STRG SELL,Below 200 DMA structural breakdown.,,,,,,,,,,,,,,,,
2026-08-19,LGELEC,1523.9,🟡 HOLD,Sideways consolidation pattern.,,,,,,,,,,,,,,,,
2026-08-19,HDF250,,🟡 HOLD,Sideways consolidation pattern.,,,,,,,,,,,,,,,,
2026-08-19,ICIGOL,,🟡 HOLD,Sideways consolidation pattern.,,,,,,,,,,,,,,,,
2026-08-19,ICINIF,266.01,🟡 HOLD,Sideways consolidation pattern.,,,,,,,,,,,,,,,,
2026-08-19,ICIPSE,,🟡 HOLD,Sideways consolidation pattern.,,,,,,,,,,,,,,,,
2026-08-19,NIPNIT,,🟡 HOLD,Sideways consolidation pattern.,,,,,,,,,,,,,,,,
2026-08-19,BHAELE,412.0,🔴 STRG SELL,Below 200 DMA structural breakdown.,,,,,,,,,,,,,,,,
2026-08-19,TATGLO,1061.6,🔴 STRG SELL,Below 200 DMA structural breakdown.,,,,,,,,,,,,,,,,
2026-08-19,JIOFIN,245.8,🔴 STRG SELL,Below 200 DMA structural breakdown.,,,,,,,,,,,,,,,,
2026-08-19,WIPRO,178.06,🔴 STRG SELL,Below 200 DMA structural breakdown.,,,,,,,,,,,,,,,,
2026-08-19,ENGIND,244.78,🟢 ACCUMULATE,Healthy structural accumulation channel.,,,,,,,,,,,,,,,,
2026-08-19,LIC,410.0,🔴 STRG SELL,Below 200 DMA structural breakdown.,,,,,,,,,,,,,,,,
2026-08-19,MIR150,,🟡 HOLD,Sideways consolidation pattern.,,,,,,,,,,,,,,,,
2026-08-19,DRREDD,1178.8,🔴 STRG SELL,Below 200 DMA structural breakdown.,,,,,,,,,,,,,,,,
2026-08-19,SEQSCI,949.1,🟡 HOLD,Sideways consolidation pattern.,,,,,,,,,,,,,,,,
2026-08-19,JSWENE,548.1,🟡 HOLD,Sideways consolidation pattern.,,,,,,,,,,,,,,,,
2026-08-19,NHPC,76.73,🔴 STRG SELL,Below 200 DMA structural breakdown.,,,,,,,,,,,,,,,,
2026-08-19,NTPC,337.1,🔴 STRG SELL,Below 200 DMA structural breakdown.,,,,,,,,,,,,,,,,
2026-08-19,NTPGRE,,🟡 HOLD,Sideways consolidation pattern.,,,,,,,,,,,,,,,,
2026-08-19,SJVLIM,,🟡 HOLD,Sideways consolidation pattern.,,,,,,,,,,,,,,,,
2026-08-19,TATPOW,381.0,🔴 STRG SELL,Below 200 DMA structural breakdown.,,,,,,,,,,,,,,,,
2026-08-19,GAIL,173.5,🟡 HOLD,Sideways consolidation pattern.,,,,,,,,,,,,,,,,
2026-08-19,GUJGA,401.15,🟡 HOLD,Sideways consolidation pattern.,,,,,,,,,,,,,,,,
2026-08-19,HINPET,366.0,🔴 STRG SELL,Below 200 DMA structural breakdown.,,,,,,,,,,,,,,,,
2026-08-19,ONGC,239.5,🔴 STRG SELL,Below 200 DMA structural breakdown.,,,,,,,,,,,,,,,,
2026-08-19,PETLNG,286.25,🟢 ACCUMULATE,Healthy structural accumulation channel.,,,,,,,,,,,,,,,,
2026-08-19,RELIND,1322.0,🔴 STRG SELL,Below 200 DMA structural breakdown.,,,,,,,,,,,,,,,,
2026-08-19,GUJPPL,160.48,🔴 STRG SELL,Below 200 DMA structural breakdown.,,,,,,,,,,,,,,,,
2026-08-19,IDECEL,14.12,🟢 ACCUMULATE,Healthy structural accumulation channel.,,,,,,,,,,,,,,,,
2026-08-22,ASHLEY,173.0,🟡 HOLD,Sideways consolidation pattern.,,,,,,,,,,,,,,,,
2026-08-22,TATCAP,305.9,🟡 HOLD,Sideways consolidation pattern.,,,,,,,,,,,,,,,,
2026-08-22,FEDBAN,361.0,🟢 ACCUMULATE,Healthy structural accumulation channel.,,,,,,,,,,,,,,,,
2026-08-22,HDFBAN,726.95,🔴 STRG SELL,Below 200 DMA structural breakdown.,,,,,,,,,,,,,,,,
2026-08-22,LGELEC,1523.9,🟡 HOLD,Sideways consolidation pattern.,,,,,,,,,,,,,,,,
2026-08-22,HDF250,,🟡 HOLD,Sideways consolidation pattern.,,,,,,,,,,,,,,,,
2026-08-22,ICIGOL,,🟡 HOLD,Sideways consolidation pattern.,,,,,,,,,,,,,,,,
2026-08-22,ICINIF,266.01,🟡 HOLD,Sideways consolidation pattern.,,,,,,,,,,,,,,,,
2026-08-22,ICIPSE,,🟡 HOLD,Sideways consolidation pattern.,,,,,,,,,,,,,,,,
2026-08-22,NIPNIT,,🟡 HOLD,Sideways consolidation pattern.,,,,,,,,,,,,,,,,
2026-08-22,BHAELE,414.0,🔴 STRG SELL,Below 200 DMA structural breakdown.,,,,,,,,,,,,,,,,
2026-08-22,TATGLO,1049.0,🔴 STRG SELL,Below 200 DMA structural breakdown.,,,,,,,,,,,,,,,,
2026-08-22,JIOFIN,244.0,🔴 STRG SELL,Below 200 DMA structural breakdown.,,,,,,,,,,,,,,,,
2026-08-22,WIPRO,180.79,🔴 STRG SELL,Below 200 DMA structural breakdown.,,,,,,,,,,,,,,,,
2026-08-22,ENGIND,244.91,🟢 ACCUMULATE,Healthy structural accumulation channel.,,,,,,,,,,,,,,,,
2026-08-22,LIC,422.25,🟢 ACCUMULATE,Healthy structural accumulation channel.,,,,,,,,,,,,,,,,
2026-08-22,MIR150,,🟡 HOLD,Sideways consolidation pattern.,,,,,,,,,,,,,,,,
2026-08-22,DRREDD,1174.7,🔴 STRG SELL,Below 200 DMA structural breakdown.,,,,,,,,,,,,,,,,
2026-08-22,SEQSCI,,🟡 HOLD,Sideways consolidation pattern.,,,,,,,,,,,,,,,,
2026-08-22,JSWENE,544.95,🟡 HOLD,Sideways consolidation pattern.,,,,,,,,,,,,,,,,
2026-08-22,NHPC,76.15,🔴 STRG SELL,Below 200 DMA structural breakdown.,,,,,,,,,,,,,,,,
2026-08-22,NTPC,340.0,🔴 STRG SELL,Below 200 DMA structural breakdown.,,,,,,,,,,,,,,,,
2026-08-22,NTPGRE,91.43,🔴 STRG SELL,Below 200 DMA structural breakdown.,,,,,,,,,,,,,,,,
2026-08-22,SJVLIM,,🟡 HOLD,Sideways consolidation pattern.,,,,,,,,,,,,,,,,
2026-08-22,TATPOW,374.3,🔴 STRG SELL,Below 200 DMA structural breakdown.,,,,,,,,,,,,,,,,
2026-08-22,GAIL,172.0,🟡 HOLD,Sideways consolidation pattern.,,,,,,,,,,,,,,,,
2026-08-22,GUJGA,401.15,🟡 HOLD,Sideways consolidation pattern.,,,,,,,,,,,,,,,,
2026-08-22,HINPET,363.25,🔴 STRG SELL,Below 200 DMA structural breakdown.,,,,,,,,,,,,,,,,
2026-08-22,ONGC,236.4,🔴 STRG SELL,Below 200 DMA structural breakdown.,,,,,,,,,,,,,,,,
2026-08-22,PETLNG,,🟡 HOLD,Sideways consolidation pattern.,,,,,,,,,,,,,,,,
2026-08-22,RELIND,1316.0,🔴 STRG SELL,Below 200 DMA structural breakdown.,,,,,,,,,,,,,,,,
2026-08-22,GUJPPL,163.54,🔴 STRG SELL,Below 200 DMA structural breakdown.,,,,,,,,,,,,,,,,
2026-08-22,IDECEL,13.94,🟢 ACCUMULATE,Healthy structural accumulation channel.,,,,,,,,,,,,,,,,
2026-08-26,ASHLEY,174.69,🟡 HOLD,Sideways consolidation pattern.,,,,,,,,,,,,,,,,
2026-08-26,TATCAP,305.9,🟡 HOLD,Sideways consolidation pattern.,,,,,,,,,,,,,,,,
2026-08-26,FEDBAN,346.95,🟢 ACCUMULATE,Healthy structural accumulation channel.,,,,,,,,,,,,,,,,
2026-08-26,HDFBAN,727.5,🔴 STRG SELL,Below 200 DMA structural breakdown.,,,,,,,,,,,,,,,,
2026-08-26,LGELEC,1523.9,🟡 HOLD,Sideways consolidation pattern.,,,,,,,,,,,,,,,,
2026-08-26,HDF250,,🟡 HOLD,Sideways consolidation pattern.,,,,,,,,,,,,,,,,
2026-08-26,ICIGOL,,🟡 HOLD,Sideways consolidation pattern.,,,,,,,,,,,,,,,,
2026-08-26,ICINIF,266.01,🟡 HOLD,Sideways consolidation pattern.,,,,,,,,,,,,,,,,
2026-08-26,ICIPSE,,🟡 HOLD,Sideways consolidation pattern.,,,,,,,,,,,,,,,,
2026-08-26,NIPNIT,32.27,🟡 HOLD,Sideways consolidation pattern.,,,,,,,,,,,,,,,,
2026-08-26,BHAELE,413.25,🔴 STRG SELL,Below 200 DMA structural breakdown.,,,,,,,,,,,,,,,,
2026-08-26,TATGLO,1060.5,🔴 STRG SELL,Below 200 DMA structural breakdown.,,,,,,,,,,,,,,,,
2026-08-26,JIOFIN,243.15,🔴 STRG SELL,Below 200 DMA structural breakdown.,,,,,,,,,,,,,,,,
2026-08-26,WIPRO,180.09,🔴 STRG SELL,Below 200 DMA structural breakdown.,,,,,,,,,,,,,,,,
2026-08-26,ENGIND,250.38,🟢 ACCUMULATE,Healthy structural accumulation channel.,,,,,,,,,,,,,,,,
2026-08-26,LIC,424.0,🟢 ACCUMULATE,Healthy structural accumulation channel.,,,,,,,,,,,,,,,,
2026-08-26,MIR150,,🟡 HOLD,Sideways consolidation pattern.,,,,,,,,,,,,,,,,
2026-08-26,DRREDD,,🟡 HOLD / RISK,Weak operational efficiency ROE < 10%.,,,,,,,,,,,,,,,,
2026-08-26,SEQSCI,986.6,🟡 HOLD,Sideways consolidation pattern.,,,,,,,,,,,,,,,,
2026-08-26,JSWENE,548.4,🟡 HOLD,Sideways consolidation pattern.,,,,,,,,,,,,,,,,
2026-08-26,NHPC,76.62,🔴 STRG SELL,Below 200 DMA structural breakdown.,,,,,,,,,,,,,,,,
2026-08-26,NTPC,339.85,🔴 STRG SELL,Below 200 DMA structural breakdown.,,,,,,,,,,,,,,,,
2026-08-26,NTPGRE,91.65,🔴 STRG SELL,Below 200 DMA structural breakdown.,,,,,,,,,,,,,,,,
2026-08-26,SJVLIM,65.86,🔴 STRG SELL,Below 200 DMA structural breakdown.,,,,,,,,,,,,,,,,
2026-08-26,TATPOW,370.6,🔴 STRG SELL,Below 200 DMA structural breakdown.,,,,,,,,,,,,,,,,
2026-08-26,GAIL,175.5,🟢 ACCUMULATE,Healthy structural accumulation channel.,,,,,,,,,,,,,,,,
2026-08-26,GUJGA,401.15,🟡 HOLD,Sideways consolidation pattern.,,,,,,,,,,,,,,,,
2026-08-26,HINPET,373.2,🔴 STRG SELL,Below 200 DMA structural breakdown.,,,,,,,,,,,,,,,,
2026-08-26,ONGC,234.0,🔴 STRG SELL,Below 200 DMA structural breakdown.,,,,,,,,,,,,,,,,
2026-08-26,PETLNG,292.5,🟢 ACCUMULATE,Healthy structural accumulation channel.,,,,,,,,,,,,,,,,
2026-08-26,RELIND,1317.0,🔴 STRG SELL,Below 200 DMA structural breakdown.,,,,,,,,,,,,,,,,
2026-08-26,GUJPPL,,🟡 HOLD,Sideways consolidation pattern.,,,,,,,,,,,,,,,,
2026-08-26,IDECEL,15.19,🟢 ACCUMULATE,Healthy structural accumulation channel.,,,,,,,,,,,,,,,,
2026-08-29,ASHLEY,,🟡 HOLD,Sideways consolidation pattern.,,,,,,,,,,,,,,,,
2026-08-29,TATCAP,305.9,🟡 HOLD,Sideways consolidation pattern.,,,,,,,,,,,,,,,,
2026-08-29,FEDBAN,,🟡 HOLD,Sideways consolidation pattern.,,,,,,,,,,,,,,,,
2026-08-29,HDFBAN,,🟡 HOLD,Sideways consolidation pattern.,,,,,,,,,,,,,,,,
2026-08-29,LGELEC,1523.9,🟡 HOLD,Sideways consolidation pattern.,,,,,,,,,,,,,,,,
2026-08-29,HDF250,,🟡 HOLD,Sideways consolidation pattern.,,,,,,,,,,,,,,,,
2026-08-29,ICIGOL,,🟡 HOLD,Sideways consolidation pattern.,,,,,,,,,,,,,,,,
2026-08-29,ICINIF,266.01,🟡 HOLD,Sideways consolidation pattern.,,,,,,,,,,,,,,,,
2026-08-29,ICIPSE,,🟡 HOLD,Sideways consolidation pattern.,,,,,,,,,,,,,,,,
2026-08-29,NIPNIT,32.27,🟡 HOLD,Sideways consolidation pattern.,,,,,,,,,,,,,,,,
2026-08-29,BHAELE,,🟡 HOLD,Sideways consolidation pattern.,,,,,,,,,,,,,,,,
2026-08-29,TATGLO,,🟡 HOLD,Sideways consolidation pattern.,,,,,,,,,,,,,,,,
2026-08-29,JIOFIN,,🟡 HOLD,Sideways consolidation pattern.,,,,,,,,,,,,,,,,
2026-08-29,WIPRO,,🟡 HOLD,Sideways consolidation pattern.,,,,,,,,,,,,,,,,
2026-08-29,ENGIND,,🟡 HOLD,Sideways consolidation pattern.,,,,,,,,,,,,,,,,
2026-08-29,LIC,,🟡 HOLD,Sideways consolidation pattern.,,,,,,,,,,,,,,,,
2026-08-29,MIR150,,🟡 HOLD,Sideways consolidation pattern.,,,,,,,,,,,,,,,,
2026-08-29,DRREDD,,🟡 HOLD / RISK,Weak operational efficiency ROE < 10%.,,,,,,,,,,,,,,,,
2026-08-29,SEQSCI,,🟡 HOLD,Sideways consolidation pattern.,,,,,,,,,,,,,,,,
2026-08-29,JSWENE,,🟡 HOLD,Sideways consolidation pattern.,,,,,,,,,,,,,,,,
2026-08-29,NHPC,,🟡 HOLD,Sideways consolidation pattern.,,,,,,,,,,,,,,,,
2026-08-29,NTPC,,🟡 HOLD,Sideways consolidation pattern.,,,,,,,,,,,,,,,,
2026-08-29,NTPGRE,,🟡 HOLD,Sideways consolidation pattern.,,,,,,,,,,,,,,,,
2026-08-29,SJVLIM,,🟡 HOLD,Sideways consolidation pattern.,,,,,,,,,,,,,,,,
2026-08-29,TATPOW,,🟡 HOLD,Sideways consolidation pattern.,,,,,,,,,,,,,,,,
2026-08-29,GAIL,,🟡 HOLD,Sideways consolidation pattern.,,,,,,,,,,,,,,,,
2026-08-29,GUJGA,401.15,🟡 HOLD,Sideways consolidation pattern.,,,,,,,,,,,,,,,,
2026-08-29,HINPET,,🟡 HOLD,Sideways consolidation pattern.,,,,,,,,,,,,,,,,
2026-08-29,ONGC,,🟡 HOLD,Sideways consolidation pattern.,,,,,,,,,,,,,,,,
2026-08-29,PETLNG,,🟡 HOLD,Sideways consolidation pattern.,,,,,,,,,,,,,,,,
2026-08-29,RELIND,,🟡 HOLD,Sideways consolidation pattern.,,,,,,,,,,,,,,,,
2026-08-29,GUJPPL,,🟡 HOLD,Sideways consolidation pattern.,,,,,,,,,,,,,,,,
2026-08-29,IDECEL,,🟡 HOLD,Sideways consolidation pattern.,,,,,,,,,,,,,,,,
2026-09-02,ASHLEY,170.53,🟡 HOLD,Sideways consolidation pattern.,,,,,,,,,,,,,,,,
2026-09-02,TATCAP,305.9,🟡 HOLD,Sideways consolidation pattern.,,,,,,,,,,,,,,,,
2026-09-02,FEDBAN,349.25,🟢 ACCUMULATE,Healthy structural accumulation channel.,,,,,,,,,,,,,,,,
2026-09-02,HDFBAN,711.9,🔴 STRG SELL,Below 200 DMA structural breakdown.,,,,,,,,,,,,,,,,
2026-09-02,LGELEC,1523.9,🟡 HOLD,Sideways consolidation pattern.,,,,,,,,,,,,,,,,
2026-09-02,HDF250,,🟡 HOLD,Sideways consolidation pattern.,,,,,,,,,,,,,,,,
2026-09-02,ICIGOL,,🟡 HOLD,Sideways consolidation pattern.,,,,,,,,,,,,,,,,
2026-09-02,ICINIF,266.01,🟡 HOLD,Sideways consolidation pattern.,,,,,,,,,,,,,,,,
2026-09-02,ICIPSE,,🟡 HOLD,Sideways consolidation pattern.,,,,,,,,,,,,,,,,
2026-09-02,NIPNIT,32.27,🟡 HOLD,Sideways consolidation pattern.,,,,,,,,,,,,,,,,
2026-09-02,BHAELE,411.2,🔴 STRG SELL,Below 200 DMA structural breakdown.,,,,,,,,,,,,,,,,
2026-09-02,TATGLO,1030.5,🔴 STRG SELL,Below 200 DMA structural breakdown.,,,,,,,,,,,,,,,,
2026-09-02,JIOFIN,235.85,🔴 STRG SELL,Below 200 DMA structural breakdown.,,,,,,,,,,,,,,,,
2026-09-02,WIPRO,181.7,🔴 STRG SELL,Below 200 DMA structural breakdown.,,,,,,,,,,,,,,,,
2026-09-02,ENGIND,280.05,🟢 ACCUMULATE,Healthy structural accumulation channel.,,,,,,,,,,,,,,,,
2026-09-02,LIC,412.15,🟡 HOLD,Sideways consolidation pattern.,,,,,,,,,,,,,,,,
2026-09-02,MIR150,,🟡 HOLD,Sideways consolidation pattern.,,,,,,,,,,,,,,,,
2026-09-02,DRREDD,1171.0,🔴 STRG SELL,Below 200 DMA structural breakdown.,,,,,,,,,,,,,,,,
2026-09-02,SEQSCI,,🟡 HOLD,Sideways consolidation pattern.,,,,,,,,,,,,,,,,
2026-09-02,JSWENE,518.0,🔴 STRG SELL,Below 200 DMA structural breakdown.,,,,,,,,,,,,,,,,
2026-09-02,NHPC,76.3,🔴 STRG SELL,Below 200 DMA structural breakdown.,,,,,,,,,,,,,,,,
2026-09-02,NTPC,324.0,🔴 STRG SELL,Below 200 DMA structural breakdown.,,,,,,,,,,,,,,,,
2026-09-02,NTPGRE,89.21,🔴 STRG SELL,Below 200 DMA structural breakdown.,,,,,,,,,,,,,,,,
2026-09-02,SJVLIM,,🟡 HOLD,Sideways consolidation pattern.,,,,,,,,,,,,,,,,
2026-09-02,TATPOW,350.55,🔴 STRG SELL,Below 200 DMA structural breakdown.,,,,,,,,,,,,,,,,
2026-09-02,GAIL,172.19,🟡 HOLD,Sideways consolidation pattern.,,,,,,,,,,,,,,,,
2026-09-02,GUJGA,401.15,🟡 HOLD,Sideways consolidation pattern.,,,,,,,,,,,,,,,,
2026-09-02,HINPET,363.1,🔴 STRG SELL,Below 200 DMA structural breakdown.,,,,,,,,,,,,,,,,
2026-09-02,ONGC,236.45,🔴 STRG SELL,Below 200 DMA structural breakdown.,,,,,,,,,,,,,,,,
2026-09-02,PETLNG,292.3,🟢 ACCUMULATE,Healthy structural accumulation channel.,,,,,,,,,,,,,,,,
2026-09-02,RELIND,1309.0,🔴 STRG SELL,Below 200 DMA structural breakdown.,,,,,,,,,,,,,,,,
2026-09-02,GUJPPL,164.02,🟡 HOLD,Sideways consolidation pattern.,,,,,,,,,,,,,,,,
2026-09-02,IDECEL,14.06,🟢 ACCUMULATE,Healthy structural accumulation channel.,,,,,,,,,,,,,,,,
2026-09-05,ASHLEY,169.0,🔴 STRG SELL,Below 200 DMA structural breakdown.,,,,,,,,,,,,,,,,
2026-09-05,TATCAP,305.9,🟡 HOLD,Sideways consolidation pattern.,,,,,,,,,,,,,,,,
2026-09-05,FEDBAN,343.0,🟡 HOLD,Sideways consolidation pattern.,,,,,,,,,,,,,,,,
2026-09-05,HDFBAN,712.1,🔴 STRG SELL,Below 200 DMA structural breakdown.,,,,,,,,,,,,,,,,
2026-09-05,LGELEC,1523.9,🟡 HOLD,Sideways consolidation pattern.,,,,,,,,,,,,,,,,
2026-09-05,HDF250,,🟡 HOLD,Sideways consolidation pattern.,,,,,,,,,,,,,,,,
2026-09-05,ICIGOL,,🟡 HOLD,Sideways consolidation pattern.,,,,,,,,,,,,,,,,
2026-09-05,ICINIF,266.01,🟡 HOLD,Sideways consolidation pattern.,,,,,,,,,,,,,,,,
2026-09-05,ICIPSE,,🟡 HOLD,Sideways consolidation pattern.,,,,,,,,,,,,,,,,
2026-09-05,NIPNIT,32.27,🟡 HOLD,Sideways consolidation pattern.,,,,,,,,,,,,,,,,
2026-09-05,BHAELE,405.35,🔴 STRG SELL,Below 200 DMA structural breakdown.,,,,,,,,,,,,,,,,
2026-09-05,TATGLO,1010.0,🔴 STRG SELL,Below 200 DMA structural breakdown.,,,,,,,,,,,,,,,,
2026-09-05,JIOFIN,239.5,🔴 STRG SELL,Below 200 DMA structural breakdown.,,,,,,,,,,,,,,,,
2026-09-05,WIPRO,176.4,🔴 STRG SELL,Below 200 DMA structural breakdown.,,,,,,,,,,,,,,,,
2026-09-05,ENGIND,,🟡 HOLD,Sideways consolidation pattern.,,,,,,,,,,,,,,,,
2026-09-05,LIC,415.35,🟡 HOLD,Sideways consolidation pattern.,,,,,,,,,,,,,,,,
2026-09-05,MIR150,,🟡 HOLD,Sideways consolidation pattern.,,,,,,,,,,,,,,,,
2026-09-05,DRREDD,,🟡 HOLD / RISK,Weak operational efficiency ROE < 10%.,,,,,,,,,,,,,,,,
2026-09-05,SEQSCI,1059.6,🟢 ACCUMULATE,Healthy structural accumulation channel.,,,,,,,,,,,,,,,,
2026-09-05,JSWENE,539.85,🟡 HOLD,Sideways consolidation pattern.,,,,,,,,,,,,,,,,
2026-09-05,NHPC,76.25,🔴 STRG SELL,Below 200 DMA structural breakdown.,,,,,,,,,,,,,,,,
2026-09-05,NTPC,332.5,🔴 STRG SELL,Below 200 DMA structural breakdown.,,,,,,,,,,,,,,,,
2026-09-05,NTPGRE,89.36,🔴 STRG SELL,Below 200 DMA structural breakdown.,,,,,,,,,,,,,,,,
2026-09-05,SJVLIM,65.23,🔴 STRG SELL,Below 200 DMA structural breakdown.,,,,,,,,,,,,,,,,
2026-09-05,TATPOW,368.0,🔴 STRG SELL,Below 200 DMA structural breakdown.,,,,,,,,,,,,,,,,
2026-09-05,GAIL,173.4,🟢 ACCUMULATE,Healthy structural accumulation channel.,,,,,,,,,,,,,,,,
2026-09-05,GUJGA,401.15,🟡 HOLD,Sideways consolidation pattern.,,,,,,,,,,,,,,,,
2026-09-05,HINPET,356.5,🔴 STRG SELL,Below 200 DMA structural breakdown.,,,,,,,,,,,,,,,,
2026-09-05,ONGC,234.65,🔴 STRG SELL,Below 200 DMA structural breakdown.,,,,,,,,,,,,,,,,
2026-09-05,PETLNG,288.1,🟢 ACCUMULATE,Healthy structural accumulation channel.,,,,,,,,,,,,,,,,
2026-09-05,RELIND,1322.0,🔴 STRG SELL,Below 200 DMA structural breakdown.,,,,,,,,,,,,,,,,
2026-09-05,GUJPPL,161.62,🟡 HOLD,Sideways consolidation pattern.,,,,,,,,,,,,,,,,
2026-09-05,IDECEL,15.02,🟢 ACCUMULATE,Healthy structural accumulation channel.,,,,,,,,,,,,,,,,
2026-09-09,ASHLEY,169.0,🔴 STRG SELL,Below 200 DMA structural breakdown.,,,,,,,,,,,,,,,,
2026-09-09,TATCAP,305.9,🟡 HOLD,Sideways consolidation pattern.,,,,,,,,,,,,,,,,
2026-09-09,FEDBAN,344.15,🟡 HOLD,Sideways consolidation pattern.,,,,,,,,,,,,,,,,
2026-09-09,HDFBAN,703.0,🔴 STRG SELL,Below 200 DMA structural breakdown.,,,,,,,,,,,,,,,,
2026-09-09,LGELEC,1523.9,🟡 HOLD,Sideways consolidation pattern.,,,,,,,,,,,,,,,,
2026-09-09,HDF250,,🟡 HOLD,Sideways consolidation pattern.,,,,,,,,,,,,,,,,
2026-09-09,ICIGOL,,🟡 HOLD,Sideways consolidation pattern.,,,,,,,,,,,,,,,,
2026-09-09,ICINIF,266.01,🟡 HOLD,Sideways consolidation pattern.,,,,,,,,,,,,,,,,
2026-09-09,ICIPSE,,🟡 HOLD,Sideways consolidation pattern.,,,,,,,,,,,,,,,,
2026-09-09,NIPNIT,32.27,🟡 HOLD,Sideways consolidation pattern.,,,,,,,,,,,,,,,,
2026-09-09,BHAELE,410.55,🔴 STRG SELL,Below 200 DMA structural breakdown.,,,,,,,,,,,,,,,,
2026-09-09,TATGLO,1014.1,🔴 STRG SELL,Below 200 DMA structural breakdown.,,,,,,,,,,,,,,,,
2026-09-09,JIOFIN,233.15,🔴 STRG SELL,Below 200 DMA structural breakdown.,,,,,,,,,,,,,,,,
2026-09-09,WIPRO,171.5,🔴 STRG SELL,Below 200 DMA structural breakdown.,,,,,,,,,,,,,,,,
2026-09-09,ENGIND,279.2,🟢 ACCUMULATE,Healthy structural accumulation channel.,,,,,,,,,,,,,,,,
2026-09-09,LIC,410.75,🟡 HOLD,Sideways consolidation pattern.,,,,,,,,,,,,,,,,
2026-09-09,MIR150,,🟡 HOLD,Sideways consolidation pattern.,,,,,,,,,,,,,,,,
2026-09-09,DRREDD,1151.0,🔴 STRG SELL,Below 200 DMA structural breakdown.,,,,,,,,,,,,,,,,
2026-09-09,SEQSCI,1187.4,🟢 ACCUMULATE,Healthy structural accumulation channel.,,,,,,,,,,,,,,,,
2026-09-09,JSWENE,,🟡 HOLD,Sideways consolidation pattern.,,,,,,,,,,,,,,,,
2026-09-09,NHPC,75.9,🔴 STRG SELL,Below 200 DMA structural breakdown.,,,,,,,,,,,,,,,,
2026-09-09,NTPC,330.8,🔴 STRG SELL,Below 200 DMA structural breakdown.,,,,,,,,,,,,,,,,
2026-09-09,NTPGRE,88.44,🔴 STRG SELL,Below 200 DMA structural breakdown.,,,,,,,,,,,,,,,,
2026-09-09,SJVLIM,65.87,🔴 STRG SELL,Below 200 DMA structural breakdown.,,,,,,,,,,,,,,,,
2026-09-09,TATPOW,365.55,🔴 STRG SELL,Below 200 DMA structural breakdown.,,,,,,,,,,,,,,,,
2026-09-09,GAIL,175.09,🟢 ACCUMULATE,Healthy structural accumulation channel.,,,,,,,,,,,,,,,,
2026-09-09,GUJGA,401.15,🟡 HOLD,Sideways consolidation pattern.,,,,,,,,,,,,,,,,
2026-09-09,HINPET,347.0,🔴 STRG SELL,Below 200 DMA structural breakdown.,,,,,,,,,,,,,,,,
2026-09-09,ONGC,236.0,🔴 STRG SELL,Below 200 DMA structural breakdown.,,,,,,,,,,,,,,,,
2026-09-09,PETLNG,285.8,🟢 ACCUMULATE,Healthy structural accumulation channel.,,,,,,,,,,,,,,,,
2026-09-09,RELIND,1294.9,🔴 STRG SELL,Below 200 DMA structural breakdown.,,,,,,,,,,,,,,,,
2026-09-09,GUJPPL,160.58,🟡 HOLD,Sideways consolidation pattern.,,,,,,,,,,,,,,,,
2026-09-09,IDECEL,15.42,🟢 ACCUMULATE,Healthy structural accumulation channel.,,,,,,,,,,,,,,,,
2026-09-21,ASHLEY,161.75,🔴 STRG SELL,Below 200 DMA structural breakdown.,2026-09-21 18:39:54 IST,161.75,166.67,169.96,,2.52,Auto,BEARISH,,,,,,,,
2026-09-21,TATCAP,343.7,🟡 HOLD / REVIEW,ROE unavailable — verify fundamentals manually.,2026-09-21 18:39:54 IST,343.7,361.25,339.94,,2.15,Financial Services,NEUTRAL,,,,,,,,
2026-09-21,FEDBAN,332.0,🟡 HOLD / REVIEW,ROE unavailable — verify fundamentals manually.,2026-09-21 18:39:54 IST,332.0,349.06,301.46,,2.12,Banking,NEUTRAL,,,,,,,,
2026-09-21,HDFBAN,739.5,🔴 STRG SELL,Below 200 DMA structural breakdown.,2026-09-21 18:39:54 IST,739.5,734.17,813.47,0.1384,14.81,Banking,BEARISH,,,,,,,,
2026-09-21,LGELEC,1656.3,🟡 HOLD / REVIEW,ROE unavailable — verify fundamentals manually.,2026-09-21 18:39:54 IST,1656.3,1609.98,1545.08,,3.03,Consumer Electronics,BULLISH,,,,,,,,
2026-09-21,HDF250,184.23,🟡 HOLD / REVIEW,ROE unavailable — verify fundamentals manually.,2026-09-21 18:39:54 IST,184.23,183.64,169.68,,0.24,Other ETFs/Misc,BULLISH,,,,,,,,
2026-09-21,ICIGOL,130.01,🟡 HOLD / REVIEW,ROE unavailable — verify fundamentals manually.,2026-09-21 18:39:54 IST,130.01,127.77,126.79,,5.09,Other ETFs/Misc,BULLISH,,,,,,,,
2026-09-21,ICINIF,,⚪ NO DATA,Could not evaluate (no data) — verify manually.,2026-09-21 18:39:54 IST,,,,,1.47,Other ETFs/Misc,NO_DATA,,,,,,,,
2026-09-21,ICIPSE,232.0,🔴 STRG SELL,Below 200 DMA structural breakdown.,2026-09-21 18:39:54 IST,232.0,227.16,239.54,,7.69,Other ETFs/Misc,BEARISH,,,,,,,,
2026-09-21,NIPNIT,32.12,🔴 STRG SELL,Below 200 DMA structural breakdown.,2026-09-21 18:39:54 IST,32.12,33.48,34.95,,0.18,IT,BEARISH,,,,,,,,
2026-09-21,BHAELE,398.5,🔴 STRG SELL,Below 200 DMA structural breakdown.,2026-09-21 18:39:54 IST,398.5,403.46,417.33,,5.03,Defense,BEARISH,,,,,,,,
2026-09-21,TATGLO,1000.6,🔴 STRG SELL,Below 200 DMA structural breakdown.,2026-09-21 18:39:54 IST,1000.6,1057.08,1114.7,,5.41,Consumption,BEARISH,,,,,,,,
2026-09-21,JIOFIN,229.97,🔴 STRG SELL,Below 200 DMA structural breakdown.,2026-09-21 18:39:54 IST,229.97,241.49,250.88,,1.94,Financial Services,BEARISH,,,,,,,,
2026-09-21,WIPRO,164.55,🔴 STRG SELL,Below 200 DMA structural breakdown.,2026-09-21 18:39:54 IST,164.55,177.5,201.26,0.1613,6.88,IT,BEARISH,,,,,,,,
2026-09-21,ENGIND,285.25,🟡 HOLD / REVIEW,ROE unavailable — verify fundamentals manually.,2026-09-21 18:39:54 IST,285.25,247.54,223.06,,0.74,Infrastructure,BULLISH,,,,,,,,
2026-09-21,LIC,400.0,🔴 STRG SELL,Below 200 DMA structural breakdown.,2026-09-21 18:39:54 IST,400.0,414.29,407.57,,5.04,Insurance,BEARISH,,,,,,,,
2026-09-21,MIR150,23.34,🟡 HOLD / REVIEW,ROE unavailable — verify fundamentals manually.,2026-09-21 18:39:54 IST,23.34,23.67,22.67,,0.25,Other ETFs/Misc,NEUTRAL,,,,,,,,
2026-09-21,DRREDD,1198.3,🔴 STRG SELL,Below 200 DMA structural breakdown.,2026-09-21 18:39:54 IST,1198.3,1175.31,1243.52,0.0884,1.2,Pharma,BEARISH,,,,,,,,
2026-09-21,SEQSCI,251.65,🟡 HOLD / REVIEW,ROE unavailable — verify fundamentals manually.,2026-09-21 18:39:54 IST,251.65,262.22,231.23,,0.4,Pharma,NEUTRAL,,,,,,,,
2026-09-21,JSWENE,517.0,🔴 STRG SELL,Below 200 DMA structural breakdown.,2026-09-21 18:39:54 IST,517.0,544.54,522.69,,4.92,Power,BEARISH,,,,,,,,
2026-09-21,NHPC,75.8,🔴 STRG SELL,Below 200 DMA structural breakdown.,2026-09-21 18:39:54 IST,75.8,77.3,77.35,,0.66,Power,BEARISH,,,,,,,,
2026-09-21,NTPC,326.4,🔴 STRG SELL,Below 200 DMA structural breakdown.,2026-09-21 18:39:54 IST,326.4,335.97,354.29,,0.71,Power,BEARISH,,,,,,,,
2026-09-21,NTPGRE,91.26,🔴 STRG SELL,Below 200 DMA structural breakdown.,2026-09-21 18:39:54 IST,91.26,90.87,95.27,,2.19,Power,BEARISH,,,,,,,,
2026-09-21,SJVLIM,63.35,🔴 STRG SELL,Below 200 DMA structural breakdown.,2026-09-21 18:39:54 IST,63.35,66.68,71.49,,0.77,Power,BEARISH,,,,,,,,
2026-09-21,TATPOW,367.15,🔴 STRG SELL,Below 200 DMA structural breakdown.,2026-09-21 18:39:54 IST,367.15,372.62,385.64,,0.52,Power,BEARISH,,,,,,,,
2026-09-21,GAIL,172.61,🟡 HOLD / REVIEW,ROE unavailable — verify fundamentals manually.,2026-09-21 18:39:54 IST,172.61,173.46,164.61,,1.54,Oil & Gas,NEUTRAL,,,,,,,,
2026-09-21,GUJGA,,⚪ NO DATA,Could not evaluate (no data) — verify manually.,2026-09-21 18:39:54 IST,,,,,0.43,Oil & Gas,NO_DATA,,,,,,,,
2026-09-21,HINPET,357.6,🔴 STRG SELL,Below 200 DMA structural breakdown.,2026-09-21 18:39:54 IST,357.6,366.97,383.28,,0.84,Oil & Gas,BEARISH,,,,,,,,
2026-09-21,ONGC,235.63,🔴 STRG SELL,Below 200 DMA structural breakdown.,2026-09-21 18:39:54 IST,235.63,238.26,254.72,,1.58,Oil & Gas,BEARISH,,,,,,,,
2026-09-21,PETLNG,287.5,🟡 HOLD / REVIEW,ROE unavailable — verify fundamentals manually.,2026-09-21 18:39:54 IST,287.5,283.8,278.87,,0.58,Oil & Gas,BULLISH,,,,,,,,
2026-09-21,RELIND,1247.4,🔴 STRG SELL,Below 200 DMA structural breakdown.,2026-09-21 18:39:54 IST,1247.4,1294.41,1369.35,,15.37,Oil & Gas,BEARISH,,,,,,,,
2026-09-21,GUJPPL,164.99,🟡 HOLD / REVIEW,ROE unavailable — verify fundamentals manually.,2026-09-21 18:39:54 IST,164.99,154.06,158.38,,0.48,Infrastructure,NEUTRAL,,,,,,,,
2026-09-21,IDECEL,13.84,🟡 HOLD / REVIEW,ROE unavailable — verify fundamentals manually.,2026-09-21 18:39:54 IST,13.84,13.92,12.17,,3.21,Telecom,NEUTRAL,,,,,,,,
2026-09-22,ASHLEY,160.65,🔴 STRG SELL,Below 200 DMA structural breakdown.,2026-09-22 14:19:21 IST,160.65,166.78,169.97,,2.52,Auto,BEARISH,,,,,,,,
2026-09-22,TATCAP,342.0,🟡 HOLD / REVIEW,ROE unavailable — verify fundamentals manually.,2026-09-22 14:19:21 IST,342.0,360.98,340.03,,2.15,Financial Services,NEUTRAL,,,,,,,,
2026-09-22,FEDBAN,327.65,🟡 HOLD / REVIEW,ROE unavailable — verify fundamentals manually.,2026-09-22 14:19:21 IST,327.65,349.09,301.81,,2.12,Banking,NEUTRAL,,,,,,,,
2026-09-22,HDFBAN,744.0,🔴 STRG SELL,Below 200 DMA structural breakdown.,2026-09-22 14:19:21 IST,744.0,732.86,812.26,0.1384,14.81,Banking,BEARISH,,,,,,,,
2026-09-22,LGELEC,1661.5,🟡 HOLD / REVIEW,ROE unavailable — verify fundamentals manually.,2026-09-22 14:19:21 IST,1661.5,1612.67,1545.4,,3.03,Consumer Electronics,BULLISH,,,,,,,,
2026-09-22,HDF250,184.39,🟡 HOLD / REVIEW,ROE unavailable — verify fundamentals manually.,2026-09-22 14:19:21 IST,184.39,183.64,169.68,,0.24,Other ETFs/Misc,BULLISH,,,,,,,,
2026-09-22,ICIGOL,129.48,🟡 HOLD / REVIEW,ROE unavailable — verify fundamentals manually.,2026-09-22 14:19:21 IST,129.48,127.94,126.89,,5.09,Other ETFs/Misc,BULLISH,,,,,,,,
2026-09-22,ICINIF,,⚪ NO DATA,Could not evaluate (no data) — verify manually.,2026-09-22 14:19:21 IST,,,,,1.47,Other ETFs/Misc,NO_DATA,,,,,,,,
2026-09-22,ICIPSE,229.86,🔴 STRG SELL,Below 200 DMA structural breakdown.,2026-09-22 14:19:21 IST,229.86,227.12,239.53,,7.69,Other ETFs/Misc,BEARISH,,,,,,,,
2026-09-22,NIPNIT,31.89,🔴 STRG SELL,Below 200 DMA structural breakdown.,2026-09-22 14:19:21 IST,31.89,33.48,34.95,,0.18,IT,BEARISH,,,,,,,,
2026-09-22,BHAELE,396.65,🔴 STRG SELL,Below 200 DMA structural breakdown.,2026-09-22 14:19:21 IST,396.65,403.2,417.29,,5.03,Defense,BEARISH,,,,,,,,
2026-09-22,TATGLO,990.0,🔴 STRG SELL,Below 200 DMA structural breakdown.,2026-09-22 14:19:21 IST,990.0,1054.93,1113.88,,5.41,Consumption,BEARISH,,,,,,,,
2026-09-22,JIOFIN,230.2,🔴 STRG SELL,Below 200 DMA structural breakdown.,2026-09-22 14:19:21 IST,230.2,241.39,250.51,,1.94,Financial Services,BEARISH,,,,,,,,
2026-09-22,WIPRO,165.35,🔴 STRG SELL,Below 200 DMA structural breakdown.,2026-09-22 14:19:21 IST,165.35,177.31,200.83,0.1613,6.88,IT,BEARISH,,,,,,,,
2026-09-22,ENGIND,298.6,🟡 HOLD / REVIEW,ROE unavailable — verify fundamentals manually.,2026-09-22 14:19:21 IST,298.6,248.94,223.55,,0.74,Infrastructure,BULLISH,,,,,,,,
2026-09-22,LIC,403.05,🔴 STRG SELL,Below 200 DMA structural breakdown.,2026-09-22 14:19:21 IST,403.05,413.64,407.46,,5.04,Insurance,BEARISH,,,,,,,,
2026-09-22,MIR150,23.35,🟡 HOLD / REVIEW,ROE unavailable — verify fundamentals manually.,2026-09-22 14:19:21 IST,23.35,23.66,22.68,,0.25,Other ETFs/Misc,NEUTRAL,,,,,,,,
2026-09-22,DRREDD,1213.0,🔴 STRG SELL,Below 200 DMA structural breakdown.,2026-09-22 14:19:21 IST,1213.0,1174.65,1243.25,0.0884,1.2,Pharma,BEARISH,,,,,,,,
2026-09-22,SEQSCI,252.25,🟡 HOLD / REVIEW,ROE unavailable — verify fundamentals manually.,2026-09-22 14:19:21 IST,252.25,261.69,231.5,,0.4,Pharma,NEUTRAL,,,,,,,,
2026-09-22,JSWENE,520.75,🔴 STRG SELL,Below 200 DMA structural breakdown.,2026-09-22 14:19:21 IST,520.75,543.81,522.99,,4.92,Power,BEARISH,,,,,,,,
2026-09-22,NHPC,76.08,🔴 STRG SELL,Below 200 DMA structural breakdown.,2026-09-22 14:19:21 IST,76.08,77.25,77.36,,0.66,Power,BEARISH,,,,,,,,
2026-09-22,NTPC,327.85,🔴 STRG SELL,Below 200 DMA structural breakdown.,2026-09-22 14:19:21 IST,327.85,335.64,354.34,,0.71,Power,BEARISH,,,,,,,,
2026-09-22,NTPGRE,94.02,🔴 STRG SELL,Below 200 DMA structural breakdown.,2026-09-22 14:19:21 IST,94.02,90.87,95.29,,2.19,Power,BEARISH,,,,,,,,
2026-09-22,SJVLIM,63.07,🔴 STRG SELL,Below 200 DMA structural breakdown.,2026-09-22 14:19:21 IST,63.07,66.54,71.44,,0.77,Power,BEARISH,,,,,,,,
2026-09-22,TATPOW,368.35,🔴 STRG SELL,Below 200 DMA structural breakdown.,2026-09-22 14:19:21 IST,368.35,372.43,385.58,,0.52,Power,BEARISH,,,,,,,,
2026-09-22,GAIL,171.75,🟡 HOLD / REVIEW,ROE unavailable — verify fundamentals manually.,2026-09-22 14:19:21 IST,171.75,173.47,164.64,,1.54,Oil & Gas,NEUTRAL,,,,,,,,
2026-09-22,GUJGA,,⚪ NO DATA,Could not evaluate (no data) — verify manually.,2026-09-22 14:19:21 IST,,,,,0.43,Oil & Gas,NO_DATA,,,,,,,,
2026-09-22,HINPET,357.25,🔴 STRG SELL,Below 200 DMA structural breakdown.,2026-09-22 14:19:21 IST,357.25,366.77,382.92,,0.84,Oil & Gas,BEARISH,,,,,,,,
2026-09-22,ONGC,236.02,🔴 STRG SELL,Below 200 DMA structural breakdown.,2026-09-22 14:19:21 IST,236.02,238.03,254.73,,1.58,Oil & Gas,BEARISH,,,,,,,,
2026-09-22,PETLNG,281.55,🟡 HOLD / REVIEW,ROE unavailable — verify fundamentals manually.,2026-09-22 14:19:21 IST,281.55,283.91,278.92,,0.58,Oil & Gas,NEUTRAL,,,,,,,,
2026-09-22,RELIND,1243.9,🔴 STRG SELL,Below 200 DMA structural breakdown.,2026-09-22 14:19:21 IST,1243.9,1293.42,1367.9,,15.37,Oil & Gas,BEARISH,,,,,,,,
2026-09-22,GUJPPL,164.74,🟡 HOLD / REVIEW,ROE unavailable — verify fundamentals manually.,2026-09-22 14:19:21 IST,164.74,154.42,158.32,,0.48,Infrastructure,NEUTRAL,,,,,,,,
2026-09-22,IDECEL,14.11,🟡 HOLD / REVIEW,ROE unavailable — verify fundamentals manually.,2026-09-22 14:19:21 IST,14.11,13.93,12.18,,3.21,Telecom,BULLISH,,,,,,,,
2026-09-22,ASHLEY,160.75,🔴 STRG SELL,Below 200 DMA structural breakdown.,2026-09-22 17:34:42 IST,160.75,166.78,169.97,,2.52,Auto,BEARISH,,,,,,,,
2026-09-22,TATCAP,341.1,🟡 HOLD / REVIEW,ROE unavailable — verify fundamentals manually.,2026-09-22 17:34:42 IST,341.1,360.97,340.02,,2.15,Financial Services,NEUTRAL,,,,,,,,
2026-09-22,FEDBAN,327.0,🟡 HOLD / REVIEW,ROE unavailable — verify fundamentals manually.,2026-09-22 17:34:42 IST,327.0,349.07,301.81,,2.12,Banking,NEUTRAL,,,,,,,,
2026-09-22,HDFBAN,738.6,🔴 STRG SELL,Below 200 DMA structural breakdown.,2026-09-22 17:34:42 IST,738.6,732.75,812.23,0.1384,14.81,Banking,BEARISH,,,,,,,,
2026-09-22,LGELEC,1663.7,🟡 HOLD / REVIEW,ROE unavailable — verify fundamentals manually.,2026-09-22 17:34:42 IST,1663.7,1612.71,1545.41,,3.03,Consumer Electronics,BULLISH,,,,,,,,
2026-09-22,HDF250,183.98,🟡 HOLD / REVIEW,ROE unavailable — verify fundamentals manually.,2026-09-22 17:34:42 IST,183.98,183.63,169.67,,0.24,Other ETFs/Misc,BULLISH,,,,,,,,
2026-09-22,ICIGOL,129.42,🟡 HOLD / REVIEW,ROE unavailable — verify fundamentals manually.,2026-09-22 17:34:42 IST,129.42,127.94,126.89,,5.09,Other ETFs/Misc,BULLISH,,,,,,,,
2026-09-22,ICINIF,,⚪ NO DATA,Could not evaluate (no data) — verify manually.,2026-09-22 17:34:42 IST,,,,,1.47,Other ETFs/Misc,NO_DATA,,,,,,,,
2026-09-22,ICIPSE,230.18,🔴 STRG SELL,Below 200 DMA structural breakdown.,2026-09-22 17:34:42 IST,230.18,227.12,239.53,,7.69,Other ETFs/Misc,BEARISH,,,,,,,,
2026-09-22,NIPNIT,31.77,🔴 STRG SELL,Below 200 DMA structural breakdown.,2026-09-22 17:34:42 IST,31.77,33.48,34.95,,0.18,IT,BEARISH,,,,,,,,
2026-09-22,BHAELE,397.9,🔴 STRG SELL,Below 200 DMA structural breakdown.,2026-09-22 17:34:42 IST,397.9,403.23,417.3,,5.03,Defense,BEARISH,,,,,,,,
2026-09-22,TATGLO,984.1,🔴 STRG SELL,Below 200 DMA structural breakdown.,2026-09-22 17:34:42 IST,984.1,1054.81,1113.85,,5.41,Consumption,BEARISH,,,,,,,,
2026-09-22,JIOFIN,230.7,🔴 STRG SELL,Below 200 DMA structural breakdown.,2026-09-22 17:34:42 IST,230.7,241.4,250.52,,1.94,Financial Services,BEARISH,,,,,,,,
2026-09-22,WIPRO,166.0,🔴 STRG SELL,Below 200 DMA structural breakdown.,2026-09-22 17:34:42 IST,166.0,177.32,200.84,0.1613,6.88,IT,BEARISH,,,,,,,,
2026-09-22,ENGIND,302.55,🟡 HOLD / REVIEW,ROE unavailable — verify fundamentals manually.,2026-09-22 17:34:42 IST,302.55,249.02,223.57,,0.74,Infrastructure,BULLISH,,,,,,,,
2026-09-22,LIC,404.55,🔴 STRG SELL,Below 200 DMA structural breakdown.,2026-09-22 17:34:42 IST,404.55,413.67,407.47,,5.04,Insurance,BEARISH,,,,,,,,
2026-09-22,MIR150,23.32,🟡 HOLD / REVIEW,ROE unavailable — verify fundamentals manually.,2026-09-22 17:34:42 IST,23.32,23.66,22.68,,0.25,Other ETFs/Misc,NEUTRAL,,,,,,,,
2026-09-22,DRREDD,1211.0,🔴 STRG SELL,Below 200 DMA structural breakdown.,2026-09-22 17:34:42 IST,1211.0,1174.61,1243.24,0.0884,1.2,Pharma,BEARISH,,,,,,,,
2026-09-22,SEQSCI,251.5,🟡 HOLD / REVIEW,ROE unavailable — verify fundamentals manually.,2026-09-22 17:34:42 IST,251.5,261.67,231.49,,0.4,Pharma,NEUTRAL,,,,,,,,
2026-09-22,JSWENE,518.0,🔴 STRG SELL,Below 200 DMA structural breakdown.,2026-09-22 17:34:42 IST,518.0,543.76,522.98,,4.92,Power,BEARISH,,,,,,,,
2026-09-22,NHPC,76.01,🔴 STRG SELL,Below 200 DMA structural breakdown.,2026-09-22 17:34:42 IST,76.01,77.25,77.36,,0.66,Power,BEARISH,,,,,,,,
2026-09-22,NTPC,327.8,🔴 STRG SELL,Below 200 DMA structural breakdown.,2026-09-22 17:34:42 IST,327.8,335.64,354.34,,0.71,Power,BEARISH,,,,,,,,
2026-09-22,NTPGRE,93.31,🔴 STRG SELL,Below 200 DMA structural breakdown.,2026-09-22 17:34:42 IST,93.31,90.86,95.28,,2.19,Power,BEARISH,,,,,,,,
2026-09-22,SJVLIM,63.11,🔴 STRG SELL,Below 200 DMA structural breakdown.,2026-09-22 17:34:42 IST,63.11,66.54,71.44,,0.77,Power,BEARISH,,,,,,,,
2026-09-22,TATPOW,367.0,🔴 STRG SELL,Below 200 DMA structural breakdown.,2026-09-22 17:34:42 IST,367.0,372.4,385.57,,0.52,Power,BEARISH,,,,,,,,
2026-09-22,GAIL,171.84,🟡 HOLD / REVIEW,ROE unavailable — verify fundamentals manually.,2026-09-22 17:34:42 IST,171.84,173.47,164.64,,1.54,Oil & Gas,NEUTRAL,,,,,,,,
2026-09-22,GUJGA,,⚪ NO DATA,Could not evaluate (no data) — verify manually.,2026-09-22 17:34:42 IST,,,,,0.43,Oil & Gas,NO_DATA,,,,,,,,
2026-09-22,HINPET,360.7,🔴 STRG SELL,Below 200 DMA structural breakdown.,2026-09-22 17:34:42 IST,360.7,366.84,382.94,,0.84,Oil & Gas,BEARISH,,,,,,,,
2026-09-22,ONGC,236.13,🔴 STRG SELL,Below 200 DMA structural breakdown.,2026-09-22 17:34:42 IST,236.13,238.03,254.73,,1.58,Oil & Gas,BEARISH,,,,,,,,
2026-09-22,PETLNG,281.75,🟡 HOLD / REVIEW,ROE unavailable — verify fundamentals manually.,2026-09-22 17:34:42 IST,281.75,283.92,278.92,,0.58,Oil & Gas,NEUTRAL,,,,,,,,
2026-09-22,RELIND,1240.4,🔴 STRG SELL,Below 200 DMA structural breakdown.,2026-09-22 17:34:42 IST,1240.4,1293.35,1367.88,,15.37,Oil & Gas,BEARISH,,,,,,,,
2026-09-22,GUJPPL,164.41,🟡 HOLD / REVIEW,ROE unavailable — verify fundamentals manually.,2026-09-22 17:34:42 IST,164.41,154.41,158.31,,0.48,Infrastructure,NEUTRAL,,,,,,,,
2026-09-22,IDECEL,14.27,🟡 HOLD / REVIEW,ROE unavailable — verify fundamentals manually.,2026-09-22 17:34:42 IST,14.27,13.93,12.18,,3.21,Telecom,BULLISH,,,,,,,,
2026-09-22,ASHLEY,160.75,🔴 STRG SELL,Below 200 DMA structural breakdown.,2026-09-22 18:06:18 IST,160.75,166.78,169.97,,2.52,Auto,BEARISH,,,,,,,,
2026-09-22,TATCAP,341.1,🟡 HOLD / REVIEW,ROE unavailable — verify fundamentals manually.,2026-09-22 18:06:18 IST,341.1,360.97,340.02,,2.15,Financial Services,NEUTRAL,,,,,,,,
2026-09-22,FEDBAN,327.0,🟡 HOLD / REVIEW,ROE unavailable — verify fundamentals manually.,2026-09-22 18:06:18 IST,327.0,349.07,301.81,,2.12,Banking,NEUTRAL,,,,,,,,
2026-09-22,HDFBAN,738.6,🔴 STRG SELL,Below 200 DMA structural breakdown.,2026-09-22 18:06:18 IST,738.6,732.75,812.23,0.1384,14.81,Banking,BEARISH,,,,,,,,
2026-09-22,LGELEC,1663.7,🟡 HOLD / REVIEW,ROE unavailable — verify fundamentals manually.,2026-09-22 18:06:18 IST,1663.7,1612.71,1545.41,,3.03,Consumer Electronics,BULLISH,,,,,,,,
2026-09-22,HDF250,183.98,🟡 HOLD / REVIEW,ROE unavailable — verify fundamentals manually.,2026-09-22 18:06:18 IST,183.98,183.63,169.67,,0.24,Other ETFs/Misc,BULLISH,,,,,,,,
2026-09-22,ICIGOL,129.42,🟡 HOLD / REVIEW,ROE unavailable — verify fundamentals manually.,2026-09-22 18:06:18 IST,129.42,127.94,126.89,,5.09,Other ETFs/Misc,BULLISH,,,,,,,,
2026-09-22,ICINIF,,⚪ NO DATA,Could not evaluate (no data) — verify manually.,2026-09-22 18:06:18 IST,,,,,1.47,Other ETFs/Misc,NO_DATA,,,,,,,,
2026-09-22,ICIPSE,230.18,🔴 STRG SELL,Below 200 DMA structural breakdown.,2026-09-22 18:06:18 IST,230.18,227.12,239.53,,7.69,Other ETFs/Misc,BEARISH,,,,,,,,
2026-09-22,NIPNIT,31.77,🔴 STRG SELL,Below 200 DMA structural breakdown.,2026-09-22 18:06:18 IST,31.77,33.48,34.95,,0.18,IT,BEARISH,,,,,,,,
2026-09-22,BHAELE,397.9,🔴 STRG SELL,Below 200 DMA structural breakdown.,2026-09-22 18:06:18 IST,397.9,403.23,417.3,,5.03,Defense,BEARISH,,,,,,,,
2026-09-22,TATGLO,984.1,🔴 STRG SELL,Below 200 DMA structural breakdown.,2026-09-22 18:06:18 IST,984.1,1054.81,1113.85,,5.41,Consumption,BEARISH,,,,,,,,
2026-09-22,JIOFIN,230.7,🔴 STRG SELL,Below 200 DMA structural breakdown.,2026-09-22 18:06:18 IST,230.7,241.4,250.52,,1.94,Financial Services,BEARISH,,,,,,,,
2026-09-22,WIPRO,166.0,🔴 STRG SELL,Below 200 DMA structural breakdown.,2026-09-22 18:06:18 IST,166.0,177.32,200.84,0.1613,6.88,IT,BEARISH,,,,,,,,
2026-09-22,ENGIND,302.55,🟡 HOLD / REVIEW,ROE unavailable — verify fundamentals manually.,2026-09-22 18:06:18 IST,302.55,249.02,223.57,,0.74,Infrastructure,BULLISH,,,,,,,,
2026-09-22,LIC,404.55,🔴 STRG SELL,Below 200 DMA structural breakdown.,2026-09-22 18:06:18 IST,404.55,413.67,407.47,,5.04,Insurance,BEARISH,,,,,,,,
2026-09-22,MIR150,23.32,🟡 HOLD / REVIEW,ROE unavailable — verify fundamentals manually.,2026-09-22 18:06:18 IST,23.32,23.66,22.68,,0.25,Other ETFs/Misc,NEUTRAL,,,,,,,,
2026-09-22,DRREDD,1211.0,🔴 STRG SELL,Below 200 DMA structural breakdown.,2026-09-22 18:06:18 IST,1211.0,1174.61,1243.24,0.0884,1.2,Pharma,BEARISH,,,,,,,,
2026-09-22,SEQSCI,251.5,🟡 HOLD / REVIEW,ROE unavailable — verify fundamentals manually.,2026-09-22 18:06:18 IST,251.5,261.67,231.49,,0.4,Pharma,NEUTRAL,,,,,,,,
2026-09-22,JSWENE,518.0,🔴 STRG SELL,Below 200 DMA structural breakdown.,2026-09-22 18:06:18 IST,518.0,543.76,522.98,,4.92,Power,BEARISH,,,,,,,,
2026-09-22,NHPC,76.01,🔴 STRG SELL,Below 200 DMA structural breakdown.,2026-09-22 18:06:18 IST,76.01,77.25,77.36,,0.66,Power,BEARISH,,,,,,,,
2026-09-22,NTPC,327.8,🔴 STRG SELL,Below 200 DMA structural breakdown.,2026-09-22 18:06:18 IST,327.8,335.64,354.34,,0.71,Power,BEARISH,,,,,,,,
2026-09-22,NTPGRE,93.31,🔴 STRG SELL,Below 200 DMA structural breakdown.,2026-09-22 18:06:18 IST,93.31,90.86,95.28,,2.19,Power,BEARISH,,,,,,,,
2026-09-22,SJVLIM,63.11,🔴 STRG SELL,Below 200 DMA structural breakdown.,2026-09-22 18:06:18 IST,63.11,66.54,71.44,,0.77,Power,BEARISH,,,,,,,,
2026-09-22,TATPOW,367.0,🔴 STRG SELL,Below 200 DMA structural breakdown.,2026-09-22 18:06:18 IST,367.0,372.4,385.57,,0.52,Power,BEARISH,,,,,,,,
2026-09-22,GAIL,171.84,🟡 HOLD / REVIEW,ROE unavailable — verify fundamentals manually.,2026-09-22 18:06:18 IST,171.84,173.47,164.64,,1.54,Oil & Gas,NEUTRAL,,,,,,,,
2026-09-22,GUJGA,,⚪ NO DATA,Could not evaluate (no data) — verify manually.,2026-09-22 18:06:18 IST,,,,,0.43,Oil & Gas,NO_DATA,,,,,,,,
2026-09-22,HINPET,360.7,🔴 STRG SELL,Below 200 DMA structural breakdown.,2026-09-22 18:06:18 IST,360.7,366.84,382.94,,0.84,Oil & Gas,BEARISH,,,,,,,,
2026-09-22,ONGC,236.13,🔴 STRG SELL,Below 200 DMA structural breakdown.,2026-09-22 18:06:18 IST,236.13,238.03,254.73,,1.58,Oil & Gas,BEARISH,,,,,,,,
2026-09-22,PETLNG,281.75,🟡 HOLD / REVIEW,ROE unavailable — verify fundamentals manually.,2026-09-22 18:06:18 IST,281.75,283.92,278.92,,0.58,Oil & Gas,NEUTRAL,,,,,,,,
2026-09-22,RELIND,1240.4,🔴 STRG SELL,Below 200 DMA structural breakdown.,2026-09-22 18:06:18 IST,1240.4,1293.35,1367.88,,15.37,Oil & Gas,BEARISH,,,,,,,,
2026-09-22,GUJPPL,164.41,🟡 HOLD / REVIEW,ROE unavailable — verify fundamentals manually.,2026-09-22 18:06:18 IST,164.41,154.41,158.31,,0.48,Infrastructure,NEUTRAL,,,,,,,,
2026-09-22,IDECEL,14.27,🟡 HOLD / REVIEW,ROE unavailable — verify fundamentals manually.,2026-09-22 18:06:18 IST,14.27,13.93,12.18,,3.21,Telecom,BULLISH,,,,,,,,
2026-09-22,ASHLEY,160.75,🔴 STRG SELL,Below 200 DMA structural breakdown.,2026-09-22 19:42:11 IST,160.75,166.78,169.97,,2.52,Auto,BEARISH,,,,,,,,
2026-09-22,TATCAP,341.1,🟡 HOLD / REVIEW,ROE unavailable — verify fundamentals manually.,2026-09-22 19:42:11 IST,341.1,360.97,340.02,,2.15,Financial Services,NEUTRAL,,,,,,,,
2026-09-22,FEDBAN,327.0,🟡 HOLD / REVIEW,ROE unavailable — verify fundamentals manually.,2026-09-22 19:42:11 IST,327.0,349.07,301.81,,2.12,Banking,NEUTRAL,,,,,,,,
2026-09-22,HDFBAN,738.6,🔴 STRG SELL,Below 200 DMA structural breakdown.,2026-09-22 19:42:11 IST,738.6,732.75,812.23,0.1384,14.81,Banking,BEARISH,,,,,,,,
2026-09-22,LGELEC,1663.7,🟡 HOLD / REVIEW,ROE unavailable — verify fundamentals manually.,2026-09-22 19:42:11 IST,1663.7,1612.71,1545.41,,3.03,Consumer Electronics,BULLISH,,,,,,,,
2026-09-22,HDF250,183.98,🟡 HOLD / REVIEW,ROE unavailable — verify fundamentals manually.,2026-09-22 19:42:11 IST,183.98,183.63,169.67,,0.24,Other ETFs/Misc,BULLISH,,,,,,,,
2026-09-22,ICIGOL,129.42,🟡 HOLD / REVIEW,ROE unavailable — verify fundamentals manually.,2026-09-22 19:42:11 IST,129.42,127.94,126.89,,5.09,Other ETFs/Misc,BULLISH,,,,,,,,
2026-09-22,ICINIF,,⚪ NO DATA,Could not evaluate (no data) — verify manually.,2026-09-22 19:42:11 IST,,,,,1.47,Other ETFs/Misc,NO_DATA,,,,,,,,
2026-09-22,ICIPSE,230.18,🔴 STRG SELL,Below 200 DMA structural breakdown.,2026-09-22 19:42:11 IST,230.18,227.12,239.53,,7.69,Other ETFs/Misc,BEARISH,,,,,,,,
2026-09-22,NIPNIT,31.77,🔴 STRG SELL,Below 200 DMA structural breakdown.,2026-09-22 19:42:11 IST,31.77,33.48,34.95,,0.18,IT,BEARISH,,,,,,,,
2026-09-22,BHAELE,397.9,🔴 STRG SELL,Below 200 DMA structural breakdown.,2026-09-22 19:42:11 IST,397.9,403.23,417.3,,5.03,Defense,BEARISH,,,,,,,,
2026-09-22,TATGLO,984.1,🔴 STRG SELL,Below 200 DMA structural breakdown.,2026-09-22 19:42:11 IST,984.1,1054.81,1113.85,,5.41,Consumption,BEARISH,,,,,,,,
2026-09-22,JIOFIN,230.7,🔴 STRG SELL,Below 200 DMA structural breakdown.,2026-09-22 19:42:11 IST,230.7,241.4,250.52,,1.94,Financial Services,BEARISH,,,,,,,,
2026-09-22,WIPRO,166.0,🔴 STRG SELL,Below 200 DMA structural breakdown.,2026-09-22 19:42:11 IST,166.0,177.32,200.84,0.1613,6.88,IT,BEARISH,,,,,,,,
2026-09-22,ENGIND,302.55,🟡 HOLD / REVIEW,ROE unavailable — verify fundamentals manually.,2026-09-22 19:42:11 IST,302.55,249.02,223.57,,0.74,Infrastructure,BULLISH,,,,,,,,
2026-09-22,LIC,404.55,🔴 STRG SELL,Below 200 DMA structural breakdown.,2026-09-22 19:42:11 IST,404.55,413.67,407.47,,5.04,Insurance,BEARISH,,,,,,,,
2026-09-22,MIR150,23.32,🟡 HOLD / REVIEW,ROE unavailable — verify fundamentals manually.,2026-09-22 19:42:11 IST,23.32,23.66,22.68,,0.25,Other ETFs/Misc,NEUTRAL,,,,,,,,
2026-09-22,DRREDD,1211.0,🔴 STRG SELL,Below 200 DMA structural breakdown.,2026-09-22 19:42:11 IST,1211.0,1174.61,1243.24,0.0884,1.2,Pharma,BEARISH,,,,,,,,
2026-09-22,SEQSCI,251.5,🟡 HOLD / REVIEW,ROE unavailable — verify fundamentals manually.,2026-09-22 19:42:11 IST,251.5,261.67,231.49,,0.4,Pharma,NEUTRAL,,,,,,,,
2026-09-22,JSWENE,518.0,🔴 STRG SELL,Below 200 DMA structural breakdown.,2026-09-22 19:42:11 IST,518.0,543.76,522.98,,4.92,Power,BEARISH,,,,,,,,
2026-09-22,NHPC,76.01,🔴 STRG SELL,Below 200 DMA structural breakdown.,2026-09-22 19:42:11 IST,76.01,77.25,77.36,,0.66,Power,BEARISH,,,,,,,,
2026-09-22,NTPC,327.8,🔴 STRG SELL,Below 200 DMA structural breakdown.,2026-09-22 19:42:11 IST,327.8,335.64,354.34,,0.71,Power,BEARISH,,,,,,,,
2026-09-22,NTPGRE,93.31,🔴 STRG SELL,Below 200 DMA structural breakdown.,2026-09-22 19:42:11 IST,93.31,90.86,95.28,,2.19,Power,BEARISH,,,,,,,,
2026-09-22,SJVLIM,63.11,🔴 STRG SELL,Below 200 DMA structural breakdown.,2026-09-22 19:42:11 IST,63.11,66.54,71.44,,0.77,Power,BEARISH,,,,,,,,
2026-09-22,TATPOW,367.0,🔴 STRG SELL,Below 200 DMA structural breakdown.,2026-09-22 19:42:11 IST,367.0,372.4,385.57,,0.52,Power,BEARISH,,,,,,,,
2026-09-22,GAIL,171.84,🟡 HOLD / REVIEW,ROE unavailable — verify fundamentals manually.,2026-09-22 19:42:11 IST,171.84,173.47,164.64,,1.54,Oil & Gas,NEUTRAL,,,,,,,,
2026-09-22,GUJGA,,⚪ NO DATA,Could not evaluate (no data) — verify manually.,2026-09-22 19:42:11 IST,,,,,0.43,Oil & Gas,NO_DATA,,,,,,,,
2026-09-22,HINPET,360.7,🔴 STRG SELL,Below 200 DMA structural breakdown.,2026-09-22 19:42:11 IST,360.7,366.84,382.94,,0.84,Oil & Gas,BEARISH,,,,,,,,
2026-09-22,ONGC,236.13,🔴 STRG SELL,Below 200 DMA structural breakdown.,2026-09-22 19:42:11 IST,236.13,238.03,254.73,,1.58,Oil & Gas,BEARISH,,,,,,,,
2026-09-22,PETLNG,281.75,🟡 HOLD / REVIEW,ROE unavailable — verify fundamentals manually.,2026-09-22 19:42:11 IST,281.75,283.92,278.92,,0.58,Oil & Gas,NEUTRAL,,,,,,,,
2026-09-22,RELIND,1240.4,🔴 STRG SELL,Below 200 DMA structural breakdown.,2026-09-22 19:42:11 IST,1240.4,1293.35,1367.88,,15.37,Oil & Gas,BEARISH,,,,,,,,
2026-09-22,GUJPPL,164.41,🟡 HOLD / REVIEW,ROE unavailable — verify fundamentals manually.,2026-09-22 19:42:11 IST,164.41,154.41,158.31,,0.48,Infrastructure,NEUTRAL,,,,,,,,
2026-09-22,IDECEL,14.27,🟡 HOLD / REVIEW,ROE unavailable — verify fundamentals manually.,2026-09-22 19:42:11 IST,14.27,13.93,12.18,,3.21,Telecom,BULLISH,,,,,,,,
2026-09-23,ASHLEY,162.4,🔴 STRG SELL,Below 200 DMA structural breakdown.,2026-09-23 14:20:43 IST,162.4,166.9,170.0,,2.52,Auto,BEARISH,,,,,,,,
2026-09-23,TATCAP,348.85,🟡 HOLD / REVIEW,ROE unavailable — verify fundamentals manually.,2026-09-23 14:20:43 IST,348.85,360.8,340.16,,2.15,Financial Services,NEUTRAL,,,,,,,,
2026-09-23,FEDBAN,329.2,🟡 HOLD / REVIEW,ROE unavailable — verify fundamentals manually.,2026-09-23 14:20:43 IST,329.2,349.13,302.17,,2.12,Banking,NEUTRAL,,,,,,,,
2026-09-23,HDFBAN,740.05,🔴 STRG SELL,Below 200 DMA structural breakdown.,2026-09-23 14:20:43 IST,740.05,731.24,811.0,0.1384,14.81,Banking,BEARISH,,,,,,,,
2026-09-23,LGELEC,1703.7,🟡 HOLD / REVIEW,ROE unavailable — verify fundamentals manually.,2026-09-23 14:20:43 IST,1703.7,1615.65,1546.1,,3.03,Consumer Electronics,BULLISH,,,,,,,,
2026-09-23,HDF250,185.32,🟡 HOLD / REVIEW,ROE unavailable — verify fundamentals manually.,2026-09-23 14:20:43 IST,185.32,183.73,169.76,,0.24,Other ETFs/Misc,BULLISH,,,,,,,,
2026-09-23,ICIGOL,129.35,🟡 HOLD / REVIEW,ROE unavailable — verify fundamentals manually.,2026-09-23 14:20:43 IST,129.35,128.12,126.99,,5.09,Other ETFs/Misc,BULLISH,,,,,,,,
2026-09-23,ICINIF,,⚪ NO DATA,Could not evaluate (no data) — verify manually.,2026-09-23 14:20:43 IST,,,,,1.47,Other ETFs/Misc,NO_DATA,,,,,,,,
2026-09-23,ICIPSE,230.67,🔴 STRG SELL,Below 200 DMA structural breakdown.,2026-09-23 14:20:43 IST,230.67,227.44,239.82,,7.69,Other ETFs/Misc,BEARISH,,,,,,,,
2026-09-23,NIPNIT,31.49,🔴 STRG SELL,Below 200 DMA structural breakdown.,2026-09-23 14:20:43 IST,31.49,33.48,34.89,,0.18,IT,BEARISH,,,,,,,,
2026-09-23,BHAELE,397.95,🔴 STRG SELL,Below 200 DMA structural breakdown.,2026-09-23 14:20:43 IST,397.95,402.98,417.37,,5.03,Defense,BEARISH,,,,,,,,
2026-09-23,TATGLO,995.0,🔴 STRG SELL,Below 200 DMA structural breakdown.,2026-09-23 14:20:43 IST,995.0,1053.0,1113.15,,5.41,Consumption,BEARISH,,,,,,,,
2026-09-23,JIOFIN,232.1,🔴 STRG SELL,Below 200 DMA structural breakdown.,2026-09-23 14:20:43 IST,232.1,241.32,250.19,,1.94,Financial Services,BEARISH,,,,,,,,
2026-09-23,WIPRO,164.83,🔴 STRG SELL,Below 200 DMA structural breakdown.,2026-09-23 14:20:43 IST,164.83,177.17,200.4,0.1613,6.88,IT,BEARISH,,,,,,,,
2026-09-23,ENGIND,305.55,🟡 HOLD / REVIEW,ROE unavailable — verify fundamentals manually.,2026-09-23 14:20:43 IST,305.55,250.53,224.16,,0.74,Infrastructure,BULLISH,,,,,,,,
2026-09-23,LIC,405.75,🔴 STRG SELL,Below 200 DMA structural breakdown.,2026-09-23 14:20:43 IST,405.75,412.99,407.41,,5.04,Insurance,BEARISH,,,,,,,,
2026-09-23,MIR150,23.47,🟡 HOLD / REVIEW,ROE unavailable — verify fundamentals manually.,2026-09-23 14:20:43 IST,23.47,23.66,22.68,,0.25,Other ETFs/Misc,NEUTRAL,,,,,,,,
2026-09-23,DRREDD,1215.5,🔴 STRG SELL,Below 200 DMA structural breakdown.,2026-09-23 14:20:43 IST,1215.5,1174.33,1243.03,0.0884,1.2,Pharma,BEARISH,,,,,,,,
2026-09-23,SEQSCI,253.65,🟡 HOLD / REVIEW,ROE unavailable — verify fundamentals manually.,2026-09-23 14:20:43 IST,253.65,261.71,231.5,,0.4,Pharma,NEUTRAL,,,,,,,,
2026-09-23,JSWENE,522.55,🔴 STRG SELL,Below 200 DMA structural breakdown.,2026-09-23 14:20:43 IST,522.55,543.21,523.33,,4.92,Power,BEARISH,,,,,,,,
2026-09-23,NHPC,76.69,🔴 STRG SELL,Below 200 DMA structural breakdown.,2026-09-23 14:20:43 IST,76.69,77.2,77.37,,0.66,Power,BEARISH,,,,,,,,
2026-09-23,NTPC,327.15,🔴 STRG SELL,Below 200 DMA structural breakdown.,2026-09-23 14:20:43 IST,327.15,335.37,354.41,,0.71,Power,BEARISH,,,,,,,,
2026-09-23,NTPGRE,95.6,🟡 HOLD / REVIEW,ROE unavailable — verify fundamentals manually.,2026-09-23 14:20:43 IST,95.6,90.9,95.29,,2.19,Power,NEUTRAL,,,,,,,,
2026-09-23,SJVLIM,63.22,🔴 STRG SELL,Below 200 DMA structural breakdown.,2026-09-23 14:20:43 IST,63.22,66.41,71.41,,0.77,Power,BEARISH,,,,,,,,
2026-09-23,TATPOW,368.7,🔴 STRG SELL,Below 200 DMA structural breakdown.,2026-09-23 14:20:43 IST,368.7,372.16,385.55,,0.52,Power,BEARISH,,,,,,,,
2026-09-23,GAIL,173.16,🟡 HOLD / REVIEW,ROE unavailable — verify fundamentals manually.,2026-09-23 14:20:43 IST,173.16,173.48,164.7,,1.54,Oil & Gas,NEUTRAL,,,,,,,,
2026-09-23,GUJGA,,⚪ NO DATA,Could not evaluate (no data) — verify manually.,2026-09-23 14:20:43 IST,,,,,0.43,Oil & Gas,NO_DATA,,,,,,,,
2026-09-23,HINPET,359.7,🔴 STRG SELL,Below 200 DMA structural breakdown.,2026-09-23 14:20:43 IST,359.7,366.53,382.62,,0.84,Oil & Gas,BEARISH,,,,,,,,
2026-09-23,ONGC,236.51,🔴 STRG SELL,Below 200 DMA structural breakdown.,2026-09-23 14:20:43 IST,236.51,237.84,254.75,,1.58,Oil & Gas,BEARISH,,,,,,,,
2026-09-23,PETLNG,285.95,🟡 HOLD / REVIEW,ROE unavailable — verify fundamentals manually.,2026-09-23 14:20:43 IST,285.95,284.07,279.01,,0.58,Oil & Gas,BULLISH,,,,,,,,
2026-09-23,RELIND,1246.2,🔴 STRG SELL,Below 200 DMA structural breakdown.,2026-09-23 14:20:43 IST,1246.2,1292.37,1366.43,,15.37,Oil & Gas,BEARISH,,,,,,,,
2026-09-23,GUJPPL,164.07,🟡 HOLD / REVIEW,ROE unavailable — verify fundamentals manually.,2026-09-23 14:20:43 IST,164.07,154.4,158.31,,0.48,Infrastructure,NEUTRAL,,,,,,,,
2026-09-23,IDECEL,14.41,🟡 HOLD / REVIEW,ROE unavailable — verify fundamentals manually.,2026-09-23 14:20:43 IST,14.41,13.95,12.2,,3.21,Telecom,BULLISH,,,,,,,,
2026-09-23,ASHLEY,162.89,🔴 STRG SELL,Below 200 DMA structural breakdown.,2026-09-23 17:47:05 IST,162.89,166.91,170.0,,2.52,Auto,BEARISH,,,,,,,,
2026-09-23,TATCAP,350.05,🟡 HOLD / REVIEW,ROE unavailable — verify fundamentals manually.,2026-09-23 17:47:05 IST,350.05,360.83,340.16,,2.15,Financial Services,NEUTRAL,,,,,,,,
2026-09-23,FEDBAN,331.3,🟡 HOLD / REVIEW,ROE unavailable — verify fundamentals manually.,2026-09-23 17:47:05 IST,331.3,349.17,302.18,,2.12,Banking,NEUTRAL,,,,,,,,
2026-09-23,HDFBAN,737.25,🔴 STRG SELL,Below 200 DMA structural breakdown.,2026-09-23 17:47:05 IST,737.25,731.19,810.98,0.1384,14.81,Banking,BEARISH,,,,,,,,
2026-09-23,LGELEC,1694.2,🟡 HOLD / REVIEW,ROE unavailable — verify fundamentals manually.,2026-09-23 17:47:05 IST,1694.2,1615.46,1546.05,,3.03,Consumer Electronics,BULLISH,,,,,,,,
2026-09-23,HDF250,185.99,🟡 HOLD / REVIEW,ROE unavailable — verify fundamentals manually.,2026-09-23 17:47:05 IST,185.99,183.74,169.77,,0.24,Other ETFs/Misc,BULLISH,,,,,,,,
2026-09-23,ICIGOL,129.21,🟡 HOLD / REVIEW,ROE unavailable — verify fundamentals manually.,2026-09-23 17:47:05 IST,129.21,128.12,126.99,,5.09,Other ETFs/Misc,BULLISH,,,,,,,,
2026-09-23,ICINIF,,⚪ NO DATA,Could not evaluate (no data) — verify manually.,2026-09-23 17:47:05 IST,,,,,1.47,Other ETFs/Misc,NO_DATA,,,,,,,,
2026-09-23,ICIPSE,230.09,🔴 STRG SELL,Below 200 DMA structural breakdown.,2026-09-23 17:47:05 IST,230.09,227.42,239.82,,7.69,Other ETFs/Misc,BEARISH,,,,,,,,
2026-09-23,NIPNIT,31.47,🔴 STRG SELL,Below 200 DMA structural breakdown.,2026-09-23 17:47:05 IST,31.47,33.48,34.89,,0.18,IT,BEARISH,,,,,,,,
2026-09-23,BHAELE,396.05,🔴 STRG SELL,Below 200 DMA structural breakdown.,2026-09-23 17:47:05 IST,396.05,402.94,417.36,,5.03,Defense,BEARISH,,,,,,,,
2026-09-23,TATGLO,994.3,🔴 STRG SELL,Below 200 DMA structural breakdown.,2026-09-23 17:47:05 IST,994.3,1052.99,1113.14,,5.41,Consumption,BEARISH,,,,,,,,
2026-09-23,JIOFIN,232.15,🔴 STRG SELL,Below 200 DMA structural breakdown.,2026-09-23 17:47:05 IST,232.15,241.32,250.19,,1.94,Financial Services,BEARISH,,,,,,,,
2026-09-23,WIPRO,164.9,🔴 STRG SELL,Below 200 DMA structural breakdown.,2026-09-23 17:47:05 IST,164.9,177.17,200.4,0.1613,6.88,IT,BEARISH,,,,,,,,
2026-09-23,ENGIND,306.2,🟡 HOLD / REVIEW,ROE unavailable — verify fundamentals manually.,2026-09-23 17:47:05 IST,306.2,250.54,224.16,,0.74,Infrastructure,BULLISH,,,,,,,,
2026-09-23,LIC,407.5,🟡 HOLD / REVIEW,ROE unavailable — verify fundamentals manually.,2026-09-23 17:47:05 IST,407.5,413.03,407.41,,5.04,Insurance,NEUTRAL,,,,,,,,
2026-09-23,MIR150,23.43,🟡 HOLD / REVIEW,ROE unavailable — verify fundamentals manually.,2026-09-23 17:47:05 IST,23.43,23.66,22.68,,0.25,Other ETFs/Misc,NEUTRAL,,,,,,,,
2026-09-23,DRREDD,1211.2,🔴 STRG SELL,Below 200 DMA structural breakdown.,2026-09-23 17:47:05 IST,1211.2,1174.24,1243.01,0.0884,1.2,Pharma,BEARISH,,,,,,,,
2026-09-23,SEQSCI,253.75,🟡 HOLD / REVIEW,ROE unavailable — verify fundamentals manually.,2026-09-23 17:47:05 IST,253.75,261.14,231.79,,0.4,Pharma,NEUTRAL,,,,,,,,
2026-09-23,JSWENE,521.0,🔴 STRG SELL,Below 200 DMA structural breakdown.,2026-09-23 17:47:05 IST,521.0,543.18,523.32,,4.92,Power,BEARISH,,,,,,,,
2026-09-23,NHPC,76.74,🔴 STRG SELL,Below 200 DMA structural breakdown.,2026-09-23 17:47:05 IST,76.74,77.2,77.37,,0.66,Power,BEARISH,,,,,,,,
2026-09-23,NTPC,326.0,🔴 STRG SELL,Below 200 DMA structural breakdown.,2026-09-23 17:47:05 IST,326.0,335.35,354.4,,0.71,Power,BEARISH,,,,,,,,
2026-09-23,NTPGRE,95.42,🟡 HOLD / REVIEW,ROE unavailable — verify fundamentals manually.,2026-09-23 17:47:05 IST,95.42,90.9,95.31,,2.19,Power,NEUTRAL,,,,,,,,
2026-09-23,SJVLIM,63.25,🔴 STRG SELL,Below 200 DMA structural breakdown.,2026-09-23 17:47:05 IST,63.25,66.41,71.41,,0.77,Power,BEARISH,,,,,,,,
2026-09-23,TATPOW,369.0,🔴 STRG SELL,Below 200 DMA structural breakdown.,2026-09-23 17:47:05 IST,369.0,372.17,385.55,,0.52,Power,BEARISH,,,,,,,,
2026-09-23,GAIL,172.95,🟡 HOLD / REVIEW,ROE unavailable — verify fundamentals manually.,2026-09-23 17:47:05 IST,172.95,173.48,164.7,,1.54,Oil & Gas,NEUTRAL,,,,,,,,
2026-09-23,GUJGA,,⚪ NO DATA,Could not evaluate (no data) — verify manually.,2026-09-23 17:47:05 IST,,,,,0.43,Oil & Gas,NO_DATA,,,,,,,,
2026-09-23,HINPET,360.0,🔴 STRG SELL,Below 200 DMA structural breakdown.,2026-09-23 17:47:05 IST,360.0,366.54,382.62,,0.84,Oil & Gas,BEARISH,,,,,,,,
2026-09-23,ONGC,236.9,🔴 STRG SELL,Below 200 DMA structural breakdown.,2026-09-23 17:47:05 IST,236.9,237.84,254.75,,1.58,Oil & Gas,BEARISH,,,,,,,,
2026-09-23,PETLNG,285.85,🟡 HOLD / REVIEW,ROE unavailable — verify fundamentals manually.,2026-09-23 17:47:05 IST,285.85,284.07,279.01,,0.58,Oil & Gas,BULLISH,,,,,,,,
2026-09-23,RELIND,1248.0,🔴 STRG SELL,Below 200 DMA structural breakdown.,2026-09-23 17:47:05 IST,1248.0,1292.4,1366.44,,15.37,Oil & Gas,BEARISH,,,,,,,,
2026-09-23,GUJPPL,164.12,🟡 HOLD / REVIEW,ROE unavailable — verify fundamentals manually.,2026-09-23 17:47:05 IST,164.12,154.76,158.25,,0.48,Infrastructure,NEUTRAL,,,,,,,,
2026-09-23,IDECEL,14.52,🟡 HOLD / REVIEW,ROE unavailable — verify fundamentals manually.,2026-09-23 17:47:05 IST,14.52,13.95,12.2,,3.21,Telecom,BULLISH,,,,,,,,
2026-09-23,ASHLEY,162.89,🔴 STRG SELL,Below 200 DMA structural breakdown.,2026-09-23 19:57:03 IST,162.89,166.91,170.0,,2.52,Auto,BEARISH,,,,,,,,
2026-09-23,TATCAP,350.05,🟡 HOLD / REVIEW,ROE unavailable — verify fundamentals manually.,2026-09-23 19:57:03 IST,350.05,360.83,340.16,,2.15,Financial Services,NEUTRAL,,,,,,,,
2026-09-23,FEDBAN,331.3,🟡 HOLD / REVIEW,ROE unavailable — verify fundamentals manually.,2026-09-23 19:57:03 IST,331.3,349.17,302.18,,2.12,Banking,NEUTRAL,,,,,,,,
2026-09-23,HDFBAN,737.25,🔴 STRG SELL,Below 200 DMA structural breakdown.,2026-09-23 19:57:03 IST,737.25,731.19,810.98,0.1384,14.81,Banking,BEARISH,,,,,,,,
2026-09-23,LGELEC,1694.2,🟡 HOLD / REVIEW,ROE unavailable — verify fundamentals manually.,2026-09-23 19:57:03 IST,1694.2,1615.46,1546.05,,3.03,Consumer Electronics,BULLISH,,,,,,,,
2026-09-23,HDF250,185.99,🟡 HOLD / REVIEW,ROE unavailable — verify fundamentals manually.,2026-09-23 19:57:03 IST,185.99,183.74,169.77,,0.24,Other ETFs/Misc,BULLISH,,,,,,,,
2026-09-23,ICIGOL,129.21,🟡 HOLD / REVIEW,ROE unavailable — verify fundamentals manually.,2026-09-23 19:57:03 IST,129.21,128.12,126.99,,5.09,Other ETFs/Misc,BULLISH,,,,,,,,
2026-09-23,ICINIF,,⚪ NO DATA,Could not evaluate (no data) — verify manually.,2026-09-23 19:57:03 IST,,,,,1.47,Other ETFs/Misc,NO_DATA,,,,,,,,
2026-09-23,ICIPSE,230.09,🔴 STRG SELL,Below 200 DMA structural breakdown.,2026-09-23 19:57:03 IST,230.09,227.42,239.82,,7.69,Other ETFs/Misc,BEARISH,,,,,,,,
2026-09-23,NIPNIT,31.47,🔴 STRG SELL,Below 200 DMA structural breakdown.,2026-09-23 19:57:03 IST,31.47,33.48,34.89,,0.18,IT,BEARISH,,,,,,,,
2026-09-23,BHAELE,396.05,🔴 STRG SELL,Below 200 DMA structural breakdown.,2026-09-23 19:57:03 IST,396.05,402.94,417.36,,5.03,Defense,BEARISH,,,,,,,,
2026-09-23,TATGLO,994.3,🔴 STRG SELL,Below 200 DMA structural breakdown.,2026-09-23 19:57:03 IST,994.3,1052.99,1113.14,,5.41,Consumption,BEARISH,,,,,,,,
2026-09-23,JIOFIN,232.15,🔴 STRG SELL,Below 200 DMA structural breakdown.,2026-09-23 19:57:03 IST,232.15,241.32,250.19,,1.94,Financial Services,BEARISH,,,,,,,,
2026-09-23,WIPRO,164.9,🔴 STRG SELL,Below 200 DMA structural breakdown.,2026-09-23 19:57:03 IST,164.9,177.17,200.4,0.1613,6.88,IT,BEARISH,,,,,,,,
2026-09-23,ENGIND,306.2,🟡 HOLD / REVIEW,ROE unavailable — verify fundamentals manually.,2026-09-23 19:57:03 IST,306.2,250.54,224.16,,0.74,Infrastructure,BULLISH,,,,,,,,
2026-09-23,LIC,407.5,🟡 HOLD / REVIEW,ROE unavailable — verify fundamentals manually.,2026-09-23 19:57:03 IST,407.5,413.03,407.41,,5.04,Insurance,NEUTRAL,,,,,,,,
2026-09-23,MIR150,23.43,🟡 HOLD / REVIEW,ROE unavailable — verify fundamentals manually.,2026-09-23 19:57:03 IST,23.43,23.66,22.68,,0.25,Other ETFs/Misc,NEUTRAL,,,,,,,,
2026-09-23,DRREDD,1211.2,🔴 STRG SELL,Below 200 DMA structural breakdown.,2026-09-23 19:57:03 IST,1211.2,1174.24,1243.01,0.0884,1.2,Pharma,BEARISH,,,,,,,,
2026-09-23,SEQSCI,253.75,🟡 HOLD / REVIEW,ROE unavailable — verify fundamentals manually.,2026-09-23 19:57:03 IST,253.75,261.14,231.79,,0.4,Pharma,NEUTRAL,,,,,,,,
2026-09-23,JSWENE,521.0,🔴 STRG SELL,Below 200 DMA structural breakdown.,2026-09-23 19:57:03 IST,521.0,543.18,523.32,,4.92,Power,BEARISH,,,,,,,,
2026-09-23,NHPC,76.74,🔴 STRG SELL,Below 200 DMA structural breakdown.,2026-09-23 19:57:03 IST,76.74,77.2,77.37,,0.66,Power,BEARISH,,,,,,,,
2026-09-23,NTPC,326.0,🔴 STRG SELL,Below 200 DMA structural breakdown.,2026-09-23 19:57:03 IST,326.0,335.35,354.4,,0.71,Power,BEARISH,,,,,,,,
2026-09-23,NTPGRE,95.42,🟡 HOLD / REVIEW,ROE unavailable — verify fundamentals manually.,2026-09-23 19:57:03 IST,95.42,90.9,95.31,,2.19,Power,NEUTRAL,,,,,,,,
2026-09-23,SJVLIM,63.25,🔴 STRG SELL,Below 200 DMA structural breakdown.,2026-09-23 19:57:03 IST,63.25,66.41,71.41,,0.77,Power,BEARISH,,,,,,,,
2026-09-23,TATPOW,369.0,🔴 STRG SELL,Below 200 DMA structural breakdown.,2026-09-23 19:57:03 IST,369.0,372.17,385.55,,0.52,Power,BEARISH,,,,,,,,
2026-09-23,GAIL,172.95,🟡 HOLD / REVIEW,ROE unavailable — verify fundamentals manually.,2026-09-23 19:57:03 IST,172.95,173.48,164.7,,1.54,Oil & Gas,NEUTRAL,,,,,,,,
2026-09-23,GUJGA,,⚪ NO DATA,Could not evaluate (no data) — verify manually.,2026-09-23 19:57:03 IST,,,,,0.43,Oil & Gas,NO_DATA,,,,,,,,
2026-09-23,HINPET,360.0,🔴 STRG SELL,Below 200 DMA structural breakdown.,2026-09-23 19:57:03 IST,360.0,366.54,382.62,,0.84,Oil & Gas,BEARISH,,,,,,,,
2026-09-23,ONGC,236.9,🔴 STRG SELL,Below 200 DMA structural breakdown.,2026-09-23 19:57:03 IST,236.9,237.84,254.75,,1.58,Oil & Gas,BEARISH,,,,,,,,
2026-09-23,PETLNG,285.85,🟡 HOLD / REVIEW,ROE unavailable — verify fundamentals manually.,2026-09-23 19:57:03 IST,285.85,284.07,279.01,,0.58,Oil & Gas,BULLISH,,,,,,,,
2026-09-23,RELIND,1248.0,🔴 STRG SELL,Below 200 DMA structural breakdown.,2026-09-23 19:57:03 IST,1248.0,1292.4,1366.44,,15.37,Oil & Gas,BEARISH,,,,,,,,
2026-09-23,GUJPPL,164.12,🟡 HOLD / REVIEW,ROE unavailable — verify fundamentals manually.,2026-09-23 19:57:03 IST,164.12,154.76,158.25,,0.48,Infrastructure,NEUTRAL,,,,,,,,
2026-09-23,IDECEL,14.52,🟡 HOLD / REVIEW,ROE unavailable — verify fundamentals manually.,2026-09-23 19:57:03 IST,14.52,13.95,12.2,,3.21,Telecom,BULLISH,,,,,,,,
2026-09-24,ASHLEY,159.75,🔴 STRG SELL,Below 200 DMA structural breakdown.,2026-09-24 10:00:57 IST,159.75,167.01,170.02,,2.52,Auto,BEARISH,,,,,,,,
2026-09-24,TATCAP,341.9,🟡 HOLD / REVIEW,ROE unavailable — verify fundamentals manually.,2026-09-24 10:00:57 IST,341.9,360.69,340.24,,2.15,Financial Services,NEUTRAL,,,,,,,,
2026-09-24,FEDBAN,327.7,🟡 HOLD / REVIEW,ROE unavailable — verify fundamentals manually.,2026-09-24 10:00:57 IST,327.7,349.21,302.52,,2.12,Banking,NEUTRAL,,,,,,,,
2026-09-24,HDFBAN,727.15,🔴 STRG SELL,Below 200 DMA structural breakdown.,2026-09-24 10:00:57 IST,727.15,729.57,809.71,0.1384,14.81,Banking,BEARISH,,,,,,,,
2026-09-24,LGELEC,1676.0,🟡 HOLD / REVIEW,ROE unavailable — verify fundamentals manually.,2026-09-24 10:00:57 IST,1676.0,1617.36,1546.43,,3.03,Consumer Electronics,BULLISH,,,,,,,,
2026-09-24,HDF250,184.1,🟡 HOLD / REVIEW,ROE unavailable — verify fundamentals manually.,2026-09-24 10:00:57 IST,184.1,183.75,169.84,,0.24,Other ETFs/Misc,BULLISH,,,,,,,,
2026-09-24,ICIGOL,128.42,🟡 HOLD / REVIEW,ROE unavailable — verify fundamentals manually.,2026-09-24 10:00:57 IST,128.42,128.27,127.08,,5.09,Other ETFs/Misc,BULLISH,,,,,,,,
2026-09-24,ICINIF,,⚪ NO DATA,Could not evaluate (no data) — verify manually.,2026-09-24 10:00:57 IST,,,,,1.47,Other ETFs/Misc,NO_DATA,,,,,,,,
2026-09-24,ICIPSE,227.32,🔴 STRG SELL,Below 200 DMA structural breakdown.,2026-09-24 10:00:57 IST,227.32,227.62,240.07,,7.69,Other ETFs/Misc,BEARISH,,,,,,,,
2026-09-24,NIPNIT,31.48,🔴 STRG SELL,Below 200 DMA structural breakdown.,2026-09-24 10:00:57 IST,31.48,33.48,34.84,,0.18,IT,BEARISH,,,,,,,,
2026-09-24,BHAELE,395.9,🔴 STRG SELL,Below 200 DMA structural breakdown.,2026-09-24 10:00:57 IST,395.9,402.73,417.4,,5.03,Defense,BEARISH,,,,,,,,
2026-09-24,TATGLO,987.4,🔴 STRG SELL,Below 200 DMA structural breakdown.,2026-09-24 10:00:57 IST,987.4,1050.96,1112.4,,5.41,Consumption,BEARISH,,,,,,,,
2026-09-24,JIOFIN,229.9,🔴 STRG SELL,Below 200 DMA structural breakdown.,2026-09-24 10:00:57 IST,229.9,241.21,249.88,,1.94,Financial Services,BEARISH,,,,,,,,
2026-09-24,WIPRO,164.01,🔴 STRG SELL,Below 200 DMA structural breakdown.,2026-09-24 10:00:57 IST,164.01,176.93,199.98,0.1613,6.88,IT,BEARISH,,,,,,,,
2026-09-24,ENGIND,299.75,🟡 HOLD / REVIEW,ROE unavailable — verify fundamentals manually.,2026-09-24 10:00:57 IST,299.75,249.89,222.86,,0.74,Infrastructure,BULLISH,,,,,,,,
2026-09-24,LIC,409.8,🟡 HOLD / REVIEW,ROE unavailable — verify fundamentals manually.,2026-09-24 10:00:57 IST,409.8,412.46,407.36,,5.04,Insurance,NEUTRAL,,,,,,,,
2026-09-24,MIR150,23.18,🟡 HOLD / REVIEW,ROE unavailable — verify fundamentals manually.,2026-09-24 10:00:57 IST,23.18,23.65,22.68,,0.25,Other ETFs/Misc,NEUTRAL,,,,,,,,
2026-09-24,DRREDD,1207.6,🔴 STRG SELL,Below 200 DMA structural breakdown.,2026-09-24 10:00:57 IST,1207.6,1173.91,1242.85,0.0884,1.2,Pharma,BEARISH,,,,,,,,
2026-09-24,SEQSCI,250.8,🟡 HOLD / REVIEW,ROE unavailable — verify fundamentals manually.,2026-09-24 10:00:57 IST,250.8,260.61,232.02,,0.4,Pharma,NEUTRAL,,,,,,,,
2026-09-24,JSWENE,512.85,🔴 STRG SELL,Below 200 DMA structural breakdown.,2026-09-24 10:00:57 IST,512.85,543.01,523.28,,4.92,Power,BEARISH,,,,,,,,
2026-09-24,NHPC,76.22,🔴 STRG SELL,Below 200 DMA structural breakdown.,2026-09-24 10:00:57 IST,76.22,77.15,77.37,,0.66,Power,BEARISH,,,,,,,,
2026-09-24,NTPC,326.0,🔴 STRG SELL,Below 200 DMA structural breakdown.,2026-09-24 10:00:57 IST,326.0,335.09,354.46,,0.71,Power,BEARISH,,,,,,,,
2026-09-24,NTPGRE,95.2,🔴 STRG SELL,Below 200 DMA structural breakdown.,2026-09-24 10:00:57 IST,95.2,90.95,95.33,,2.19,Power,BEARISH,,,,,,,,
2026-09-24,SJVLIM,62.52,🔴 STRG SELL,Below 200 DMA structural breakdown.,2026-09-24 10:00:57 IST,62.52,66.4,71.4,,0.77,Power,BEARISH,,,,,,,,
2026-09-24,TATPOW,365.75,🔴 STRG SELL,Below 200 DMA structural breakdown.,2026-09-24 10:00:57 IST,365.75,371.94,385.51,,0.52,Power,BEARISH,,,,,,,,
2026-09-24,GAIL,172.17,🟡 HOLD / REVIEW,ROE unavailable — verify fundamentals manually.,2026-09-24 10:00:57 IST,172.17,173.5,164.75,,1.54,Oil & Gas,NEUTRAL,,,,,,,,
2026-09-24,GUJGA,,⚪ NO DATA,Could not evaluate (no data) — verify manually.,2026-09-24 10:00:57 IST,,,,,0.43,Oil & Gas,NO_DATA,,,,,,,,
2026-09-24,HINPET,355.95,🔴 STRG SELL,Below 200 DMA structural breakdown.,2026-09-24 10:00:57 IST,355.95,366.06,382.26,,0.84,Oil & Gas,BEARISH,,,,,,,,
2026-09-24,ONGC,235.71,🔴 STRG SELL,Below 200 DMA structural breakdown.,2026-09-24 10:00:57 IST,235.71,237.64,254.76,,1.58,Oil & Gas,BEARISH,,,,,,,,
2026-09-24,PETLNG,285.7,🟡 HOLD / REVIEW,ROE unavailable — verify fundamentals manually.,2026-09-24 10:00:57 IST,285.7,284.06,279.01,,0.58,Oil & Gas,BULLISH,,,,,,,,
2026-09-24,RELIND,1237.8,🔴 STRG SELL,Below 200 DMA structural breakdown.,2026-09-24 10:00:57 IST,1237.8,1291.23,1365.02,,15.37,Oil & Gas,BEARISH,,,,,,,,
2026-09-24,GUJPPL,164.52,🟡 HOLD / REVIEW,ROE unavailable — verify fundamentals manually.,2026-09-24 10:00:57 IST,164.52,155.14,158.16,,0.48,Infrastructure,NEUTRAL,,,,,,,,
2026-09-24,IDECEL,14.43,🟡 HOLD / REVIEW,ROE unavailable — verify fundamentals manually.,2026-09-24 10:00:57 IST,14.43,13.96,12.22,,3.21,Telecom,BULLISH,,,,,,,,
2026-09-24,ASHLEY,159.85,🔴 STRG SELL,Below 200 DMA structural breakdown.,2026-09-24 10:06:36 IST,159.85,167.01,170.02,,2.52,Auto,BEARISH,,,,,,,,
2026-09-24,TATCAP,341.8,🟡 HOLD / REVIEW,ROE unavailable — verify fundamentals manually.,2026-09-24 10:06:36 IST,341.8,360.69,340.24,,2.15,Financial Services,NEUTRAL,,,,,,,,
2026-09-24,FEDBAN,327.95,🟡 HOLD / REVIEW,ROE unavailable — verify fundamentals manually.,2026-09-24 10:06:36 IST,327.95,349.22,302.52,,2.12,Banking,NEUTRAL,,,,,,,,
2026-09-24,HDFBAN,727.5,🔴 STRG SELL,Below 200 DMA structural breakdown.,2026-09-24 10:06:36 IST,727.5,729.57,809.71,0.1384,14.81,Banking,BEARISH,,,,,,,,
2026-09-24,LGELEC,1675.1,🟡 HOLD / REVIEW,ROE unavailable — verify fundamentals manually.,2026-09-24 10:06:36 IST,1675.1,1617.34,1546.42,,3.03,Consumer Electronics,BULLISH,,,,,,,,
2026-09-24,HDF250,184.2,🟡 HOLD / REVIEW,ROE unavailable — verify fundamentals manually.,2026-09-24 10:06:36 IST,184.2,183.75,169.84,,0.24,Other ETFs/Misc,BULLISH,,,,,,,,
2026-09-24,ICIGOL,128.5,🟡 HOLD / REVIEW,ROE unavailable — verify fundamentals manually.,2026-09-24 10:06:36 IST,128.5,128.28,127.08,,5.09,Other ETFs/Misc,BULLISH,,,,,,,,
2026-09-24,ICINIF,,⚪ NO DATA,Could not evaluate (no data) — verify manually.,2026-09-24 10:06:36 IST,,,,,1.47,Other ETFs/Misc,NO_DATA,,,,,,,,
2026-09-24,ICIPSE,227.43,🔴 STRG SELL,Below 200 DMA structural breakdown.,2026-09-24 10:06:36 IST,227.43,227.62,240.07,,7.69,Other ETFs/Misc,BEARISH,,,,,,,,
2026-09-24,NIPNIT,31.48,🔴 STRG SELL,Below 200 DMA structural breakdown.,2026-09-24 10:06:36 IST,31.48,33.48,34.84,,0.18,IT,BEARISH,,,,,,,,
2026-09-24,BHAELE,395.4,🔴 STRG SELL,Below 200 DMA structural breakdown.,2026-09-24 10:06:36 IST,395.4,402.72,417.4,,5.03,Defense,BEARISH,,,,,,,,
2026-09-24,TATGLO,986.6,🔴 STRG SELL,Below 200 DMA structural breakdown.,2026-09-24 10:06:36 IST,986.6,1050.95,1112.39,,5.41,Consumption,BEARISH,,,,,,,,
2026-09-24,JIOFIN,229.89,🔴 STRG SELL,Below 200 DMA structural breakdown.,2026-09-24 10:06:36 IST,229.89,241.21,249.88,,1.94,Financial Services,BEARISH,,,,,,,,
2026-09-24,WIPRO,164.01,🔴 STRG SELL,Below 200 DMA structural breakdown.,2026-09-24 10:06:36 IST,164.01,176.93,199.98,0.1613,6.88,IT,BEARISH,,,,,,,,
2026-09-24,ENGIND,301.05,🟡 HOLD / REVIEW,ROE unavailable — verify fundamentals manually.,2026-09-24 10:06:36 IST,301.05,249.92,222.86,,0.74,Infrastructure,BULLISH,,,,,,,,
2026-09-24,LIC,411.55,🟡 HOLD / REVIEW,ROE unavailable — verify fundamentals manually.,2026-09-24 10:06:36 IST,411.55,412.49,407.37,,5.04,Insurance,NEUTRAL,,,,,,,,
2026-09-24,MIR150,23.21,🟡 HOLD / REVIEW,ROE unavailable — verify fundamentals manually.,2026-09-24 10:06:36 IST,23.21,23.65,22.68,,0.25,Other ETFs/Misc,NEUTRAL,,,,,,,,
2026-09-24,DRREDD,1210.0,🔴 STRG SELL,Below 200 DMA structural breakdown.,2026-09-24 10:06:36 IST,1210.0,1173.95,1242.87,0.0884,1.2,Pharma,BEARISH,,,,,,,,
2026-09-24,SEQSCI,251.15,🟡 HOLD / REVIEW,ROE unavailable — verify fundamentals manually.,2026-09-24 10:06:36 IST,251.15,260.62,232.02,,0.4,Pharma,NEUTRAL,,,,,,,,
2026-09-24,JSWENE,512.7,🔴 STRG SELL,Below 200 DMA structural breakdown.,2026-09-24 10:06:36 IST,512.7,543.01,523.28,,4.92,Power,BEARISH,,,,,,,,
2026-09-24,NHPC,76.27,🔴 STRG SELL,Below 200 DMA structural breakdown.,2026-09-24 10:06:36 IST,76.27,77.16,77.37,,0.66,Power,BEARISH,,,,,,,,
2026-09-24,NTPC,326.15,🔴 STRG SELL,Below 200 DMA structural breakdown.,2026-09-24 10:06:36 IST,326.15,335.1,354.46,,0.71,Power,BEARISH,,,,,,,,
2026-09-24,NTPGRE,94.64,🔴 STRG SELL,Below 200 DMA structural breakdown.,2026-09-24 10:06:36 IST,94.64,90.94,95.33,,2.19,Power,BEARISH,,,,,,,,
2026-09-24,SJVLIM,62.53,🔴 STRG SELL,Below 200 DMA structural breakdown.,2026-09-24 10:06:36 IST,62.53,66.4,71.4,,0.77,Power,BEARISH,,,,,,,,
2026-09-24,TATPOW,365.5,🔴 STRG SELL,Below 200 DMA structural breakdown.,2026-09-24 10:06:36 IST,365.5,371.93,385.51,,0.52,Power,BEARISH,,,,,,,,
2026-09-24,GAIL,172.38,🟡 HOLD / REVIEW,ROE unavailable — verify fundamentals manually.,2026-09-24 10:06:36 IST,172.38,173.5,164.75,,1.54,Oil & Gas,NEUTRAL,,,,,,,,
2026-09-24,GUJGA,,⚪ NO DATA,Could not evaluate (no data) — verify manually.,2026-09-24 10:06:36 IST,,,,,0.43,Oil & Gas,NO_DATA,,,,,,,,
2026-09-24,HINPET,356.3,🔴 STRG SELL,Below 200 DMA structural breakdown.,2026-09-24 10:06:36 IST,356.3,366.07,382.27,,0.84,Oil & Gas,BEARISH,,,,,,,,
2026-09-24,ONGC,235.78,🔴 STRG SELL,Below 200 DMA structural breakdown.,2026-09-24 10:06:36 IST,235.78,237.65,254.76,,1.58,Oil & Gas,BEARISH,,,,,,,,
2026-09-24,PETLNG,285.7,🟡 HOLD / REVIEW,ROE unavailable — verify fundamentals manually.,2026-09-24 10:06:36 IST,285.7,284.06,279.01,,0.58,Oil & Gas,BULLISH,,,,,,,,
2026-09-24,RELIND,1238.3,🔴 STRG SELL,Below 200 DMA structural breakdown.,2026-09-24 10:06:36 IST,1238.3,1291.24,1365.02,,15.37,Oil & Gas,BEARISH,,,,,,,,
2026-09-24,GUJPPL,164.44,🟡 HOLD / REVIEW,ROE unavailable — verify fundamentals manually.,2026-09-24 10:06:36 IST,164.44,155.13,158.16,,0.48,Infrastructure,NEUTRAL,,,,,,,,
2026-09-24,IDECEL,14.42,🟡 HOLD / REVIEW,ROE unavailable — verify fundamentals manually.,2026-09-24 10:06:36 IST,14.42,13.96,12.22,,3.21,Telecom,BULLISH,,,,,,,,
2026-09-24,ASHLEY,159.8,🔴 STRG SELL,Below 200 DMA structural breakdown.,2026-09-24 11:42:45 IST,159.8,167.01,170.02,,2.52,Auto,BEARISH,,,,,,,,
2026-09-24,TATCAP,339.65,🔴 STRG SELL,Below 200 DMA structural breakdown.,2026-09-24 11:42:45 IST,339.65,360.65,340.23,,2.15,Financial Services,BEARISH,,,,,,,,
2026-09-24,FEDBAN,326.7,🟡 HOLD / REVIEW,ROE unavailable — verify fundamentals manually.,2026-09-24 11:42:45 IST,326.7,349.19,302.51,,2.12,Banking,NEUTRAL,,,,,,,,
2026-09-24,HDFBAN,732.75,🔴 STRG SELL,Below 200 DMA structural breakdown.,2026-09-24 11:42:45 IST,732.75,729.68,809.74,0.1384,14.81,Banking,BEARISH,,,,,,,,
2026-09-24,LGELEC,1696.7,🟡 HOLD / REVIEW,ROE unavailable — verify fundamentals manually.,2026-09-24 11:42:45 IST,1696.7,1617.77,1546.53,,3.03,Consumer Electronics,BULLISH,,,,,,,,
2026-09-24,HDF250,184.42,🟡 HOLD / REVIEW,ROE unavailable — verify fundamentals manually.,2026-09-24 11:42:45 IST,184.42,183.75,169.84,,0.24,Other ETFs/Misc,BULLISH,,,,,,,,
2026-09-24,ICIGOL,128.48,🟡 HOLD / REVIEW,ROE unavailable — verify fundamentals manually.,2026-09-24 11:42:45 IST,128.48,128.27,127.08,,5.09,Other ETFs/Misc,BULLISH,,,,,,,,
2026-09-24,ICINIF,,⚪ NO DATA,Could not evaluate (no data) — verify manually.,2026-09-24 11:42:45 IST,,,,,1.47,Other ETFs/Misc,NO_DATA,,,,,,,,
2026-09-24,ICIPSE,227.33,🔴 STRG SELL,Below 200 DMA structural breakdown.,2026-09-24 11:42:45 IST,227.33,227.62,240.07,,7.69,Other ETFs/Misc,BEARISH,,,,,,,,
2026-09-24,NIPNIT,31.49,🔴 STRG SELL,Below 200 DMA structural breakdown.,2026-09-24 11:42:45 IST,31.49,33.48,34.84,,0.18,IT,BEARISH,,,,,,,,
2026-09-24,BHAELE,396.95,🔴 STRG SELL,Below 200 DMA structural breakdown.,2026-09-24 11:42:45 IST,396.95,402.75,417.41,,5.03,Defense,BEARISH,,,,,,,,
2026-09-24,TATGLO,987.3,🔴 STRG SELL,Below 200 DMA structural breakdown.,2026-09-24 11:42:45 IST,987.3,1050.96,1112.4,,5.41,Consumption,BEARISH,,,,,,,,
2026-09-24,JIOFIN,229.53,🔴 STRG SELL,Below 200 DMA structural breakdown.,2026-09-24 11:42:45 IST,229.53,241.21,249.88,,1.94,Financial Services,BEARISH,,,,,,,,
2026-09-24,WIPRO,164.78,🔴 STRG SELL,Below 200 DMA structural breakdown.,2026-09-24 11:42:45 IST,164.78,176.95,199.98,0.1613,6.88,IT,BEARISH,,,,,,,,
2026-09-24,ENGIND,298.1,🟡 HOLD / REVIEW,ROE unavailable — verify fundamentals manually.,2026-09-24 11:42:45 IST,298.1,249.86,222.85,,0.74,Infrastructure,BULLISH,,,,,,,,
2026-09-24,LIC,408.05,🟡 HOLD / REVIEW,ROE unavailable — verify fundamentals manually.,2026-09-24 11:42:45 IST,408.05,412.42,407.35,,5.04,Insurance,NEUTRAL,,,,,,,,
2026-09-24,MIR150,23.22,🟡 HOLD / REVIEW,ROE unavailable — verify fundamentals manually.,2026-09-24 11:42:45 IST,23.22,23.65,22.68,,0.25,Other ETFs/Misc,NEUTRAL,,,,,,,,
2026-09-24,DRREDD,1204.4,🔴 STRG SELL,Below 200 DMA structural breakdown.,2026-09-24 11:42:45 IST,1204.4,1173.84,1242.84,0.0884,1.2,Pharma,BEARISH,,,,,,,,
2026-09-24,SEQSCI,249.15,🟡 HOLD / REVIEW,ROE unavailable — verify fundamentals manually.,2026-09-24 11:42:45 IST,249.15,260.58,232.01,,0.4,Pharma,NEUTRAL,,,,,,,,
2026-09-24,JSWENE,515.75,🔴 STRG SELL,Below 200 DMA structural breakdown.,2026-09-24 11:42:45 IST,515.75,543.07,523.3,,4.92,Power,BEARISH,,,,,,,,
2026-09-24,NHPC,76.55,🔴 STRG SELL,Below 200 DMA structural breakdown.,2026-09-24 11:42:45 IST,76.55,77.16,77.37,,0.66,Power,BEARISH,,,,,,,,
2026-09-24,NTPC,326.45,🔴 STRG SELL,Below 200 DMA structural breakdown.,2026-09-24 11:42:45 IST,326.45,335.1,354.46,,0.71,Power,BEARISH,,,,,,,,
2026-09-24,NTPGRE,95.76,🟡 HOLD / REVIEW,ROE unavailable — verify fundamentals manually.,2026-09-24 11:42:45 IST,95.76,90.96,95.33,,2.19,Power,NEUTRAL,,,,,,,,
2026-09-24,SJVLIM,62.22,🔴 STRG SELL,Below 200 DMA structural breakdown.,2026-09-24 11:42:45 IST,62.22,66.39,71.4,,0.77,Power,BEARISH,,,,,,,,
2026-09-24,TATPOW,367.0,🔴 STRG SELL,Below 200 DMA structural breakdown.,2026-09-24 11:42:45 IST,367.0,371.96,385.52,,0.52,Power,BEARISH,,,,,,,,
2026-09-24,GAIL,172.63,🟡 HOLD / REVIEW,ROE unavailable — verify fundamentals manually.,2026-09-24 11:42:45 IST,172.63,173.51,164.75,,1.54,Oil & Gas,NEUTRAL,,,,,,,,
2026-09-24,GUJGA,,⚪ NO DATA,Could not evaluate (no data) — verify manually.,2026-09-24 11:42:45 IST,,,,,0.43,Oil & Gas,NO_DATA,,,,,,,,
2026-09-24,HINPET,355.7,🔴 STRG SELL,Below 200 DMA structural breakdown.,2026-09-24 11:42:45 IST,355.7,366.06,382.26,,0.84,Oil & Gas,BEARISH,,,,,,,,
2026-09-24,ONGC,235.92,🔴 STRG SELL,Below 200 DMA structural breakdown.,2026-09-24 11:42:45 IST,235.92,237.65,254.76,,1.58,Oil & Gas,BEARISH,,,,,,,,
2026-09-24,PETLNG,287.65,🟡 HOLD / REVIEW,ROE unavailable — verify fundamentals manually.,2026-09-24 11:42:45 IST,287.65,284.1,279.02,,0.58,Oil & Gas,BULLISH,,,,,,,,
2026-09-24,RELIND,1232.9,🔴 STRG SELL,Below 200 DMA structural breakdown.,2026-09-24 11:42:45 IST,1232.9,1291.13,1365.0,,15.37,Oil & Gas,BEARISH,,,,,,,,
2026-09-24,GUJPPL,163.73,🟡 HOLD / REVIEW,ROE unavailable — verify fundamentals manually.,2026-09-24 11:42:45 IST,163.73,155.12,158.15,,0.48,Infrastructure,NEUTRAL,,,,,,,,
2026-09-24,IDECEL,14.29,🟡 HOLD / REVIEW,ROE unavailable — verify fundamentals manually.,2026-09-24 11:42:45 IST,14.29,13.96,12.22,,3.21,Telecom,BULLISH,,,,,,,,
2026-09-24,ASHLEY,159.9,🔴 STRG SELL,Below 200 DMA structural breakdown.,2026-09-24 11:45:56 IST,159.9,167.01,170.02,,2.52,Auto,BEARISH,,,,,,,,
2026-09-24,TATCAP,339.4,🔴 STRG SELL,Below 200 DMA structural breakdown.,2026-09-24 11:45:56 IST,339.4,360.64,340.23,,2.15,Financial Services,BEARISH,,,,,,,,
2026-09-24,FEDBAN,326.65,🟡 HOLD / REVIEW,ROE unavailable — verify fundamentals manually.,2026-09-24 11:45:56 IST,326.65,349.19,302.51,,2.12,Banking,NEUTRAL,,,,,,,,
2026-09-24,HDFBAN,732.6,🔴 STRG SELL,Below 200 DMA structural breakdown.,2026-09-24 11:45:56 IST,732.6,729.67,809.74,0.1384,14.81,Banking,BEARISH,,,,,,,,
2026-09-24,LGELEC,1697.4,🟡 HOLD / REVIEW,ROE unavailable — verify fundamentals manually.,2026-09-24 11:45:56 IST,1697.4,1617.78,1546.53,,3.03,Consumer Electronics,BULLISH,,,,,,,,
2026-09-24,HDF250,184.43,🟡 HOLD / REVIEW,ROE unavailable — verify fundamentals manually.,2026-09-24 11:45:56 IST,184.43,183.75,169.84,,0.24,Other ETFs/Misc,BULLISH,,,,,,,,
2026-09-24,ICIGOL,128.43,🟡 HOLD / REVIEW,ROE unavailable — verify fundamentals manually.,2026-09-24 11:45:56 IST,128.43,128.27,127.08,,5.09,Other ETFs/Misc,BULLISH,,,,,,,,
2026-09-24,ICINIF,,⚪ NO DATA,Could not evaluate (no data) — verify manually.,2026-09-24 11:45:56 IST,,,,,1.47,Other ETFs/Misc,NO_DATA,,,,,,,,
2026-09-24,ICIPSE,227.3,🔴 STRG SELL,Below 200 DMA structural breakdown.,2026-09-24 11:45:56 IST,227.3,227.62,240.07,,7.69,Other ETFs/Misc,BEARISH,,,,,,,,
2026-09-24,NIPNIT,31.51,🔴 STRG SELL,Below 200 DMA structural breakdown.,2026-09-24 11:45:56 IST,31.51,33.48,34.84,,0.18,IT,BEARISH,,,,,,,,
2026-09-24,BHAELE,397.7,🔴 STRG SELL,Below 200 DMA structural breakdown.,2026-09-24 11:45:56 IST,397.7,402.76,417.41,,5.03,Defense,BEARISH,,,,,,,,
2026-09-24,TATGLO,988.0,🔴 STRG SELL,Below 200 DMA structural breakdown.,2026-09-24 11:45:56 IST,988.0,1050.98,1112.4,,5.41,Consumption,BEARISH,,,,,,,,
2026-09-24,JIOFIN,229.68,🔴 STRG SELL,Below 200 DMA structural breakdown.,2026-09-24 11:45:56 IST,229.68,241.21,249.88,,1.94,Financial Services,BEARISH,,,,,,,,
2026-09-24,WIPRO,164.8,🔴 STRG SELL,Below 200 DMA structural breakdown.,2026-09-24 11:45:56 IST,164.8,176.95,199.98,0.1613,6.88,IT,BEARISH,,,,,,,,
2026-09-24,ENGIND,298.1,🟡 HOLD / REVIEW,ROE unavailable — verify fundamentals manually.,2026-09-24 11:45:56 IST,298.1,249.86,222.85,,0.74,Infrastructure,BULLISH,,,,,,,,
2026-09-24,LIC,408.0,🟡 HOLD / REVIEW,ROE unavailable — verify fundamentals manually.,2026-09-24 11:45:56 IST,408.0,412.42,407.35,,5.04,Insurance,NEUTRAL,,,,,,,,
2026-09-24,MIR150,23.24,🟡 HOLD / REVIEW,ROE unavailable — verify fundamentals manually.,2026-09-24 11:45:56 IST,23.24,23.65,22.68,,0.25,Other ETFs/Misc,NEUTRAL,,,,,,,,
2026-09-24,DRREDD,1205.1,🔴 STRG SELL,Below 200 DMA structural breakdown.,2026-09-24 11:45:56 IST,1205.1,1173.86,1242.84,0.0884,1.2,Pharma,BEARISH,,,,,,,,
2026-09-24,SEQSCI,249.0,🟡 HOLD / REVIEW,ROE unavailable — verify fundamentals manually.,2026-09-24 11:45:56 IST,249.0,260.58,232.01,,0.4,Pharma,NEUTRAL,,,,,,,,
2026-09-24,JSWENE,515.95,🔴 STRG SELL,Below 200 DMA structural breakdown.,2026-09-24 11:45:56 IST,515.95,543.08,523.3,,4.92,Power,BEARISH,,,,,,,,
2026-09-24,NHPC,76.69,🔴 STRG SELL,Below 200 DMA structural breakdown.,2026-09-24 11:45:56 IST,76.69,77.16,77.37,,0.66,Power,BEARISH,,,,,,,,
2026-09-24,NTPC,326.55,🔴 STRG SELL,Below 200 DMA structural breakdown.,2026-09-24 11:45:56 IST,326.55,335.1,354.46,,0.71,Power,BEARISH,,,,,,,,
2026-09-24,NTPGRE,95.56,🟡 HOLD / REVIEW,ROE unavailable — verify fundamentals manually.,2026-09-24 11:45:56 IST,95.56,90.95,95.33,,2.19,Power,NEUTRAL,,,,,,,,
2026-09-24,SJVLIM,62.27,🔴 STRG SELL,Below 200 DMA structural breakdown.,2026-09-24 11:45:56 IST,62.27,66.39,71.4,,0.77,Power,BEARISH,,,,,,,,
2026-09-24,TATPOW,366.85,🔴 STRG SELL,Below 200 DMA structural breakdown.,2026-09-24 11:45:56 IST,366.85,371.96,385.52,,0.52,Power,BEARISH,,,,,,,,
2026-09-24,GAIL,172.57,🟡 HOLD / REVIEW,ROE unavailable — verify fundamentals manually.,2026-09-24 11:45:56 IST,172.57,173.51,164.75,,1.54,Oil & Gas,NEUTRAL,,,,,,,,
2026-09-24,GUJGA,,⚪ NO DATA,Could not evaluate (no data) — verify manually.,2026-09-24 11:45:56 IST,,,,,0.43,Oil & Gas,NO_DATA,,,,,,,,
2026-09-24,HINPET,355.6,🔴 STRG SELL,Below 200 DMA structural breakdown.,2026-09-24 11:45:56 IST,355.6,366.05,382.26,,0.84,Oil & Gas,BEARISH,,,,,,,,
2026-09-24,ONGC,235.9,🔴 STRG SELL,Below 200 DMA structural breakdown.,2026-09-24 11:45:56 IST,235.9,237.65,254.76,,1.58,Oil & Gas,BEARISH,,,,,,,,
2026-09-24,PETLNG,287.65,🟡 HOLD / REVIEW,ROE unavailable — verify fundamentals manually.,2026-09-24 11:45:56 IST,287.65,284.1,279.02,,0.58,Oil & Gas,BULLISH,,,,,,,,
2026-09-24,RELIND,1233.2,🔴 STRG SELL,Below 200 DMA structural breakdown.,2026-09-24 11:45:56 IST,1233.2,1291.14,1365.0,,15.37,Oil & Gas,BEARISH,,,,,,,,
2026-09-24,GUJPPL,163.82,🟡 HOLD / REVIEW,ROE unavailable — verify fundamentals manually.,2026-09-24 11:45:56 IST,163.82,155.12,158.15,,0.48,Infrastructure,NEUTRAL,,,,,,,,
2026-09-24,IDECEL,14.3,🟡 HOLD / REVIEW,ROE unavailable — verify fundamentals manually.,2026-09-24 11:45:56 IST,14.3,13.96,12.22,,3.21,Telecom,BULLISH,,,,,,,,
2026-09-24,ASHLEY,159.85,🔴 STRG SELL,Below 200 DMA structural breakdown.,2026-09-24 11:49:33 IST,159.85,167.01,170.02,,2.52,Auto,BEARISH,,,,,,,,
2026-09-24,TATCAP,339.0,🔴 STRG SELL,Below 200 DMA structural breakdown.,2026-09-24 11:49:33 IST,339.0,360.63,340.23,,2.15,Financial Services,BEARISH,,,,,,,,
2026-09-24,FEDBAN,327.35,🟡 HOLD / REVIEW,ROE unavailable — verify fundamentals manually.,2026-09-24 11:49:33 IST,327.35,349.21,302.52,,2.12,Banking,NEUTRAL,,,,,,,,
2026-09-24,HDFBAN,732.4,🔴 STRG SELL,Below 200 DMA structural breakdown.,2026-09-24 11:49:33 IST,732.4,729.67,809.74,0.1384,14.81,Banking,BEARISH,,,,,,,,
2026-09-24,LGELEC,1698.5,🟡 HOLD / REVIEW,ROE unavailable — verify fundamentals manually.,2026-09-24 11:49:33 IST,1698.5,1617.81,1546.54,,3.03,Consumer Electronics,BULLISH,,,,,,,,
2026-09-24,HDF250,184.43,🟡 HOLD / REVIEW,ROE unavailable — verify fundamentals manually.,2026-09-24 11:49:33 IST,184.43,183.75,169.84,,0.24,Other ETFs/Misc,BULLISH,,,,,,,,
2026-09-24,ICIGOL,128.41,🟡 HOLD / REVIEW,ROE unavailable — verify fundamentals manually.,2026-09-24 11:49:33 IST,128.41,128.27,127.08,,5.09,Other ETFs/Misc,BULLISH,,,,,,,,
2026-09-24,ICINIF,,⚪ NO DATA,Could not evaluate (no data) — verify manually.,2026-09-24 11:49:33 IST,,,,,1.47,Other ETFs/Misc,NO_DATA,,,,,,,,
2026-09-24,ICIPSE,227.49,🔴 STRG SELL,Below 200 DMA structural breakdown.,2026-09-24 11:49:33 IST,227.49,227.62,240.07,,7.69,Other ETFs/Misc,BEARISH,,,,,,,,
2026-09-24,NIPNIT,31.53,🔴 STRG SELL,Below 200 DMA structural breakdown.,2026-09-24 11:49:33 IST,31.53,33.48,34.84,,0.18,IT,BEARISH,,,,,,,,
2026-09-24,BHAELE,397.6,🔴 STRG SELL,Below 200 DMA structural breakdown.,2026-09-24 11:49:33 IST,397.6,402.76,417.41,,5.03,Defense,BEARISH,,,,,,,,
2026-09-24,TATGLO,987.7,🔴 STRG SELL,Below 200 DMA structural breakdown.,2026-09-24 11:49:33 IST,987.7,1050.97,1112.4,,5.41,Consumption,BEARISH,,,,,,,,
2026-09-24,JIOFIN,229.61,🔴 STRG SELL,Below 200 DMA structural breakdown.,2026-09-24 11:49:33 IST,229.61,241.21,249.88,,1.94,Financial Services,BEARISH,,,,,,,,
2026-09-24,WIPRO,165.06,🔴 STRG SELL,Below 200 DMA structural breakdown.,2026-09-24 11:49:33 IST,165.06,176.95,199.99,0.1613,6.88,IT,BEARISH,,,,,,,,
2026-09-24,ENGIND,298.0,🟡 HOLD / REVIEW,ROE unavailable — verify fundamentals manually.,2026-09-24 11:49:33 IST,298.0,249.86,222.85,,0.74,Infrastructure,BULLISH,,,,,,,,
2026-09-24,LIC,408.4,🟡 HOLD / REVIEW,ROE unavailable — verify fundamentals manually.,2026-09-24 11:49:33 IST,408.4,412.43,407.35,,5.04,Insurance,NEUTRAL,,,,,,,,
2026-09-24,MIR150,23.24,🟡 HOLD / REVIEW,ROE unavailable — verify fundamentals manually.,2026-09-24 11:49:33 IST,23.24,23.65,22.68,,0.25,Other ETFs/Misc,NEUTRAL,,,,,,,,
2026-09-24,DRREDD,1204.6,🔴 STRG SELL,Below 200 DMA structural breakdown.,2026-09-24 11:49:33 IST,1204.6,1173.85,1242.84,0.0884,1.2,Pharma,BEARISH,,,,,,,,
2026-09-24,SEQSCI,248.95,🟡 HOLD / REVIEW,ROE unavailable — verify fundamentals manually.,2026-09-24 11:49:33 IST,248.95,260.57,232.01,,0.4,Pharma,NEUTRAL,,,,,,,,
2026-09-24,JSWENE,515.9,🔴 STRG SELL,Below 200 DMA structural breakdown.,2026-09-24 11:49:33 IST,515.9,543.08,523.3,,4.92,Power,BEARISH,,,,,,,,
2026-09-24,NHPC,76.61,🔴 STRG SELL,Below 200 DMA structural breakdown.,2026-09-24 11:49:33 IST,76.61,77.16,77.37,,0.66,Power,BEARISH,,,,,,,,
2026-09-24,NTPC,326.45,🔴 STRG SELL,Below 200 DMA structural breakdown.,2026-09-24 11:49:33 IST,326.45,335.1,354.46,,0.71,Power,BEARISH,,,,,,,,
2026-09-24,NTPGRE,95.42,🟡 HOLD / REVIEW,ROE unavailable — verify fundamentals manually.,2026-09-24 11:49:33 IST,95.42,90.95,95.33,,2.19,Power,NEUTRAL,,,,,,,,
2026-09-24,SJVLIM,62.25,🔴 STRG SELL,Below 200 DMA structural breakdown.,2026-09-24 11:49:33 IST,62.25,66.39,71.4,,0.77,Power,BEARISH,,,,,,,,
2026-09-24,TATPOW,366.5,🔴 STRG SELL,Below 200 DMA structural breakdown.,2026-09-24 11:49:33 IST,366.5,371.95,385.52,,0.52,Power,BEARISH,,,,,,,,
2026-09-24,GAIL,172.56,🟡 HOLD / REVIEW,ROE unavailable — verify fundamentals manually.,2026-09-24 11:49:33 IST,172.56,173.51,164.75,,1.54,Oil & Gas,NEUTRAL,,,,,,,,
2026-09-24,GUJGA,,⚪ NO DATA,Could not evaluate (no data) — verify manually.,2026-09-24 11:49:33 IST,,,,,0.43,Oil & Gas,NO_DATA,,,,,,,,
2026-09-24,HINPET,355.35,🔴 STRG SELL,Below 200 DMA structural breakdown.,2026-09-24 11:49:33 IST,355.35,366.05,382.26,,0.84,Oil & Gas,BEARISH,,,,,,,,
2026-09-24,ONGC,235.97,🔴 STRG SELL,Below 200 DMA structural breakdown.,2026-09-24 11:49:33 IST,235.97,237.65,254.76,,1.58,Oil & Gas,BEARISH,,,,,,,,
2026-09-24,PETLNG,287.5,🟡 HOLD / REVIEW,ROE unavailable — verify fundamentals manually.,2026-09-24 11:49:33 IST,287.5,284.1,279.02,,0.58,Oil & Gas,BULLISH,,,,,,,,
2026-09-24,RELIND,1232.5,🔴 STRG SELL,Below 200 DMA structural breakdown.,2026-09-24 11:49:33 IST,1232.5,1291.12,1364.99,,15.37,Oil & Gas,BEARISH,,,,,,,,
2026-09-24,GUJPPL,163.82,🟡 HOLD / REVIEW,ROE unavailable — verify fundamentals manually.,2026-09-24 11:49:33 IST,163.82,155.12,158.15,,0.48,Infrastructure,NEUTRAL,,,,,,,,
2026-09-24,IDECEL,14.3,🟡 HOLD / REVIEW,ROE unavailable — verify fundamentals manually.,2026-09-24 11:49:33 IST,14.3,13.96,12.22,,3.21,Telecom,BULLISH,,,,,,,,
2026-09-24,ASHLEY,159.75,🔴 STRG SELL,Below 200 DMA structural breakdown.,2026-09-24 11:50:55 IST,159.75,167.01,170.02,,2.52,Auto,BEARISH,,,,,,,,
2026-09-24,TATCAP,339.3,🔴 STRG SELL,Below 200 DMA structural breakdown.,2026-09-24 11:50:55 IST,339.3,360.64,340.23,,2.15,Financial Services,BEARISH,,,,,,,,
2026-09-24,FEDBAN,327.5,🟡 HOLD / REVIEW,ROE unavailable — verify fundamentals manually.,2026-09-24 11:50:55 IST,327.5,349.21,302.52,,2.12,Banking,NEUTRAL,,,,,,,,
2026-09-24,HDFBAN,732.5,🔴 STRG SELL,Below 200 DMA structural breakdown.,2026-09-24 11:50:55 IST,732.5,729.67,809.74,0.1384,14.81,Banking,BEARISH,,,,,,,,
2026-09-24,LGELEC,1698.5,🟡 HOLD / REVIEW,ROE unavailable — verify fundamentals manually.,2026-09-24 11:50:55 IST,1698.5,1617.81,1546.54,,3.03,Consumer Electronics,BULLISH,,,,,,,,
2026-09-24,HDF250,184.45,🟡 HOLD / REVIEW,ROE unavailable — verify fundamentals manually.,2026-09-24 11:50:55 IST,184.45,183.75,169.84,,0.24,Other ETFs/Misc,BULLISH,,,,,,,,
2026-09-24,ICIGOL,128.44,🟡 HOLD / REVIEW,ROE unavailable — verify fundamentals manually.,2026-09-24 11:50:55 IST,128.44,128.27,127.08,,5.09,Other ETFs/Misc,BULLISH,,,,,,,,
2026-09-24,ICINIF,,⚪ NO DATA,Could not evaluate (no data) — verify manually.,2026-09-24 11:50:55 IST,,,,,1.47,Other ETFs/Misc,NO_DATA,,,,,,,,
2026-09-24,ICIPSE,227.35,🔴 STRG SELL,Below 200 DMA structural breakdown.,2026-09-24 11:50:55 IST,227.35,227.62,240.07,,7.69,Other ETFs/Misc,BEARISH,,,,,,,,
2026-09-24,NIPNIT,31.54,🔴 STRG SELL,Below 200 DMA structural breakdown.,2026-09-24 11:50:55 IST,31.54,33.48,34.84,,0.18,IT,BEARISH,,,,,,,,
2026-09-24,BHAELE,397.5,🔴 STRG SELL,Below 200 DMA structural breakdown.,2026-09-24 11:50:55 IST,397.5,402.76,417.41,,5.03,Defense,BEARISH,,,,,,,,
2026-09-24,TATGLO,988.0,🔴 STRG SELL,Below 200 DMA structural breakdown.,2026-09-24 11:50:55 IST,988.0,1050.98,1112.4,,5.41,Consumption,BEARISH,,,,,,,,
2026-09-24,JIOFIN,229.58,🔴 STRG SELL,Below 200 DMA structural breakdown.,2026-09-24 11:50:55 IST,229.58,241.21,249.88,,1.94,Financial Services,BEARISH,,,,,,,,
2026-09-24,WIPRO,165.04,🔴 STRG SELL,Below 200 DMA structural breakdown.,2026-09-24 11:50:55 IST,165.04,176.95,199.99,0.1613,6.88,IT,BEARISH,,,,,,,,
2026-09-24,ENGIND,297.85,🟡 HOLD / REVIEW,ROE unavailable — verify fundamentals manually.,2026-09-24 11:50:55 IST,297.85,249.86,222.85,,0.74,Infrastructure,BULLISH,,,,,,,,
2026-09-24,LIC,407.25,🔴 STRG SELL,Below 200 DMA structural breakdown.,2026-09-24 11:50:55 IST,407.25,412.41,407.35,,5.04,Insurance,BEARISH,,,,,,,,
2026-09-24,MIR150,23.24,🟡 HOLD / REVIEW,ROE unavailable — verify fundamentals manually.,2026-09-24 11:50:55 IST,23.24,23.65,22.68,,0.25,Other ETFs/Misc,NEUTRAL,,,,,,,,
2026-09-24,DRREDD,1205.1,🔴 STRG SELL,Below 200 DMA structural breakdown.,2026-09-24 11:50:55 IST,1205.1,1173.86,1242.84,0.0884,1.2,Pharma,BEARISH,,,,,,,,
2026-09-24,SEQSCI,248.9,🟡 HOLD / REVIEW,ROE unavailable — verify fundamentals manually.,2026-09-24 11:50:55 IST,248.9,260.57,232.01,,0.4,Pharma,NEUTRAL,,,,,,,,
2026-09-24,JSWENE,515.85,🔴 STRG SELL,Below 200 DMA structural breakdown.,2026-09-24 11:50:55 IST,515.85,543.07,523.3,,4.92,Power,BEARISH,,,,,,,,
2026-09-24,NHPC,76.52,🔴 STRG SELL,Below 200 DMA structural breakdown.,2026-09-24 11:50:55 IST,76.52,77.16,77.37,,0.66,Power,BEARISH,,,,,,,,
2026-09-24,NTPC,326.45,🔴 STRG SELL,Below 200 DMA structural breakdown.,2026-09-24 11:50:55 IST,326.45,335.1,354.46,,0.71,Power,BEARISH,,,,,,,,
2026-09-24,NTPGRE,95.44,🟡 HOLD / REVIEW,ROE unavailable — verify fundamentals manually.,2026-09-24 11:50:55 IST,95.44,90.95,95.33,,2.19,Power,NEUTRAL,,,,,,,,
2026-09-24,SJVLIM,62.25,🔴 STRG SELL,Below 200 DMA structural breakdown.,2026-09-24 11:50:55 IST,62.25,66.39,71.4,,0.77,Power,BEARISH,,,,,,,,
2026-09-24,TATPOW,366.35,🔴 STRG SELL,Below 200 DMA structural breakdown.,2026-09-24 11:50:55 IST,366.35,371.95,385.52,,0.52,Power,BEARISH,,,,,,,,
2026-09-24,GAIL,172.49,🟡 HOLD / REVIEW,ROE unavailable — verify fundamentals manually.,2026-09-24 11:50:55 IST,172.49,173.5,164.75,,1.54,Oil & Gas,NEUTRAL,,,,,,,,
2026-09-24,GUJGA,,⚪ NO DATA,Could not evaluate (no data) — verify manually.,2026-09-24 11:50:55 IST,,,,,0.43,Oil & Gas,NO_DATA,,,,,,,,
2026-09-24,HINPET,355.25,🔴 STRG SELL,Below 200 DMA structural breakdown.,2026-09-24 11:50:55 IST,355.25,366.05,382.26,,0.84,Oil & Gas,BEARISH,,,,,,,,
2026-09-24,ONGC,235.9,🔴 STRG SELL,Below 200 DMA structural breakdown.,2026-09-24 11:50:55 IST,235.9,237.65,254.76,,1.58,Oil & Gas,BEARISH,,,,,,,,
2026-09-24,PETLNG,287.5,🟡 HOLD / REVIEW,ROE unavailable — verify fundamentals manually.,2026-09-24 11:50:55 IST,287.5,284.1,279.02,,0.58,Oil & Gas,BULLISH,,,,,,,,
2026-09-24,RELIND,1232.6,🔴 STRG SELL,Below 200 DMA structural breakdown.,2026-09-24 11:50:55 IST,1232.6,1291.12,1364.99,,15.37,Oil & Gas,BEARISH,,,,,,,,
2026-09-24,GUJPPL,163.83,🟡 HOLD / REVIEW,ROE unavailable — verify fundamentals manually.,2026-09-24 11:50:55 IST,163.83,155.12,158.15,,0.48,Infrastructure,NEUTRAL,,,,,,,,
2026-09-24,IDECEL,14.29,🟡 HOLD / REVIEW,ROE unavailable — verify fundamentals manually.,2026-09-24 11:50:55 IST,14.29,13.96,12.22,,3.21,Telecom,BULLISH,,,,,,,,
2026-09-24,ASHLEY,158.82,🔴 STRG SELL,Below 200 DMA structural breakdown.,2026-09-24 13:42:00 IST,158.82,166.99,170.01,,2.52,Auto,BEARISH,,,,,,,,
2026-09-24,TATCAP,336.9,🔴 STRG SELL,Below 200 DMA structural breakdown.,2026-09-24 13:42:00 IST,336.9,360.59,340.22,,2.15,Financial Services,BEARISH,,,,,,,,
2026-09-24,FEDBAN,330.95,🟡 HOLD / REVIEW,ROE unavailable — verify fundamentals manually.,2026-09-24 13:42:00 IST,330.95,349.28,302.53,,2.12,Banking,NEUTRAL,,,,,,,,
2026-09-24,HDFBAN,730.55,🔴 STRG SELL,Below 200 DMA structural breakdown.,2026-09-24 13:42:00 IST,730.55,729.63,809.73,0.1384,14.81,Banking,BEARISH,,,,,,,,
2026-09-24,LGELEC,1709.4,🟡 HOLD / REVIEW,ROE unavailable — verify fundamentals manually.,2026-09-24 13:42:00 IST,1709.4,1618.02,1546.59,,3.03,Consumer Electronics,BULLISH,,,,,,,,
2026-09-24,HDF250,183.67,🟡 HOLD / REVIEW,ROE unavailable — verify fundamentals manually.,2026-09-24 13:42:00 IST,183.67,183.74,169.84,,0.24,Other ETFs/Misc,NEUTRAL,,,,,,,,
2026-09-24,ICIGOL,128.42,🟡 HOLD / REVIEW,ROE unavailable — verify fundamentals manually.,2026-09-24 13:42:00 IST,128.42,128.27,127.08,,5.09,Other ETFs/Misc,BULLISH,,,,,,,,
2026-09-24,ICINIF,,⚪ NO DATA,Could not evaluate (no data) — verify manually.,2026-09-24 13:42:00 IST,,,,,1.47,Other ETFs/Misc,NO_DATA,,,,,,,,
2026-09-24,ICIPSE,227.01,🔴 STRG SELL,Below 200 DMA structural breakdown.,2026-09-24 13:42:00 IST,227.01,227.61,240.07,,7.69,Other ETFs/Misc,BEARISH,,,,,,,,
2026-09-24,NIPNIT,31.42,🔴 STRG SELL,Below 200 DMA structural breakdown.,2026-09-24 13:42:00 IST,31.42,33.48,34.84,,0.18,IT,BEARISH,,,,,,,,
2026-09-24,BHAELE,395.9,🔴 STRG SELL,Below 200 DMA structural breakdown.,2026-09-24 13:42:00 IST,395.9,402.73,417.4,,5.03,Defense,BEARISH,,,,,,,,
2026-09-24,TATGLO,987.5,🔴 STRG SELL,Below 200 DMA structural breakdown.,2026-09-24 13:42:00 IST,987.5,1050.97,1112.4,,5.41,Consumption,BEARISH,,,,,,,,
2026-09-24,JIOFIN,228.8,🔴 STRG SELL,Below 200 DMA structural breakdown.,2026-09-24 13:42:00 IST,228.8,241.19,249.87,,1.94,Financial Services,BEARISH,,,,,,,,
2026-09-24,WIPRO,164.48,🔴 STRG SELL,Below 200 DMA structural breakdown.,2026-09-24 13:42:00 IST,164.48,176.94,199.98,0.1613,6.88,IT,BEARISH,,,,,,,,
2026-09-24,ENGIND,298.5,🟡 HOLD / REVIEW,ROE unavailable — verify fundamentals manually.,2026-09-24 13:42:00 IST,298.5,249.87,222.85,,0.74,Infrastructure,BULLISH,,,,,,,,
2026-09-24,LIC,403.95,🔴 STRG SELL,Below 200 DMA structural breakdown.,2026-09-24 13:42:00 IST,403.95,412.34,407.33,,5.04,Insurance,BEARISH,,,,,,,,
2026-09-24,MIR150,23.14,🟡 HOLD / REVIEW,ROE unavailable — verify fundamentals manually.,2026-09-24 13:42:00 IST,23.14,23.65,22.68,,0.25,Other ETFs/Misc,NEUTRAL,,,,,,,,
2026-09-24,DRREDD,1204.8,🔴 STRG SELL,Below 200 DMA structural breakdown.,2026-09-24 13:42:00 IST,1204.8,1173.85,1242.84,0.0884,1.2,Pharma,BEARISH,,,,,,,,
2026-09-24,SEQSCI,247.1,🟡 HOLD / REVIEW,ROE unavailable — verify fundamentals manually.,2026-09-24 13:42:00 IST,247.1,260.54,232.0,,0.4,Pharma,NEUTRAL,,,,,,,,
2026-09-24,JSWENE,511.05,🔴 STRG SELL,Below 200 DMA structural breakdown.,2026-09-24 13:42:00 IST,511.05,542.98,523.27,,4.92,Power,BEARISH,,,,,,,,
2026-09-24,NHPC,76.34,🔴 STRG SELL,Below 200 DMA structural breakdown.,2026-09-24 13:42:00 IST,76.34,77.16,77.37,,0.66,Power,BEARISH,,,,,,,,
2026-09-24,NTPC,325.9,🔴 STRG SELL,Below 200 DMA structural breakdown.,2026-09-24 13:42:00 IST,325.9,335.09,354.46,,0.71,Power,BEARISH,,,,,,,,
2026-09-24,NTPGRE,95.7,🟡 HOLD / REVIEW,ROE unavailable — verify fundamentals manually.,2026-09-24 13:42:00 IST,95.7,90.96,95.33,,2.19,Power,NEUTRAL,,,,,,,,
2026-09-24,SJVLIM,62.22,🔴 STRG SELL,Below 200 DMA structural breakdown.,2026-09-24 13:42:00 IST,62.22,66.39,71.4,,0.77,Power,BEARISH,,,,,,,,
2026-09-24,TATPOW,364.5,🔴 STRG SELL,Below 200 DMA structural breakdown.,2026-09-24 13:42:00 IST,364.5,371.91,385.51,,0.52,Power,BEARISH,,,,,,,,
2026-09-24,GAIL,172.92,🟡 HOLD / REVIEW,ROE unavailable — verify fundamentals manually.,2026-09-24 13:42:00 IST,172.92,173.51,164.76,,1.54,Oil & Gas,NEUTRAL,,,,,,,,
2026-09-24,GUJGA,,⚪ NO DATA,Could not evaluate (no data) — verify manually.,2026-09-24 13:42:00 IST,,,,,0.43,Oil & Gas,NO_DATA,,,,,,,,
2026-09-24,HINPET,353.3,🔴 STRG SELL,Below 200 DMA structural breakdown.,2026-09-24 13:42:00 IST,353.3,366.01,382.25,,0.84,Oil & Gas,BEARISH,,,,,,,,
2026-09-24,ONGC,236.15,🔴 STRG SELL,Below 200 DMA structural breakdown.,2026-09-24 13:42:00 IST,236.15,237.65,254.77,,1.58,Oil & Gas,BEARISH,,,,,,,,
2026-09-24,PETLNG,287.0,🟡 HOLD / REVIEW,ROE unavailable — verify fundamentals manually.,2026-09-24 13:42:00 IST,287.0,284.09,279.02,,0.58,Oil & Gas,BULLISH,,,,,,,,
2026-09-24,RELIND,1227.3,🔴 STRG SELL,Below 200 DMA structural breakdown.,2026-09-24 13:42:00 IST,1227.3,1291.02,1364.97,,15.37,Oil & Gas,BEARISH,,,,,,,,
2026-09-24,GUJPPL,163.05,🟡 HOLD / REVIEW,ROE unavailable — verify fundamentals manually.,2026-09-24 13:42:00 IST,163.05,155.11,158.15,,0.48,Infrastructure,NEUTRAL,,,,,,,,
2026-09-24,IDECEL,14.13,🟡 HOLD / REVIEW,ROE unavailable — verify fundamentals manually.,2026-09-24 13:42:00 IST,14.13,13.95,12.22,,3.21,Telecom,BULLISH,,,,,,,,
2026-09-24,ASHLEY,158.39,🔴 STRG SELL,Below 200 DMA structural breakdown.,2026-09-24 14:04:14 IST,158.39,166.98,170.01,,2.52,Auto,BEARISH,,,,,,,,
2026-09-24,TATCAP,335.9,🔴 STRG SELL,Below 200 DMA structural breakdown.,2026-09-24 14:04:14 IST,335.9,360.57,340.21,,2.15,Financial Services,BEARISH,,,,,,,,
2026-09-24,FEDBAN,330.8,🟡 HOLD / REVIEW,ROE unavailable — verify fundamentals manually.,2026-09-24 14:04:14 IST,330.8,349.28,302.53,,2.12,Banking,NEUTRAL,,,,,,,,
2026-09-24,HDFBAN,728.85,🔴 STRG SELL,Below 200 DMA structural breakdown.,2026-09-24 14:04:14 IST,728.85,729.6,809.72,0.1384,14.81,Banking,BEARISH,,,,,,,,
2026-09-24,LGELEC,1700.9,🟡 HOLD / REVIEW,ROE unavailable — verify fundamentals manually.,2026-09-24 14:04:14 IST,1700.9,1617.85,1546.55,,3.03,Consumer Electronics,BULLISH,,,,,,,,
2026-09-24,HDF250,183.11,🟡 HOLD / REVIEW,ROE unavailable — verify fundamentals manually.,2026-09-24 14:04:14 IST,183.11,183.73,169.84,,0.24,Other ETFs/Misc,NEUTRAL,,,,,,,,
2026-09-24,ICIGOL,128.09,🟡 HOLD / REVIEW,ROE unavailable — verify fundamentals manually.,2026-09-24 14:04:14 IST,128.09,128.27,127.08,,5.09,Other ETFs/Misc,NEUTRAL,,,,,,,,
2026-09-24,ICINIF,,⚪ NO DATA,Could not evaluate (no data) — verify manually.,2026-09-24 14:04:14 IST,,,,,1.47,Other ETFs/Misc,NO_DATA,,,,,,,,
2026-09-24,ICIPSE,225.88,🔴 STRG SELL,Below 200 DMA structural breakdown.,2026-09-24 14:04:14 IST,225.88,227.59,240.06,,7.69,Other ETFs/Misc,BEARISH,,,,,,,,
2026-09-24,NIPNIT,31.36,🔴 STRG SELL,Below 200 DMA structural breakdown.,2026-09-24 14:04:14 IST,31.36,33.48,34.84,,0.18,IT,BEARISH,,,,,,,,
2026-09-24,BHAELE,394.1,🔴 STRG SELL,Below 200 DMA structural breakdown.,2026-09-24 14:04:14 IST,394.1,402.69,417.39,,5.03,Defense,BEARISH,,,,,,,,
2026-09-24,TATGLO,987.1,🔴 STRG SELL,Below 200 DMA structural breakdown.,2026-09-24 14:04:14 IST,987.1,1050.96,1112.39,,5.41,Consumption,BEARISH,,,,,,,,
2026-09-24,JIOFIN,227.81,🔴 STRG SELL,Below 200 DMA structural breakdown.,2026-09-24 14:04:14 IST,227.81,241.17,249.87,,1.94,Financial Services,BEARISH,,,,,,,,
2026-09-24,WIPRO,164.05,🔴 STRG SELL,Below 200 DMA structural breakdown.,2026-09-24 14:04:14 IST,164.05,176.93,199.98,0.1613,6.88,IT,BEARISH,,,,,,,,
2026-09-24,ENGIND,297.95,🟡 HOLD / REVIEW,ROE unavailable — verify fundamentals manually.,2026-09-24 14:04:14 IST,297.95,249.86,222.85,,0.74,Infrastructure,BULLISH,,,,,,,,
2026-09-24,LIC,402.0,🔴 STRG SELL,Below 200 DMA structural breakdown.,2026-09-24 14:04:14 IST,402.0,412.3,407.32,,5.04,Insurance,BEARISH,,,,,,,,
2026-09-24,MIR150,23.06,🟡 HOLD / REVIEW,ROE unavailable — verify fundamentals manually.,2026-09-24 14:04:14 IST,23.06,23.65,22.68,,0.25,Other ETFs/Misc,NEUTRAL,,,,,,,,
2026-09-24,DRREDD,1200.3,🔴 STRG SELL,Below 200 DMA structural breakdown.,2026-09-24 14:04:14 IST,1200.3,1173.76,1242.82,0.0884,1.2,Pharma,BEARISH,,,,,,,,
2026-09-24,SEQSCI,245.75,🟡 HOLD / REVIEW,ROE unavailable — verify fundamentals manually.,2026-09-24 14:04:14 IST,245.75,260.51,232.0,,0.4,Pharma,NEUTRAL,,,,,,,,
2026-09-24,JSWENE,509.3,🔴 STRG SELL,Below 200 DMA structural breakdown.,2026-09-24 14:04:14 IST,509.3,542.94,523.26,,4.92,Power,BEARISH,,,,,,,,
2026-09-24,NHPC,76.09,🔴 STRG SELL,Below 200 DMA structural breakdown.,2026-09-24 14:04:14 IST,76.09,77.15,77.37,,0.66,Power,BEARISH,,,,,,,,
2026-09-24,NTPC,324.95,🔴 STRG SELL,Below 200 DMA structural breakdown.,2026-09-24 14:04:14 IST,324.95,335.07,354.46,,0.71,Power,BEARISH,,,,,,,,
2026-09-24,NTPGRE,95.05,🔴 STRG SELL,Below 200 DMA structural breakdown.,2026-09-24 14:04:14 IST,95.05,90.94,95.33,,2.19,Power,BEARISH,,,,,,,,
2026-09-24,SJVLIM,62.12,🔴 STRG SELL,Below 200 DMA structural breakdown.,2026-09-24 14:04:14 IST,62.12,66.39,71.4,,0.77,Power,BEARISH,,,,,,,,
2026-09-24,TATPOW,363.7,🔴 STRG SELL,Below 200 DMA structural breakdown.,2026-09-24 14:04:14 IST,363.7,371.9,385.5,,0.52,Power,BEARISH,,,,,,,,
2026-09-24,GAIL,172.63,🟡 HOLD / REVIEW,ROE unavailable — verify fundamentals manually.,2026-09-24 14:04:14 IST,172.63,173.51,164.75,,1.54,Oil & Gas,NEUTRAL,,,,,,,,
2026-09-24,GUJGA,,⚪ NO DATA,Could not evaluate (no data) — verify manually.,2026-09-24 14:04:14 IST,,,,,0.43,Oil & Gas,NO_DATA,,,,,,,,
2026-09-24,HINPET,352.3,🔴 STRG SELL,Below 200 DMA structural breakdown.,2026-09-24 14:04:14 IST,352.3,365.99,382.25,,0.84,Oil & Gas,BEARISH,,,,,,,,
2026-09-24,ONGC,236.32,🔴 STRG SELL,Below 200 DMA structural breakdown.,2026-09-24 14:04:14 IST,236.32,237.66,254.77,,1.58,Oil & Gas,BEARISH,,,,,,,,
2026-09-24,PETLNG,286.25,🟡 HOLD / REVIEW,ROE unavailable — verify fundamentals manually.,2026-09-24 14:04:14 IST,286.25,284.07,279.01,,0.58,Oil & Gas,BULLISH,,,,,,,,
2026-09-24,RELIND,1224.7,🔴 STRG SELL,Below 200 DMA structural breakdown.,2026-09-24 14:04:14 IST,1224.7,1290.97,1364.96,,15.37,Oil & Gas,BEARISH,,,,,,,,
2026-09-24,GUJPPL,162.31,🟡 HOLD / REVIEW,ROE unavailable — verify fundamentals manually.,2026-09-24 14:04:14 IST,162.31,155.09,158.15,,0.48,Infrastructure,NEUTRAL,,,,,,,,
2026-09-24,IDECEL,14.12,🟡 HOLD / REVIEW,ROE unavailable — verify fundamentals manually.,2026-09-24 14:04:14 IST,14.12,13.95,12.22,,3.21,Telecom,BULLISH,,,,,,,,
2026-09-24,ASHLEY,158.24,🔴 STRG SELL,Below 200 DMA structural breakdown.,2026-09-24 14:16:08 IST,158.24,166.98,170.01,,2.52,Auto,BEARISH,,,,,,,,
2026-09-24,TATCAP,335.7,🔴 STRG SELL,Below 200 DMA structural breakdown.,2026-09-24 14:16:08 IST,335.7,360.57,340.21,,2.15,Financial Services,BEARISH,,,,,,,,
2026-09-24,FEDBAN,330.8,🟡 HOLD / REVIEW,ROE unavailable — verify fundamentals manually.,2026-09-24 14:16:08 IST,330.8,349.28,302.53,,2.12,Banking,NEUTRAL,,,,,,,,
2026-09-24,HDFBAN,729.0,🔴 STRG SELL,Below 200 DMA structural breakdown.,2026-09-24 14:16:08 IST,729.0,729.6,809.72,0.1384,14.81,Banking,BEARISH,,,,,,,,
2026-09-24,LGELEC,1699.2,🟡 HOLD / REVIEW,ROE unavailable — verify fundamentals manually.,2026-09-24 14:16:08 IST,1699.2,1617.82,1546.54,,3.03,Consumer Electronics,BULLISH,,,,,,,,
2026-09-24,HDF250,183.08,🟡 HOLD / REVIEW,ROE unavailable — verify fundamentals manually.,2026-09-24 14:16:08 IST,183.08,183.73,169.84,,0.24,Other ETFs/Misc,NEUTRAL,,,,,,,,
2026-09-24,ICIGOL,128.09,🟡 HOLD / REVIEW,ROE unavailable — verify fundamentals manually.,2026-09-24 14:16:08 IST,128.09,128.27,127.08,,5.09,Other ETFs/Misc,NEUTRAL,,,,,,,,
2026-09-24,ICINIF,,⚪ NO DATA,Could not evaluate (no data) — verify manually.,2026-09-24 14:16:08 IST,,,,,1.47,Other ETFs/Misc,NO_DATA,,,,,,,,
2026-09-24,ICIPSE,225.95,🔴 STRG SELL,Below 200 DMA structural breakdown.,2026-09-24 14:16:08 IST,225.95,227.59,240.06,,7.69,Other ETFs/Misc,BEARISH,,,,,,,,
2026-09-24,NIPNIT,31.36,🔴 STRG SELL,Below 200 DMA structural breakdown.,2026-09-24 14:16:08 IST,31.36,33.48,34.84,,0.18,IT,BEARISH,,,,,,,,
2026-09-24,BHAELE,393.35,🔴 STRG SELL,Below 200 DMA structural breakdown.,2026-09-24 14:16:08 IST,393.35,402.68,417.39,,5.03,Defense,BEARISH,,,,,,,,
2026-09-24,TATGLO,987.9,🔴 STRG SELL,Below 200 DMA structural breakdown.,2026-09-24 14:16:08 IST,987.9,1050.97,1112.4,,5.41,Consumption,BEARISH,,,,,,,,
2026-09-24,JIOFIN,227.38,🔴 STRG SELL,Below 200 DMA structural breakdown.,2026-09-24 14:16:08 IST,227.38,241.16,249.87,,1.94,Financial Services,BEARISH,,,,,,,,
2026-09-24,WIPRO,163.89,🔴 STRG SELL,Below 200 DMA structural breakdown.,2026-09-24 14:16:08 IST,163.89,176.93,199.98,0.1613,6.88,IT,BEARISH,,,,,,,,
2026-09-24,ENGIND,297.05,🟡 HOLD / REVIEW,ROE unavailable — verify fundamentals manually.,2026-09-24 14:16:08 IST,297.05,249.84,222.84,,0.74,Infrastructure,BULLISH,,,,,,,,
2026-09-24,LIC,402.0,🔴 STRG SELL,Below 200 DMA structural breakdown.,2026-09-24 14:16:08 IST,402.0,412.3,407.32,,5.04,Insurance,BEARISH,,,,,,,,
2026-09-24,MIR150,23.03,🟡 HOLD / REVIEW,ROE unavailable — verify fundamentals manually.,2026-09-24 14:16:08 IST,23.03,23.65,22.68,,0.25,Other ETFs/Misc,NEUTRAL,,,,,,,,
2026-09-24,DRREDD,1198.0,🔴 STRG SELL,Below 200 DMA structural breakdown.,2026-09-24 14:16:08 IST,1198.0,1173.71,1242.81,0.0884,1.2,Pharma,BEARISH,,,,,,,,
2026-09-24,SEQSCI,245.85,🟡 HOLD / REVIEW,ROE unavailable — verify fundamentals manually.,2026-09-24 14:16:08 IST,245.85,260.51,232.0,,0.4,Pharma,NEUTRAL,,,,,,,,
2026-09-24,JSWENE,508.25,🔴 STRG SELL,Below 200 DMA structural breakdown.,2026-09-24 14:16:08 IST,508.25,542.47,523.61,,4.92,Power,BEARISH,,,,,,,,
2026-09-24,NHPC,76.16,🔴 STRG SELL,Below 200 DMA structural breakdown.,2026-09-24 14:16:08 IST,76.16,77.15,77.37,,0.66,Power,BEARISH,,,,,,,,
2026-09-24,NTPC,324.6,🔴 STRG SELL,Below 200 DMA structural breakdown.,2026-09-24 14:16:08 IST,324.6,335.06,354.45,,0.71,Power,BEARISH,,,,,,,,
2026-09-24,NTPGRE,95.23,🔴 STRG SELL,Below 200 DMA structural breakdown.,2026-09-24 14:16:08 IST,95.23,90.95,95.33,,2.19,Power,BEARISH,,,,,,,,
2026-09-24,SJVLIM,62.15,🔴 STRG SELL,Below 200 DMA structural breakdown.,2026-09-24 14:16:08 IST,62.15,66.26,71.35,,0.77,Power,BEARISH,,,,,,,,
2026-09-24,TATPOW,363.6,🔴 STRG SELL,Below 200 DMA structural breakdown.,2026-09-24 14:16:08 IST,363.6,371.9,385.5,,0.52,Power,BEARISH,,,,,,,,
2026-09-24,GAIL,172.59,🟡 HOLD / REVIEW,ROE unavailable — verify fundamentals manually.,2026-09-24 14:16:08 IST,172.59,173.51,164.75,,1.54,Oil & Gas,NEUTRAL,,,,,,,,
2026-09-24,GUJGA,,⚪ NO DATA,Could not evaluate (no data) — verify manually.,2026-09-24 14:16:08 IST,,,,,0.43,Oil & Gas,NO_DATA,,,,,,,,
2026-09-24,HINPET,350.8,🔴 STRG SELL,Below 200 DMA structural breakdown.,2026-09-24 14:16:08 IST,350.8,365.96,382.24,,0.84,Oil & Gas,BEARISH,,,,,,,,
2026-09-24,ONGC,236.16,🔴 STRG SELL,Below 200 DMA structural breakdown.,2026-09-24 14:16:08 IST,236.16,237.65,254.77,,1.58,Oil & Gas,BEARISH,,,,,,,,
2026-09-24,PETLNG,286.0,🟡 HOLD / REVIEW,ROE unavailable — verify fundamentals manually.,2026-09-24 14:16:08 IST,286.0,284.27,279.11,,0.58,Oil & Gas,BULLISH,,,,,,,,
2026-09-24,RELIND,1224.1,🔴 STRG SELL,Below 200 DMA structural breakdown.,2026-09-24 14:16:08 IST,1224.1,1290.95,1364.95,,15.37,Oil & Gas,BEARISH,,,,,,,,
2026-09-24,GUJPPL,162.76,🟡 HOLD / REVIEW,ROE unavailable — verify fundamentals manually.,2026-09-24 14:16:08 IST,162.76,155.1,158.15,,0.48,Infrastructure,NEUTRAL,,,,,,,,
2026-09-24,IDECEL,14.1,🟡 HOLD / REVIEW,ROE unavailable — verify fundamentals manually.,2026-09-24 14:16:08 IST,14.1,13.95,12.22,,3.21,Telecom,BULLISH,,,,,,,,
2026-09-24,ASHLEY,157.3,🔴 STRG SELL,Below 200 DMA structural breakdown.,2026-09-24 17:48:34 IST,157.3,166.96,170.01,,2.52,Auto,BEARISH,,,,,,,,
2026-09-24,TATCAP,336.25,🔴 STRG SELL,Below 200 DMA structural breakdown.,2026-09-24 17:48:34 IST,336.25,360.58,340.21,,2.15,Financial Services,BEARISH,,,,,,,,
2026-09-24,FEDBAN,329.5,🟡 HOLD / REVIEW,ROE unavailable — verify fundamentals manually.,2026-09-24 17:48:34 IST,329.5,349.25,302.53,,2.12,Banking,NEUTRAL,,,,,,,,
2026-09-24,HDFBAN,728.9,🔴 STRG SELL,Below 200 DMA structural breakdown.,2026-09-24 17:48:34 IST,728.9,729.6,809.72,0.1384,14.81,Banking,BEARISH,,,,,,,,
2026-09-24,LGELEC,1697.7,🟡 HOLD / REVIEW,ROE unavailable — verify fundamentals manually.,2026-09-24 17:48:34 IST,1697.7,1617.79,1546.53,,3.03,Consumer Electronics,BULLISH,,,,,,,,
2026-09-24,HDF250,183.3,🟡 HOLD / REVIEW,ROE unavailable — verify fundamentals manually.,2026-09-24 17:48:34 IST,183.3,183.73,169.84,,0.24,Other ETFs/Misc,NEUTRAL,,,,,,,,
2026-09-24,ICIGOL,127.88,🟡 HOLD / REVIEW,ROE unavailable — verify fundamentals manually.,2026-09-24 17:48:34 IST,127.88,128.26,127.08,,5.09,Other ETFs/Misc,NEUTRAL,,,,,,,,
2026-09-24,ICINIF,,⚪ NO DATA,Could not evaluate (no data) — verify manually.,2026-09-24 17:48:34 IST,,,,,1.47,Other ETFs/Misc,NO_DATA,,,,,,,,
2026-09-24,ICIPSE,225.62,🔴 STRG SELL,Below 200 DMA structural breakdown.,2026-09-24 17:48:34 IST,225.62,227.58,240.06,,7.69,Other ETFs/Misc,BEARISH,,,,,,,,
2026-09-24,NIPNIT,31.32,🔴 STRG SELL,Below 200 DMA structural breakdown.,2026-09-24 17:48:34 IST,31.32,33.48,34.84,,0.18,IT,BEARISH,,,,,,,,
2026-09-24,BHAELE,392.0,🔴 STRG SELL,Below 200 DMA structural breakdown.,2026-09-24 17:48:34 IST,392.0,402.65,417.38,,5.03,Defense,BEARISH,,,,,,,,
2026-09-24,TATGLO,986.3,🔴 STRG SELL,Below 200 DMA structural breakdown.,2026-09-24 17:48:34 IST,986.3,1050.94,1112.39,,5.41,Consumption,BEARISH,,,,,,,,
2026-09-24,JIOFIN,227.2,🔴 STRG SELL,Below 200 DMA structural breakdown.,2026-09-24 17:48:34 IST,227.2,241.16,249.87,,1.94,Financial Services,BEARISH,,,,,,,,
2026-09-24,WIPRO,163.64,🔴 STRG SELL,Below 200 DMA structural breakdown.,2026-09-24 17:48:34 IST,163.64,176.92,199.98,0.1613,6.88,IT,BEARISH,,,,,,,,
2026-09-24,ENGIND,296.65,🟡 HOLD / REVIEW,ROE unavailable — verify fundamentals manually.,2026-09-24 17:48:34 IST,296.65,249.83,222.84,,0.74,Infrastructure,BULLISH,,,,,,,,
2026-09-24,LIC,406.0,🔴 STRG SELL,Below 200 DMA structural breakdown.,2026-09-24 17:48:34 IST,406.0,412.38,407.34,,5.04,Insurance,BEARISH,,,,,,,,
2026-09-24,MIR150,23.0,🟡 HOLD / REVIEW,ROE unavailable — verify fundamentals manually.,2026-09-24 17:48:34 IST,23.0,23.65,22.68,,0.25,Other ETFs/Misc,NEUTRAL,,,,,,,,
2026-09-24,DRREDD,1200.4,🔴 STRG SELL,Below 200 DMA structural breakdown.,2026-09-24 17:48:34 IST,1200.4,1173.76,1242.82,0.0884,1.2,Pharma,BEARISH,,,,,,,,
2026-09-24,SEQSCI,246.0,🟡 HOLD / REVIEW,ROE unavailable — verify fundamentals manually.,2026-09-24 17:48:34 IST,246.0,260.52,232.0,,0.4,Pharma,NEUTRAL,,,,,,,,
2026-09-24,JSWENE,510.0,🔴 STRG SELL,Below 200 DMA structural breakdown.,2026-09-24 17:48:34 IST,510.0,542.51,523.62,,4.92,Power,BEARISH,,,,,,,,
2026-09-24,NHPC,76.25,🔴 STRG SELL,Below 200 DMA structural breakdown.,2026-09-24 17:48:34 IST,76.25,77.16,77.37,,0.66,Power,BEARISH,,,,,,,,
2026-09-24,NTPC,326.6,🔴 STRG SELL,Below 200 DMA structural breakdown.,2026-09-24 17:48:34 IST,326.6,335.1,354.46,,0.71,Power,BEARISH,,,,,,,,
2026-09-24,NTPGRE,95.43,🟡 HOLD / REVIEW,ROE unavailable — verify fundamentals manually.,2026-09-24 17:48:34 IST,95.43,90.95,95.33,,2.19,Power,NEUTRAL,,,,,,,,
2026-09-24,SJVLIM,62.24,🔴 STRG SELL,Below 200 DMA structural breakdown.,2026-09-24 17:48:34 IST,62.24,66.26,71.36,,0.77,Power,BEARISH,,,,,,,,
2026-09-24,TATPOW,363.45,🔴 STRG SELL,Below 200 DMA structural breakdown.,2026-09-24 17:48:34 IST,363.45,371.89,385.5,,0.52,Power,BEARISH,,,,,,,,
2026-09-24,GAIL,173.85,🟡 HOLD / REVIEW,ROE unavailable — verify fundamentals manually.,2026-09-24 17:48:34 IST,173.85,173.53,164.76,,1.54,Oil & Gas,BULLISH,,,,,,,,
2026-09-24,GUJGA,,⚪ NO DATA,Could not evaluate (no data) — verify manually.,2026-09-24 17:48:34 IST,,,,,0.43,Oil & Gas,NO_DATA,,,,,,,,
2026-09-24,HINPET,350.4,🔴 STRG SELL,Below 200 DMA structural breakdown.,2026-09-24 17:48:34 IST,350.4,365.95,382.24,,0.84,Oil & Gas,BEARISH,,,,,,,,
2026-09-24,ONGC,239.0,🔴 STRG SELL,Below 200 DMA structural breakdown.,2026-09-24 17:48:34 IST,239.0,237.71,254.78,,1.58,Oil & Gas,BEARISH,,,,,,,,
2026-09-24,PETLNG,286.6,🟡 HOLD / REVIEW,ROE unavailable — verify fundamentals manually.,2026-09-24 17:48:34 IST,286.6,284.28,279.11,,0.58,Oil & Gas,BULLISH,,,,,,,,
2026-09-24,RELIND,1219.2,🔴 STRG SELL,Below 200 DMA structural breakdown.,2026-09-24 17:48:34 IST,1219.2,1290.86,1364.93,,15.37,Oil & Gas,BEARISH,,,,,,,,
2026-09-24,GUJPPL,163.27,🟡 HOLD / REVIEW,ROE unavailable — verify fundamentals manually.,2026-09-24 17:48:34 IST,163.27,155.11,158.15,,0.48,Infrastructure,NEUTRAL,,,,,,,,
2026-09-24,IDECEL,14.12,🟡 HOLD / REVIEW,ROE unavailable — verify fundamentals manually.,2026-09-24 17:48:34 IST,14.12,13.95,12.22,,3.21,Telecom,BULLISH,,,,,,,,
2026-09-24,ASHLEY,157.3,🔴 STRG SELL,Below 200 DMA structural breakdown.,2026-09-24 19:57:43 IST,157.3,166.96,170.01,,2.52,Auto,BEARISH,,,,,,,,
2026-09-24,TATCAP,336.25,🔴 STRG SELL,Below 200 DMA structural breakdown.,2026-09-24 19:57:43 IST,336.25,360.58,340.21,,2.15,Financial Services,BEARISH,,,,,,,,
2026-09-24,FEDBAN,329.5,🟡 HOLD / REVIEW,ROE unavailable — verify fundamentals manually.,2026-09-24 19:57:43 IST,329.5,349.25,302.53,,2.12,Banking,NEUTRAL,,,,,,,,
2026-09-24,HDFBAN,728.9,🔴 STRG SELL,Below 200 DMA structural breakdown.,2026-09-24 19:57:43 IST,728.9,729.6,809.72,0.1384,14.81,Banking,BEARISH,,,,,,,,
2026-09-24,LGELEC,1697.7,🟡 HOLD / REVIEW,ROE unavailable — verify fundamentals manually.,2026-09-24 19:57:43 IST,1697.7,1617.79,1546.53,,3.03,Consumer Electronics,BULLISH,,,,,,,,
2026-09-24,HDF250,183.3,🟡 HOLD / REVIEW,ROE unavailable — verify fundamentals manually.,2026-09-24 19:57:43 IST,183.3,183.73,169.84,,0.24,Other ETFs/Misc,NEUTRAL,,,,,,,,
2026-09-24,ICIGOL,127.88,🟡 HOLD / REVIEW,ROE unavailable — verify fundamentals manually.,2026-09-24 19:57:43 IST,127.88,128.26,127.08,,5.09,Other ETFs/Misc,NEUTRAL,,,,,,,,
2026-09-24,ICINIF,,⚪ NO DATA,Could not evaluate (no data) — verify manually.,2026-09-24 19:57:43 IST,,,,,1.47,Other ETFs/Misc,NO_DATA,,,,,,,,
2026-09-24,ICIPSE,225.62,🔴 STRG SELL,Below 200 DMA structural breakdown.,2026-09-24 19:57:43 IST,225.62,227.58,240.06,,7.69,Other ETFs/Misc,BEARISH,,,,,,,,
2026-09-24,NIPNIT,31.32,🔴 STRG SELL,Below 200 DMA structural breakdown.,2026-09-24 19:57:43 IST,31.32,33.48,34.84,,0.18,IT,BEARISH,,,,,,,,
2026-09-24,BHAELE,392.0,🔴 STRG SELL,Below 200 DMA structural breakdown.,2026-09-24 19:57:43 IST,392.0,402.65,417.38,,5.03,Defense,BEARISH,,,,,,,,
2026-09-24,TATGLO,986.3,🔴 STRG SELL,Below 200 DMA structural breakdown.,2026-09-24 19:57:43 IST,986.3,1050.94,1112.39,,5.41,Consumption,BEARISH,,,,,,,,
2026-09-24,JIOFIN,227.2,🔴 STRG SELL,Below 200 DMA structural breakdown.,2026-09-24 19:57:43 IST,227.2,241.16,249.87,,1.94,Financial Services,BEARISH,,,,,,,,
2026-09-24,WIPRO,163.64,🔴 STRG SELL,Below 200 DMA structural breakdown.,2026-09-24 19:57:43 IST,163.64,176.92,199.98,0.1613,6.88,IT,BEARISH,,,,,,,,
2026-09-24,ENGIND,296.65,🟡 HOLD / REVIEW,ROE unavailable — verify fundamentals manually.,2026-09-24 19:57:43 IST,296.65,249.83,222.84,,0.74,Infrastructure,BULLISH,,,,,,,,
2026-09-24,LIC,406.0,🔴 STRG SELL,Below 200 DMA structural breakdown.,2026-09-24 19:57:43 IST,406.0,412.38,407.34,,5.04,Insurance,BEARISH,,,,,,,,
2026-09-24,MIR150,23.0,🟡 HOLD / REVIEW,ROE unavailable — verify fundamentals manually.,2026-09-24 19:57:43 IST,23.0,23.65,22.68,,0.25,Other ETFs/Misc,NEUTRAL,,,,,,,,
2026-09-24,DRREDD,1200.4,🔴 STRG SELL,Below 200 DMA structural breakdown.,2026-09-24 19:57:43 IST,1200.4,1173.76,1242.82,0.0884,1.2,Pharma,BEARISH,,,,,,,,
2026-09-24,SEQSCI,246.0,🟡 HOLD / REVIEW,ROE unavailable — verify fundamentals manually.,2026-09-24 19:57:43 IST,246.0,260.52,232.0,,0.4,Pharma,NEUTRAL,,,,,,,,
2026-09-24,JSWENE,510.0,🔴 STRG SELL,Below 200 DMA structural breakdown.,2026-09-24 19:57:43 IST,510.0,542.51,523.62,,4.92,Power,BEARISH,,,,,,,,
2026-09-24,NHPC,76.25,🔴 STRG SELL,Below 200 DMA structural breakdown.,2026-09-24 19:57:43 IST,76.25,77.16,77.37,,0.66,Power,BEARISH,,,,,,,,
2026-09-24,NTPC,326.6,🔴 STRG SELL,Below 200 DMA structural breakdown.,2026-09-24 19:57:43 IST,326.6,335.1,354.46,,0.71,Power,BEARISH,,,,,,,,
2026-09-24,NTPGRE,95.43,🟡 HOLD / REVIEW,ROE unavailable — verify fundamentals manually.,2026-09-24 19:57:43 IST,95.43,90.95,95.33,,2.19,Power,NEUTRAL,,,,,,,,
2026-09-24,SJVLIM,62.24,🔴 STRG SELL,Below 200 DMA structural breakdown.,2026-09-24 19:57:43 IST,62.24,66.26,71.36,,0.77,Power,BEARISH,,,,,,,,
2026-09-24,TATPOW,363.45,🔴 STRG SELL,Below 200 DMA structural breakdown.,2026-09-24 19:57:43 IST,363.45,371.89,385.5,,0.52,Power,BEARISH,,,,,,,,
2026-09-24,GAIL,173.85,🟡 HOLD / REVIEW,ROE unavailable — verify fundamentals manually.,2026-09-24 19:57:43 IST,173.85,173.53,164.76,,1.54,Oil & Gas,BULLISH,,,,,,,,
2026-09-24,GUJGA,,⚪ NO DATA,Could not evaluate (no data) — verify manually.,2026-09-24 19:57:43 IST,,,,,0.43,Oil & Gas,NO_DATA,,,,,,,,
2026-09-24,HINPET,350.4,🔴 STRG SELL,Below 200 DMA structural breakdown.,2026-09-24 19:57:43 IST,350.4,365.95,382.24,,0.84,Oil & Gas,BEARISH,,,,,,,,
2026-09-24,ONGC,239.0,🔴 STRG SELL,Below 200 DMA structural breakdown.,2026-09-24 19:57:43 IST,239.0,237.71,254.78,,1.58,Oil & Gas,BEARISH,,,,,,,,
2026-09-24,PETLNG,286.6,🟡 HOLD / REVIEW,ROE unavailable — verify fundamentals manually.,2026-09-24 19:57:43 IST,286.6,284.28,279.11,,0.58,Oil & Gas,BULLISH,,,,,,,,
2026-09-24,RELIND,1219.2,🔴 STRG SELL,Below 200 DMA structural breakdown.,2026-09-24 19:57:43 IST,1219.2,1290.86,1364.93,,15.37,Oil & Gas,BEARISH,,,,,,,,
2026-09-24,GUJPPL,163.27,🟡 HOLD / REVIEW,ROE unavailable — verify fundamentals manually.,2026-09-24 19:57:43 IST,163.27,155.11,158.15,,0.48,Infrastructure,NEUTRAL,,,,,,,,
2026-09-24,IDECEL,14.12,🟡 HOLD / REVIEW,ROE unavailable — verify fundamentals manually.,2026-09-24 19:57:43 IST,14.12,13.95,12.22,,3.21,Telecom,BULLISH,,,,,,,,
2026-09-25,ASHLEY,159.13,🔴 STRG SELL,Below 200 DMA structural breakdown.,2026-09-25 14:37:02 IST,159.13,167.04,170.02,,2.52,Auto,BEARISH,,,,,,,,
2026-09-25,TATCAP,340.4,🟡 HOLD / REVIEW,ROE unavailable — verify fundamentals manually.,2026-09-25 14:37:02 IST,340.4,360.31,340.29,,2.15,Financial Services,NEUTRAL,,,,,,,,
2026-09-25,FEDBAN,330.7,🟡 HOLD / REVIEW,ROE unavailable — verify fundamentals manually.,2026-09-25 14:37:02 IST,330.7,348.91,302.89,,2.12,Banking,NEUTRAL,,,,,,,,
2026-09-25,HDFBAN,738.15,🔴 STRG SELL,Below 200 DMA structural breakdown.,2026-09-25 14:37:02 IST,738.15,727.97,808.54,0.1384,14.81,Banking,BEARISH,,,,,,,,
2026-09-25,LGELEC,1718.5,🟡 HOLD / REVIEW,ROE unavailable — verify fundamentals manually.,2026-09-25 14:37:02 IST,1718.5,1620.52,1547.3,,3.03,Consumer Electronics,BULLISH,,,,,,,,
2026-09-25,HDF250,183.48,🟡 HOLD / REVIEW,ROE unavailable — verify fundamentals manually.,2026-09-25 14:37:02 IST,183.48,183.81,169.94,,0.24,Other ETFs/Misc,NEUTRAL,,,,,,,,
2026-09-25,ICIGOL,128.93,🟡 HOLD / REVIEW,ROE unavailable — verify fundamentals manually.,2026-09-25 14:37:02 IST,128.93,128.43,127.17,,5.09,Other ETFs/Misc,BULLISH,,,,,,,,
2026-09-25,ICINIF,,⚪ NO DATA,Could not evaluate (no data) — verify manually.,2026-09-25 14:37:02 IST,,,,,1.47,Other ETFs/Misc,NO_DATA,,,,,,,,
2026-09-25,ICIPSE,228.26,🔴 STRG SELL,Below 200 DMA structural breakdown.,2026-09-25 14:37:02 IST,228.26,227.92,240.33,,7.69,Other ETFs/Misc,BEARISH,,,,,,,,
2026-09-25,NIPNIT,31.28,🔴 STRG SELL,Below 200 DMA structural breakdown.,2026-09-25 14:37:02 IST,31.28,33.47,34.79,,0.18,IT,BEARISH,,,,,,,,
2026-09-25,BHAELE,391.95,🔴 STRG SELL,Below 200 DMA structural breakdown.,2026-09-25 14:37:02 IST,391.95,402.31,417.42,,5.03,Defense,BEARISH,,,,,,,,
2026-09-25,TATGLO,984.0,🔴 STRG SELL,Below 200 DMA structural breakdown.,2026-09-25 14:37:02 IST,984.0,1048.85,1111.66,,5.41,Consumption,BEARISH,,,,,,,,
2026-09-25,JIOFIN,227.1,🔴 STRG SELL,Below 200 DMA structural breakdown.,2026-09-25 14:37:02 IST,227.1,240.85,249.55,,1.94,Financial Services,BEARISH,,,,,,,,
2026-09-25,WIPRO,164.15,🔴 STRG SELL,Below 200 DMA structural breakdown.,2026-09-25 14:37:02 IST,164.15,176.73,199.56,0.1613,6.88,IT,BEARISH,,,,,,,,
2026-09-25,ENGIND,317.4,🟡 HOLD / PEAK,Overextended >25% above 50 DMA.,2026-09-25 14:37:02 IST,317.4,251.66,223.48,,0.74,Infrastructure,BULLISH,,,,,,,,
2026-09-25,LIC,408.9,🟡 HOLD / REVIEW,ROE unavailable — verify fundamentals manually.,2026-09-25 14:37:02 IST,408.9,411.9,407.29,,5.04,Insurance,NEUTRAL,,,,,,,,
2026-09-25,MIR150,23.0,🟡 HOLD / REVIEW,ROE unavailable — verify fundamentals manually.,2026-09-25 14:37:02 IST,23.0,23.64,22.68,,0.25,Other ETFs/Misc,NEUTRAL,,,,,,,,
2026-09-25,DRREDD,1205.3,🔴 STRG SELL,Below 200 DMA structural breakdown.,2026-09-25 14:37:02 IST,1205.3,1173.64,1242.63,0.0884,1.2,Pharma,BEARISH,,,,,,,,
2026-09-25,SEQSCI,245.15,🟡 HOLD / REVIEW,ROE unavailable — verify fundamentals manually.,2026-09-25 14:37:02 IST,245.15,260.05,232.22,,0.4,Pharma,NEUTRAL,,,,,,,,
2026-09-25,JSWENE,506.8,🔴 STRG SELL,Below 200 DMA structural breakdown.,2026-09-25 14:37:02 IST,506.8,541.82,523.91,,4.92,Power,BEARISH,,,,,,,,
2026-09-25,NHPC,76.16,🔴 STRG SELL,Below 200 DMA structural breakdown.,2026-09-25 14:37:02 IST,76.16,77.1,77.38,,0.66,Power,BEARISH,,,,,,,,
2026-09-25,NTPC,326.4,🔴 STRG SELL,Below 200 DMA structural breakdown.,2026-09-25 14:37:02 IST,326.4,334.87,354.52,,0.71,Power,BEARISH,,,,,,,,
2026-09-25,NTPGRE,93.4,🔴 STRG SELL,Below 200 DMA structural breakdown.,2026-09-25 14:37:02 IST,93.4,90.98,95.34,,2.19,Power,BEARISH,,,,,,,,
2026-09-25,SJVLIM,61.77,🔴 STRG SELL,Below 200 DMA structural breakdown.,2026-09-25 14:37:02 IST,61.77,66.12,71.3,,0.77,Power,BEARISH,,,,,,,,
2026-09-25,TATPOW,367.5,🔴 STRG SELL,Below 200 DMA structural breakdown.,2026-09-25 14:37:02 IST,367.5,371.7,385.45,,0.52,Power,BEARISH,,,,,,,,
2026-09-25,GAIL,172.67,🟡 HOLD / REVIEW,ROE unavailable — verify fundamentals manually.,2026-09-25 14:37:02 IST,172.67,173.57,164.81,,1.54,Oil & Gas,NEUTRAL,,,,,,,,
2026-09-25,GUJGA,,⚪ NO DATA,Could not evaluate (no data) — verify manually.,2026-09-25 14:37:02 IST,,,,,0.43,Oil & Gas,NO_DATA,,,,,,,,
2026-09-25,HINPET,351.4,🔴 STRG SELL,Below 200 DMA structural breakdown.,2026-09-25 14:37:02 IST,351.4,365.36,381.86,,0.84,Oil & Gas,BEARISH,,,,,,,,
2026-09-25,ONGC,235.7,🔴 STRG SELL,Below 200 DMA structural breakdown.,2026-09-25 14:37:02 IST,235.7,237.5,254.79,,1.58,Oil & Gas,BEARISH,,,,,,,,
2026-09-25,PETLNG,285.6,🟡 HOLD / REVIEW,ROE unavailable — verify fundamentals manually.,2026-09-25 14:37:02 IST,285.6,284.52,279.21,,0.58,Oil & Gas,BULLISH,,,,,,,,
2026-09-25,RELIND,1226.0,🔴 STRG SELL,Below 200 DMA structural breakdown.,2026-09-25 14:37:02 IST,1226.0,1288.83,1363.41,,15.37,Oil & Gas,BEARISH,,,,,,,,
2026-09-25,GUJPPL,161.6,🟡 HOLD / REVIEW,ROE unavailable — verify fundamentals manually.,2026-09-25 14:37:02 IST,161.6,155.41,158.05,,0.48,Infrastructure,NEUTRAL,,,,,,,,
2026-09-25,IDECEL,14.36,🟡 HOLD / REVIEW,ROE unavailable — verify fundamentals manually.,2026-09-25 14:37:02 IST,14.36,13.97,12.24,,3.21,Telecom,BULLISH,,,,,,,,
2026-09-25,ASHLEY,159.08,🔴 STRG SELL,Below 200 DMA structural breakdown.,2026-09-25 17:49:33 IST,159.08,167.04,170.02,,2.52,Auto,BEARISH,,,,,,,,
2026-09-25,TATCAP,339.15,🔴 STRG SELL,Below 200 DMA structural breakdown.,2026-09-25 17:49:33 IST,339.15,360.29,340.29,,2.15,Financial Services,BEARISH,,,,,,,,
2026-09-25,FEDBAN,322.0,🟡 HOLD / REVIEW,ROE unavailable — verify fundamentals manually.,2026-09-25 17:49:33 IST,322.0,348.73,302.84,,2.12,Banking,NEUTRAL,,,,,,,,
2026-09-25,HDFBAN,735.6,🔴 STRG SELL,Below 200 DMA structural breakdown.,2026-09-25 17:49:33 IST,735.6,727.92,808.53,0.1384,14.81,Banking,BEARISH,,,,,,,,
2026-09-25,LGELEC,1725.4,🟡 HOLD / REVIEW,ROE unavailable — verify fundamentals manually.,2026-09-25 17:49:33 IST,1725.4,1620.66,1547.34,,3.03,Consumer Electronics,BULLISH,,,,,,,,
2026-09-25,HDF250,183.33,🟡 HOLD / REVIEW,ROE unavailable — verify fundamentals manually.,2026-09-25 17:49:33 IST,183.33,183.81,169.94,,0.24,Other ETFs/Misc,NEUTRAL,,,,,,,,
2026-09-25,ICIGOL,129.03,🟡 HOLD / REVIEW,ROE unavailable — verify fundamentals manually.,2026-09-25 17:49:33 IST,129.03,128.43,127.17,,5.09,Other ETFs/Misc,BULLISH,,,,,,,,
2026-09-25,ICINIF,,⚪ NO DATA,Could not evaluate (no data) — verify manually.,2026-09-25 17:49:33 IST,,,,,1.47,Other ETFs/Misc,NO_DATA,,,,,,,,
2026-09-25,ICIPSE,228.35,🔴 STRG SELL,Below 200 DMA structural breakdown.,2026-09-25 17:49:33 IST,228.35,227.92,240.33,,7.69,Other ETFs/Misc,BEARISH,,,,,,,,
2026-09-25,NIPNIT,31.3,🔴 STRG SELL,Below 200 DMA structural breakdown.,2026-09-25 17:49:33 IST,31.3,33.47,34.79,,0.18,IT,BEARISH,,,,,,,,
2026-09-25,BHAELE,393.55,🔴 STRG SELL,Below 200 DMA structural breakdown.,2026-09-25 17:49:33 IST,393.55,402.34,417.42,,5.03,Defense,BEARISH,,,,,,,,
2026-09-25,TATGLO,983.2,🔴 STRG SELL,Below 200 DMA structural breakdown.,2026-09-25 17:49:33 IST,983.2,1048.83,1111.65,,5.41,Consumption,BEARISH,,,,,,,,
2026-09-25,JIOFIN,227.0,🔴 STRG SELL,Below 200 DMA structural breakdown.,2026-09-25 17:49:33 IST,227.0,240.85,249.55,,1.94,Financial Services,BEARISH,,,,,,,,
2026-09-25,WIPRO,164.02,🔴 STRG SELL,Below 200 DMA structural breakdown.,2026-09-25 17:49:33 IST,164.02,176.72,199.56,0.1613,6.88,IT,BEARISH,,,,,,,,
2026-09-25,ENGIND,315.65,🟡 HOLD / PEAK,Overextended >25% above 50 DMA.,2026-09-25 17:49:33 IST,315.65,251.63,223.48,,0.74,Infrastructure,BULLISH,,,,,,,,
2026-09-25,LIC,409.05,🟡 HOLD / REVIEW,ROE unavailable — verify fundamentals manually.,2026-09-25 17:49:33 IST,409.05,411.9,407.29,,5.04,Insurance,NEUTRAL,,,,,,,,
2026-09-25,MIR150,22.96,🟡 HOLD / REVIEW,ROE unavailable — verify fundamentals manually.,2026-09-25 17:49:33 IST,22.96,23.64,22.68,,0.25,Other ETFs/Misc,NEUTRAL,,,,,,,,
2026-09-25,DRREDD,1201.0,🔴 STRG SELL,Below 200 DMA structural breakdown.,2026-09-25 17:49:33 IST,1201.0,1173.56,1242.61,0.0884,1.2,Pharma,BEARISH,,,,,,,,
2026-09-25,SEQSCI,244.35,🟡 HOLD / REVIEW,ROE unavailable — verify fundamentals manually.,2026-09-25 17:49:33 IST,244.35,260.03,232.22,,0.4,Pharma,NEUTRAL,,,,,,,,
2026-09-25,JSWENE,506.55,🔴 STRG SELL,Below 200 DMA structural breakdown.,2026-09-25 17:49:33 IST,506.55,541.82,523.91,,4.92,Power,BEARISH,,,,,,,,
2026-09-25,NHPC,76.0,🔴 STRG SELL,Below 200 DMA structural breakdown.,2026-09-25 17:49:33 IST,76.0,77.1,77.38,,0.66,Power,BEARISH,,,,,,,,
2026-09-25,NTPC,326.6,🔴 STRG SELL,Below 200 DMA structural breakdown.,2026-09-25 17:49:33 IST,326.6,334.87,354.52,,0.71,Power,BEARISH,,,,,,,,
2026-09-25,NTPGRE,93.47,🔴 STRG SELL,Below 200 DMA structural breakdown.,2026-09-25 17:49:33 IST,93.47,90.98,95.34,,2.19,Power,BEARISH,,,,,,,,
2026-09-25,SJVLIM,61.76,🔴 STRG SELL,Below 200 DMA structural breakdown.,2026-09-25 17:49:33 IST,61.76,66.12,71.3,,0.77,Power,BEARISH,,,,,,,,
2026-09-25,TATPOW,367.5,🔴 STRG SELL,Below 200 DMA structural breakdown.,2026-09-25 17:49:33 IST,367.5,371.7,385.45,,0.52,Power,BEARISH,,,,,,,,
2026-09-25,GAIL,172.7,🟡 HOLD / REVIEW,ROE unavailable — verify fundamentals manually.,2026-09-25 17:49:33 IST,172.7,173.57,164.81,,1.54,Oil & Gas,NEUTRAL,,,,,,,,
2026-09-25,GUJGA,,⚪ NO DATA,Could not evaluate (no data) — verify manually.,2026-09-25 17:49:33 IST,,,,,0.43,Oil & Gas,NO_DATA,,,,,,,,
2026-09-25,HINPET,351.0,🔴 STRG SELL,Below 200 DMA structural breakdown.,2026-09-25 17:49:33 IST,351.0,365.36,381.85,,0.84,Oil & Gas,BEARISH,,,,,,,,
2026-09-25,ONGC,235.86,🔴 STRG SELL,Below 200 DMA structural breakdown.,2026-09-25 17:49:33 IST,235.86,237.5,254.79,,1.58,Oil & Gas,BEARISH,,,,,,,,
2026-09-25,PETLNG,286.5,🟡 HOLD / REVIEW,ROE unavailable — verify fundamentals manually.,2026-09-25 17:49:33 IST,286.5,284.53,279.21,,0.58,Oil & Gas,BULLISH,,,,,,,,
2026-09-25,RELIND,1226.0,🔴 STRG SELL,Below 200 DMA structural breakdown.,2026-09-25 17:49:33 IST,1226.0,1288.83,1363.41,,15.37,Oil & Gas,BEARISH,,,,,,,,
2026-09-25,GUJPPL,163.2,🟡 HOLD / REVIEW,ROE unavailable — verify fundamentals manually.,2026-09-25 17:49:33 IST,163.2,155.44,158.06,,0.48,Infrastructure,NEUTRAL,,,,,,,,
2026-09-25,IDECEL,14.26,🟡 HOLD / REVIEW,ROE unavailable — verify fundamentals manually.,2026-09-25 17:49:33 IST,14.26,13.96,12.24,,3.21,Telecom,BULLISH,,,,,,,,
2026-09-25,ASHLEY,159.08,🔴 STRG SELL,Below 200 DMA structural breakdown.,2026-09-25 20:14:59 IST,159.08,167.04,170.02,,2.52,Auto,BEARISH,,,,,,,,
2026-09-25,TATCAP,339.15,🔴 STRG SELL,Below 200 DMA structural breakdown.,2026-09-25 20:14:59 IST,339.15,360.29,340.29,,2.15,Financial Services,BEARISH,,,,,,,,
2026-09-25,FEDBAN,322.0,🟡 HOLD / REVIEW,ROE unavailable — verify fundamentals manually.,2026-09-25 20:14:59 IST,322.0,348.73,302.84,,2.12,Banking,NEUTRAL,,,,,,,,
2026-09-25,HDFBAN,735.6,🔴 STRG SELL,Below 200 DMA structural breakdown.,2026-09-25 20:14:59 IST,735.6,727.92,808.53,0.1384,14.81,Banking,BEARISH,,,,,,,,
2026-09-25,LGELEC,1725.4,🟡 HOLD / REVIEW,ROE unavailable — verify fundamentals manually.,2026-09-25 20:14:59 IST,1725.4,1620.66,1547.34,,3.03,Consumer Electronics,BULLISH,,,,,,,,
2026-09-25,HDF250,183.33,🟡 HOLD / REVIEW,ROE unavailable — verify fundamentals manually.,2026-09-25 20:14:59 IST,183.33,183.81,169.94,,0.24,Other ETFs/Misc,NEUTRAL,,,,,,,,
2026-09-25,ICIGOL,129.03,🟡 HOLD / REVIEW,ROE unavailable — verify fundamentals manually.,2026-09-25 20:14:59 IST,129.03,128.43,127.17,,5.09,Other ETFs/Misc,BULLISH,,,,,,,,
2026-09-25,ICINIF,,⚪ NO DATA,Could not evaluate (no data) — verify manually.,2026-09-25 20:14:59 IST,,,,,1.47,Other ETFs/Misc,NO_DATA,,,,,,,,
2026-09-25,ICIPSE,228.35,🔴 STRG SELL,Below 200 DMA structural breakdown.,2026-09-25 20:14:59 IST,228.35,227.92,240.33,,7.69,Other ETFs/Misc,BEARISH,,,,,,,,
2026-09-25,NIPNIT,31.3,🔴 STRG SELL,Below 200 DMA structural breakdown.,2026-09-25 20:14:59 IST,31.3,33.47,34.79,,0.18,IT,BEARISH,,,,,,,,
2026-09-25,BHAELE,393.55,🔴 STRG SELL,Below 200 DMA structural breakdown.,2026-09-25 20:14:59 IST,393.55,402.34,417.42,,5.03,Defense,BEARISH,,,,,,,,
2026-09-25,TATGLO,983.2,🔴 STRG SELL,Below 200 DMA structural breakdown.,2026-09-25 20:14:59 IST,983.2,1048.83,1111.65,,5.41,Consumption,BEARISH,,,,,,,,
2026-09-25,JIOFIN,227.0,🔴 STRG SELL,Below 200 DMA structural breakdown.,2026-09-25 20:14:59 IST,227.0,240.85,249.55,,1.94,Financial Services,BEARISH,,,,,,,,
2026-09-25,WIPRO,164.02,🔴 STRG SELL,Below 200 DMA structural breakdown.,2026-09-25 20:14:59 IST,164.02,176.72,199.56,0.1613,6.88,IT,BEARISH,,,,,,,,
2026-09-25,ENGIND,315.65,🟡 HOLD / PEAK,Overextended >25% above 50 DMA.,2026-09-25 20:14:59 IST,315.65,251.63,223.48,,0.74,Infrastructure,BULLISH,,,,,,,,
2026-09-25,LIC,409.05,🟡 HOLD / REVIEW,ROE unavailable — verify fundamentals manually.,2026-09-25 20:14:59 IST,409.05,411.9,407.29,,5.04,Insurance,NEUTRAL,,,,,,,,
2026-09-25,MIR150,22.96,🟡 HOLD / REVIEW,ROE unavailable — verify fundamentals manually.,2026-09-25 20:14:59 IST,22.96,23.64,22.68,,0.25,Other ETFs/Misc,NEUTRAL,,,,,,,,
2026-09-25,DRREDD,1201.0,🔴 STRG SELL,Below 200 DMA structural breakdown.,2026-09-25 20:14:59 IST,1201.0,1173.56,1242.61,0.0884,1.2,Pharma,BEARISH,,,,,,,,
2026-09-25,SEQSCI,244.35,🟡 HOLD / REVIEW,ROE unavailable — verify fundamentals manually.,2026-09-25 20:14:59 IST,244.35,260.03,232.22,,0.4,Pharma,NEUTRAL,,,,,,,,
2026-09-25,JSWENE,506.55,🔴 STRG SELL,Below 200 DMA structural breakdown.,2026-09-25 20:14:59 IST,506.55,541.82,523.91,,4.92,Power,BEARISH,,,,,,,,
2026-09-25,NHPC,76.0,🔴 STRG SELL,Below 200 DMA structural breakdown.,2026-09-25 20:14:59 IST,76.0,77.1,77.38,,0.66,Power,BEARISH,,,,,,,,
2026-09-25,NTPC,326.6,🔴 STRG SELL,Below 200 DMA structural breakdown.,2026-09-25 20:14:59 IST,326.6,334.87,354.52,,0.71,Power,BEARISH,,,,,,,,
2026-09-25,NTPGRE,93.47,🔴 STRG SELL,Below 200 DMA structural breakdown.,2026-09-25 20:14:59 IST,93.47,90.98,95.34,,2.19,Power,BEARISH,,,,,,,,
2026-09-25,SJVLIM,61.76,🔴 STRG SELL,Below 200 DMA structural breakdown.,2026-09-25 20:14:59 IST,61.76,66.12,71.3,,0.77,Power,BEARISH,,,,,,,,
2026-09-25,TATPOW,367.5,🔴 STRG SELL,Below 200 DMA structural breakdown.,2026-09-25 20:14:59 IST,367.5,371.7,385.45,,0.52,Power,BEARISH,,,,,,,,
2026-09-25,GAIL,172.7,🟡 HOLD / REVIEW,ROE unavailable — verify fundamentals manually.,2026-09-25 20:14:59 IST,172.7,173.57,164.81,,1.54,Oil & Gas,NEUTRAL,,,,,,,,
2026-09-25,GUJGA,,⚪ NO DATA,Could not evaluate (no data) — verify manually.,2026-09-25 20:14:59 IST,,,,,0.43,Oil & Gas,NO_DATA,,,,,,,,
2026-09-25,HINPET,351.0,🔴 STRG SELL,Below 200 DMA structural breakdown.,2026-09-25 20:14:59 IST,351.0,365.36,381.85,,0.84,Oil & Gas,BEARISH,,,,,,,,
2026-09-25,ONGC,235.86,🔴 STRG SELL,Below 200 DMA structural breakdown.,2026-09-25 20:14:59 IST,235.86,237.5,254.79,,1.58,Oil & Gas,BEARISH,,,,,,,,
2026-09-25,PETLNG,286.5,🟡 HOLD / REVIEW,ROE unavailable — verify fundamentals manually.,2026-09-25 20:14:59 IST,286.5,284.53,279.21,,0.58,Oil & Gas,BULLISH,,,,,,,,
2026-09-25,RELIND,1226.0,🔴 STRG SELL,Below 200 DMA structural breakdown.,2026-09-25 20:14:59 IST,1226.0,1288.83,1363.41,,15.37,Oil & Gas,BEARISH,,,,,,,,
2026-09-25,GUJPPL,163.2,🟡 HOLD / REVIEW,ROE unavailable — verify fundamentals manually.,2026-09-25 20:14:59 IST,163.2,155.44,158.06,,0.48,Infrastructure,NEUTRAL,,,,,,,,
2026-09-25,IDECEL,14.26,🟡 HOLD / REVIEW,ROE unavailable — verify fundamentals manually.,2026-09-25 20:14:59 IST,14.26,13.96,12.24,,3.21,Telecom,BULLISH,,,,,,,,
2026-09-26,ASHLEY,159.08,🟡 HOLD / TRIM WATCH,"pullback within thesis, not a breakdown",2026-09-26 13:50:40 IST,159.08,167.04,170.02,,2.44,Auto,BEARISH,Add on weakness (small),INTACT,4.0,,,,,
2026-09-26,TATCAP,,🟡 HOLD / REVIEW,ROE unavailable — verify fundamentals manually.,2026-09-26 13:50:40 IST,,,,,2.08,Financial Services,NEUTRAL,Hold,INTACT,4.0,,,,,
2026-09-26,FEDBAN,322.0,🟡 HOLD / REVIEW,ROE unavailable — verify fundamentals manually.,2026-09-26 13:50:40 IST,322.0,348.73,302.84,,2.05,Banking,NEUTRAL,Hold,INTACT,4.0,,,,,
2026-09-26,HDFBAN,735.6,🔴 STRG SELL,breakdown + thesis stress,2026-09-26 13:50:40 IST,735.6,727.92,808.53,0.1384,14.34,Banking,BEARISH,Hold,INTACT,5.0,,,,,
2026-09-26,LGELEC,1725.4,🟡 HOLD / REVIEW,ROE unavailable — verify fundamentals manually.,2026-09-26 13:50:40 IST,1725.4,1620.66,1547.34,,2.93,Consumer Electronics,BULLISH,Hold,INTACT,4.0,,,,,
2026-09-26,HDF250,,🟡 HOLD / REVIEW,ROE unavailable — verify fundamentals manually.,2026-09-26 13:50:40 IST,,,,,0.61,Other ETFs/Misc,NEUTRAL,Hold,INTACT,4.0,,,,,
2026-09-26,ICIGOL,129.03,🟡 HOLD / REVIEW,ROE unavailable — verify fundamentals manually.,2026-09-26 13:50:40 IST,129.03,128.43,127.17,,4.93,Other ETFs/Misc,BULLISH,Hold,INTACT,2.0,,,,,
2026-09-26,ICINIF,,⚪ NO DATA,Could not evaluate (no data) — verify manually.,2026-09-26 13:50:40 IST,,,,,3.39,Other ETFs/Misc,NO_DATA,Hold,INTACT,4.0,,,,,
2026-09-26,ICIPSE,,🟡 HOLD / REVIEW,ROE unavailable — verify fundamentals manually.,2026-09-26 13:50:40 IST,,,,,7.44,Other ETFs/Misc,NEUTRAL,Hold,INTACT,3.0,,,,,
2026-09-26,NIPNIT,,🟡 HOLD / REVIEW,ROE unavailable — verify fundamentals manually.,2026-09-26 13:50:40 IST,,,,,0.36,IT,NEUTRAL,Hold,INTACT,4.0,,,,,
2026-09-26,KOTAKBKETF,,⚪ NO DATA,Could not evaluate (no data) — verify manually.,2026-09-26 13:50:40 IST,,,,,0.26,Other ETFs/Misc,NO_DATA,Hold,INTACT,4.0,,,,,
2026-09-26,BHAELE,393.55,🟡 HOLD / TRIM WATCH,"pullback within thesis, not a breakdown",2026-09-26 13:50:40 IST,393.55,402.34,417.42,,4.87,Defense,BEARISH,Hold,INTACT,3.0,,,,,
2026-09-26,TATGLO,983.2,🔴 STRG SELL,Below 200 DMA structural breakdown.,2026-09-26 13:50:40 IST,983.2,1048.83,1111.65,,5.24,Consumption,BEARISH,Hold,INTACT,3.0,,,,,
2026-09-26,JIOFIN,227.0,🔴 STRG SELL,breakdown + thesis stress,2026-09-26 13:50:40 IST,227.0,240.85,249.55,,1.88,Financial Services,BEARISH,Hold,INTACT,3.0,,,,,
2026-09-26,WIPRO,164.02,🔴 STRG SELL,breakdown + thesis stress,2026-09-26 13:50:40 IST,164.02,176.72,199.56,0.1613,6.66,IT,BEARISH,Hold,INTACT,4.0,,,,,
2026-09-26,ENGIND,315.65,🟡 HOLD / PEAK,Overextended >25% above 50 DMA.,2026-09-26 13:50:40 IST,315.65,251.63,223.48,,0.72,Infrastructure,BULLISH,Hold,INTACT,3.0,,,,,
2026-09-26,LIC,409.05,🟡 HOLD / REVIEW,ROE unavailable — verify fundamentals manually.,2026-09-26 13:50:40 IST,409.05,411.9,407.29,,4.87,Insurance,NEUTRAL,Hold,INTACT,4.0,,,,,
2026-09-26,MIR150,22.96,🟡 HOLD / REVIEW,ROE unavailable — verify fundamentals manually.,2026-09-26 13:50:40 IST,22.96,23.64,22.68,,0.66,Other ETFs/Misc,NEUTRAL,Hold,INTACT,4.0,,,,,
2026-09-26,DRREDD,1201.0,🔴 STRG SELL,Below 200 DMA structural breakdown.,2026-09-26 13:50:40 IST,1201.0,1173.56,1242.61,0.0884,1.16,Pharma,BEARISH,Hold,INTACT,5.0,,,,,
2026-09-26,SEQSCI,244.35,🟡 HOLD / REVIEW,ROE unavailable — verify fundamentals manually.,2026-09-26 13:50:40 IST,244.35,260.03,232.22,,0.39,Pharma,NEUTRAL,Hold,INTACT,2.0,,,,,
2026-09-26,JSWENE,506.55,🔴 STRG SELL,breakdown + thesis stress,2026-09-26 13:50:40 IST,506.55,541.82,523.91,,4.76,Power,BEARISH,Hold,INTACT,3.0,,,,,
2026-09-26,NHPC,76.0,🟡 HOLD / TRIM WATCH,"pullback within thesis, not a breakdown",2026-09-26 13:50:40 IST,76.0,77.1,77.38,,0.64,Power,BEARISH,Hold,INTACT,3.0,,,,,
2026-09-26,NTPC,326.6,🔴 STRG SELL,Below 200 DMA structural breakdown.,2026-09-26 13:50:40 IST,326.6,334.87,354.52,,0.69,Power,BEARISH,Hold,INTACT,5.0,,,,,
2026-09-26,NTPGRE,,🟡 HOLD / REVIEW,ROE unavailable — verify fundamentals manually.,2026-09-26 13:50:40 IST,,,,,2.12,Power,NEUTRAL,Hold,INTACT,3.0,,,,,
2026-09-26,SJVLIM,,🟡 HOLD / REVIEW,ROE unavailable — verify fundamentals manually.,2026-09-26 13:50:40 IST,,,,,0.75,Power,NEUTRAL,Hold,INTACT,3.0,,,,,
2026-09-26,TATPOW,367.5,🟡 HOLD / TRIM WATCH,"pullback within thesis, not a breakdown",2026-09-26 13:50:40 IST,367.5,371.7,385.45,,0.5,Power,BEARISH,Add on weakness (small),INTACT,4.0,,,,,
2026-09-26,GAIL,172.7,🟡 HOLD / REVIEW,ROE unavailable — verify fundamentals manually.,2026-09-26 13:50:40 IST,172.7,173.57,164.81,,1.49,Oil & Gas,NEUTRAL,Hold,INTACT,4.0,,,,,
2026-09-26,GUJGA,,🟡 HOLD / REVIEW,ROE unavailable — verify fundamentals manually.,2026-09-26 13:50:40 IST,,,,,0.42,Oil & Gas,NEUTRAL,Hold,INTACT,3.0,,,,,
2026-09-26,HINPET,351.0,🔴 STRG SELL,breakdown + thesis stress,2026-09-26 13:50:40 IST,351.0,365.36,381.85,,0.82,Oil & Gas,BEARISH,Hold,INTACT,3.0,,,,,
2026-09-26,ONGC,235.86,🔴 STRG SELL,breakdown + thesis stress,2026-09-26 13:50:40 IST,235.86,237.5,254.79,,1.53,Oil & Gas,BEARISH,Hold,INTACT,4.0,,,,,
2026-09-26,PETLNG,,🟡 HOLD / REVIEW,ROE unavailable — verify fundamentals manually.,2026-09-26 13:50:40 IST,,,,,0.56,Oil & Gas,NEUTRAL,Hold,INTACT,4.0,,,,,
2026-09-26,RELIND,1226.0,🔴 STRG SELL,Below 200 DMA structural breakdown.,2026-09-26 13:50:40 IST,1226.0,1288.83,1363.41,,14.87,Oil & Gas,BEARISH,Hold,INTACT,5.0,,,,,
2026-09-26,GUJPPL,163.2,🟡 HOLD / REVIEW,ROE unavailable — verify fundamentals manually.,2026-09-26 13:50:40 IST,163.2,155.44,158.06,,0.47,Infrastructure,NEUTRAL,Hold,INTACT,3.0,,,,,
2026-09-26,IDECEL,14.26,🟡 HOLD / REVIEW,ROE unavailable — verify fundamentals manually.,2026-09-26 13:50:40 IST,14.26,13.96,12.24,,3.11,Telecom,BULLISH,Hold,INTACT,2.0,,,,,
2026-09-26,ASHLEY,159.08,🟡 HOLD / TRIM WATCH,"pullback within thesis, not a breakdown",2026-09-26 13:54:44 IST,159.08,167.04,170.02,,2.44,Auto,BEARISH,Add on weakness (small),INTACT,4.0,,,,,
2026-09-26,TATCAP,,🟡 HOLD / REVIEW,ROE unavailable — verify fundamentals manually.,2026-09-26 13:54:44 IST,,,,,2.08,Financial Services,NEUTRAL,Hold,INTACT,4.0,,,,,
2026-09-26,FEDBAN,322.0,🟡 HOLD / REVIEW,ROE unavailable — verify fundamentals manually.,2026-09-26 13:54:44 IST,322.0,348.73,302.84,,2.05,Banking,NEUTRAL,Hold,INTACT,4.0,,,,,
2026-09-26,HDFBAN,735.6,🔴 STRG SELL,breakdown + thesis stress,2026-09-26 13:54:44 IST,735.6,727.92,808.53,0.1384,14.34,Banking,BEARISH,Hold,INTACT,5.0,,,,,
2026-09-26,LGELEC,1725.4,🟡 HOLD / REVIEW,ROE unavailable — verify fundamentals manually.,2026-09-26 13:54:44 IST,1725.4,1620.66,1547.34,,2.93,Consumer Electronics,BULLISH,Hold,INTACT,4.0,,,,,
2026-09-26,HDF250,,🟡 HOLD / REVIEW,ROE unavailable — verify fundamentals manually.,2026-09-26 13:54:44 IST,,,,,0.61,Other ETFs/Misc,NEUTRAL,Hold,INTACT,4.0,,,,,
2026-09-26,ICIGOL,129.03,🟡 HOLD / REVIEW,ROE unavailable — verify fundamentals manually.,2026-09-26 13:54:44 IST,129.03,128.43,127.17,,4.93,Other ETFs/Misc,BULLISH,Hold,INTACT,2.0,,,,,
2026-09-26,ICINIF,,⚪ NO DATA,Could not evaluate (no data) — verify manually.,2026-09-26 13:54:44 IST,,,,,3.39,Other ETFs/Misc,NO_DATA,Hold,INTACT,4.0,,,,,
2026-09-26,ICIPSE,,🟡 HOLD / REVIEW,ROE unavailable — verify fundamentals manually.,2026-09-26 13:54:44 IST,,,,,7.44,Other ETFs/Misc,NEUTRAL,Hold,INTACT,3.0,,,,,
2026-09-26,NIPNIT,,🟡 HOLD / REVIEW,ROE unavailable — verify fundamentals manually.,2026-09-26 13:54:44 IST,,,,,0.36,IT,NEUTRAL,Hold,INTACT,4.0,,,,,
2026-09-26,KOTAKBKETF,,🟡 HOLD / REVIEW,ROE unavailable — verify fundamentals manually.,2026-09-26 13:54:44 IST,,,,,0.26,Banking,NEUTRAL,Hold,INTACT,4.0,,,,,
2026-09-26,BHAELE,393.55,🟡 HOLD / TRIM WATCH,"pullback within thesis, not a breakdown",2026-09-26 13:54:44 IST,393.55,402.34,417.42,,4.87,Defense,BEARISH,Hold,INTACT,3.0,,,,,
2026-09-26,TATGLO,983.2,🔴 STRG SELL,Below 200 DMA structural breakdown.,2026-09-26 13:54:44 IST,983.2,1048.83,1111.65,,5.24,Consumption,BEARISH,Hold,INTACT,3.0,,,,,
2026-09-26,JIOFIN,227.0,🔴 STRG SELL,breakdown + thesis stress,2026-09-26 13:54:44 IST,227.0,240.85,249.55,,1.88,Financial Services,BEARISH,Hold,INTACT,3.0,,,,,
2026-09-26,WIPRO,164.02,🔴 STRG SELL,breakdown + thesis stress,2026-09-26 13:54:44 IST,164.02,176.72,199.56,0.1613,6.66,IT,BEARISH,Hold,INTACT,4.0,,,,,
2026-09-26,ENGIND,315.65,🟡 HOLD / PEAK,Overextended >25% above 50 DMA.,2026-09-26 13:54:44 IST,315.65,251.63,223.48,,0.72,Infrastructure,BULLISH,Hold,INTACT,3.0,,,,,
2026-09-26,LIC,409.05,🟡 HOLD / REVIEW,ROE unavailable — verify fundamentals manually.,2026-09-26 13:54:44 IST,409.05,411.9,407.29,,4.87,Insurance,NEUTRAL,Hold,INTACT,4.0,,,,,
2026-09-26,MIR150,22.96,🟡 HOLD / REVIEW,ROE unavailable — verify fundamentals manually.,2026-09-26 13:54:44 IST,22.96,23.64,22.68,,0.66,Other ETFs/Misc,NEUTRAL,Hold,INTACT,4.0,,,,,
2026-09-26,DRREDD,1201.0,🔴 STRG SELL,Below 200 DMA structural breakdown.,2026-09-26 13:54:44 IST,1201.0,1173.56,1242.61,0.0884,1.16,Pharma,BEARISH,Hold,INTACT,5.0,,,,,
2026-09-26,SEQSCI,244.35,🟡 HOLD / REVIEW,ROE unavailable — verify fundamentals manually.,2026-09-26 13:54:44 IST,244.35,260.03,232.22,,0.39,Pharma,NEUTRAL,Hold,INTACT,2.0,,,,,
2026-09-26,JSWENE,506.55,🔴 STRG SELL,breakdown + thesis stress,2026-09-26 13:54:44 IST,506.55,541.82,523.91,,4.76,Power,BEARISH,Hold,INTACT,3.0,,,,,
2026-09-26,NHPC,76.0,🟡 HOLD / TRIM WATCH,"pullback within thesis, not a breakdown",2026-09-26 13:54:44 IST,76.0,77.1,77.38,,0.64,Power,BEARISH,Hold,INTACT,3.0,,,,,
2026-09-26,NTPC,326.6,🔴 STRG SELL,Below 200 DMA structural breakdown.,2026-09-26 13:54:44 IST,326.6,334.87,354.52,,0.69,Power,BEARISH,Hold,INTACT,5.0,,,,,
2026-09-26,NTPGRE,,🟡 HOLD / REVIEW,ROE unavailable — verify fundamentals manually.,2026-09-26 13:54:44 IST,,,,,2.12,Power,NEUTRAL,Hold,INTACT,3.0,,,,,
2026-09-26,SJVLIM,,🟡 HOLD / REVIEW,ROE unavailable — verify fundamentals manually.,2026-09-26 13:54:44 IST,,,,,0.75,Power,NEUTRAL,Hold,INTACT,3.0,,,,,
2026-09-26,TATPOW,367.5,🟡 HOLD / TRIM WATCH,"pullback within thesis, not a breakdown",2026-09-26 13:54:44 IST,367.5,371.7,385.45,,0.5,Power,BEARISH,Add on weakness (small),INTACT,4.0,,,,,
2026-09-26,GAIL,172.7,🟡 HOLD / REVIEW,ROE unavailable — verify fundamentals manually.,2026-09-26 13:54:44 IST,172.7,173.57,164.81,,1.49,Oil & Gas,NEUTRAL,Hold,INTACT,4.0,,,,,
2026-09-26,GUJGA,,🟡 HOLD / REVIEW,ROE unavailable — verify fundamentals manually.,2026-09-26 13:54:44 IST,,,,,0.42,Oil & Gas,NEUTRAL,Hold,INTACT,3.0,,,,,
2026-09-26,HINPET,351.0,🔴 STRG SELL,breakdown + thesis stress,2026-09-26 13:54:44 IST,351.0,365.36,381.85,,0.82,Oil & Gas,BEARISH,Hold,INTACT,3.0,,,,,
2026-09-26,ONGC,235.86,🔴 STRG SELL,breakdown + thesis stress,2026-09-26 13:54:44 IST,235.86,237.5,254.79,,1.53,Oil & Gas,BEARISH,Hold,INTACT,4.0,,,,,
2026-09-26,PETLNG,,🟡 HOLD / REVIEW,ROE unavailable — verify fundamentals manually.,2026-09-26 13:54:44 IST,,,,,0.56,Oil & Gas,NEUTRAL,Hold,INTACT,4.0,,,,,
2026-09-26,RELIND,1226.0,🔴 STRG SELL,Below 200 DMA structural breakdown.,2026-09-26 13:54:44 IST,1226.0,1288.83,1363.41,,14.87,Oil & Gas,BEARISH,Hold,INTACT,5.0,,,,,
2026-09-26,GUJPPL,163.2,🟡 HOLD / REVIEW,ROE unavailable — verify fundamentals manually.,2026-09-26 13:54:44 IST,163.2,155.44,158.06,,0.47,Infrastructure,NEUTRAL,Hold,INTACT,3.0,,,,,
2026-09-26,IDECEL,14.26,🟡 HOLD / REVIEW,ROE unavailable — verify fundamentals manually.,2026-09-26 13:54:44 IST,14.26,13.96,12.24,,3.11,Telecom,BULLISH,Hold,INTACT,2.0,,,,,
2026-09-26,ASHLEY,159.08,🟡 HOLD / TRIM WATCH,"pullback within thesis, not a breakdown",2026-09-26 13:55:23 IST,159.08,167.04,170.02,,2.44,Auto,BEARISH,Add on weakness (small),INTACT,4.0,,,,,
2026-09-26,TATCAP,,🟡 HOLD / REVIEW,ROE unavailable — verify fundamentals manually.,2026-09-26 13:55:23 IST,,,,,2.08,Financial Services,NEUTRAL,Hold,INTACT,4.0,,,,,
2026-09-26,FEDBAN,322.0,🟡 HOLD / REVIEW,ROE unavailable — verify fundamentals manually.,2026-09-26 13:55:23 IST,322.0,348.73,302.84,,2.05,Banking,NEUTRAL,Hold,INTACT,4.0,,,,,
2026-09-26,HDFBAN,735.6,🔴 STRG SELL,breakdown + thesis stress,2026-09-26 13:55:23 IST,735.6,727.92,808.53,0.1384,14.34,Banking,BEARISH,Hold,INTACT,5.0,,,,,
2026-09-26,LGELEC,1725.4,🟡 HOLD / REVIEW,ROE unavailable — verify fundamentals manually.,2026-09-26 13:55:23 IST,1725.4,1620.66,1547.34,,2.93,Consumer Electronics,BULLISH,Hold,INTACT,4.0,,,,,
2026-09-26,HDF250,,🟡 HOLD / REVIEW,ROE unavailable — verify fundamentals manually.,2026-09-26 13:55:23 IST,,,,,0.61,Other ETFs/Misc,NEUTRAL,Hold,INTACT,4.0,,,,,
2026-09-26,ICIGOL,129.03,🟡 HOLD / REVIEW,ROE unavailable — verify fundamentals manually.,2026-09-26 13:55:23 IST,129.03,128.43,127.17,,4.93,Other ETFs/Misc,BULLISH,Hold,INTACT,2.0,,,,,
2026-09-26,ICINIF,,⚪ NO DATA,Could not evaluate (no data) — verify manually.,2026-09-26 13:55:23 IST,,,,,3.39,Other ETFs/Misc,NO_DATA,Hold,INTACT,4.0,,,,,
2026-09-26,ICIPSE,,🟡 HOLD / REVIEW,ROE unavailable — verify fundamentals manually.,2026-09-26 13:55:23 IST,,,,,7.44,Other ETFs/Misc,NEUTRAL,Hold,INTACT,3.0,,,,,
2026-09-26,NIPNIT,,🟡 HOLD / REVIEW,ROE unavailable — verify fundamentals manually.,2026-09-26 13:55:23 IST,,,,,0.36,IT,NEUTRAL,Hold,INTACT,4.0,,,,,
2026-09-26,KOTAKBKETF,,🟡 HOLD / REVIEW,ROE unavailable — verify fundamentals manually.,2026-09-26 13:55:23 IST,,,,,0.26,Banking,NEUTRAL,Hold,INTACT,4.0,,,,,
2026-09-26,BHAELE,393.55,🟡 HOLD / TRIM WATCH,"pullback within thesis, not a breakdown",2026-09-26 13:55:23 IST,393.55,402.34,417.42,,4.87,Defense,BEARISH,Hold,INTACT,3.0,,,,,
2026-09-26,TATGLO,983.2,🔴 STRG SELL,Below 200 DMA structural breakdown.,2026-09-26 13:55:23 IST,983.2,1048.83,1111.65,,5.24,Consumption,BEARISH,Hold,INTACT,3.0,,,,,
2026-09-26,JIOFIN,227.0,🔴 STRG SELL,breakdown + thesis stress,2026-09-26 13:55:23 IST,227.0,240.85,249.55,,1.88,Financial Services,BEARISH,Hold,INTACT,3.0,,,,,
2026-09-26,WIPRO,164.02,🔴 STRG SELL,breakdown + thesis stress,2026-09-26 13:55:23 IST,164.02,176.72,199.56,0.1613,6.66,IT,BEARISH,Hold,INTACT,4.0,,,,,
2026-09-26,ENGIND,315.65,🟡 HOLD / PEAK,Overextended >25% above 50 DMA.,2026-09-26 13:55:23 IST,315.65,251.63,223.48,,0.72,Infrastructure,BULLISH,Hold,INTACT,3.0,,,,,
2026-09-26,LIC,409.05,🟡 HOLD / REVIEW,ROE unavailable — verify fundamentals manually.,2026-09-26 13:55:23 IST,409.05,411.9,407.29,,4.87,Insurance,NEUTRAL,Hold,INTACT,4.0,,,,,
2026-09-26,MIR150,22.96,🟡 HOLD / REVIEW,ROE unavailable — verify fundamentals manually.,2026-09-26 13:55:23 IST,22.96,23.64,22.68,,0.66,Other ETFs/Misc,NEUTRAL,Hold,INTACT,4.0,,,,,
2026-09-26,DRREDD,1201.0,🔴 STRG SELL,Below 200 DMA structural breakdown.,2026-09-26 13:55:23 IST,1201.0,1173.56,1242.61,0.0884,1.16,Pharma,BEARISH,Hold,INTACT,5.0,,,,,
2026-09-26,SEQSCI,244.35,🟡 HOLD / REVIEW,ROE unavailable — verify fundamentals manually.,2026-09-26 13:55:23 IST,244.35,260.03,232.22,,0.39,Pharma,NEUTRAL,Hold,INTACT,2.0,,,,,
2026-09-26,JSWENE,506.55,🔴 STRG SELL,breakdown + thesis stress,2026-09-26 13:55:23 IST,506.55,541.82,523.91,,4.76,Power,BEARISH,Hold,INTACT,3.0,,,,,
2026-09-26,NHPC,76.0,🟡 HOLD / TRIM WATCH,"pullback within thesis, not a breakdown",2026-09-26 13:55:23 IST,76.0,77.1,77.38,,0.64,Power,BEARISH,Hold,INTACT,3.0,,,,,
2026-09-26,NTPC,326.6,🔴 STRG SELL,Below 200 DMA structural breakdown.,2026-09-26 13:55:23 IST,326.6,334.87,354.52,,0.69,Power,BEARISH,Hold,INTACT,5.0,,,,,
2026-09-26,NTPGRE,,🟡 HOLD / REVIEW,ROE unavailable — verify fundamentals manually.,2026-09-26 13:55:23 IST,,,,,2.12,Power,NEUTRAL,Hold,INTACT,3.0,,,,,
2026-09-26,SJVLIM,,🟡 HOLD / REVIEW,ROE unavailable — verify fundamentals manually.,2026-09-26 13:55:23 IST,,,,,0.75,Power,NEUTRAL,Hold,INTACT,3.0,,,,,
2026-09-26,TATPOW,367.5,🟡 HOLD / TRIM WATCH,"pullback within thesis, not a breakdown",2026-09-26 13:55:23 IST,367.5,371.7,385.45,,0.5,Power,BEARISH,Add on weakness (small),INTACT,4.0,,,,,
2026-09-26,GAIL,172.7,🟡 HOLD / REVIEW,ROE unavailable — verify fundamentals manually.,2026-09-26 13:55:23 IST,172.7,173.57,164.81,,1.49,Oil & Gas,NEUTRAL,Hold,INTACT,4.0,,,,,
2026-09-26,GUJGA,,🟡 HOLD / REVIEW,ROE unavailable — verify fundamentals manually.,2026-09-26 13:55:23 IST,,,,,0.42,Oil & Gas,NEUTRAL,Hold,INTACT,3.0,,,,,
2026-09-26,HINPET,351.0,🔴 STRG SELL,breakdown + thesis stress,2026-09-26 13:55:23 IST,351.0,365.36,381.85,,0.82,Oil & Gas,BEARISH,Hold,INTACT,3.0,,,,,
2026-09-26,ONGC,235.86,🔴 STRG SELL,breakdown + thesis stress,2026-09-26 13:55:23 IST,235.86,237.5,254.79,,1.53,Oil & Gas,BEARISH,Hold,INTACT,4.0,,,,,
2026-09-26,PETLNG,,🟡 HOLD / REVIEW,ROE unavailable — verify fundamentals manually.,2026-09-26 13:55:23 IST,,,,,0.56,Oil & Gas,NEUTRAL,Hold,INTACT,4.0,,,,,
2026-09-26,RELIND,1226.0,🔴 STRG SELL,Below 200 DMA structural breakdown.,2026-09-26 13:55:23 IST,1226.0,1288.83,1363.41,,14.87,Oil & Gas,BEARISH,Hold,INTACT,5.0,,,,,
2026-09-26,GUJPPL,163.2,🟡 HOLD / REVIEW,ROE unavailable — verify fundamentals manually.,2026-09-26 13:55:23 IST,163.2,155.44,158.06,,0.47,Infrastructure,NEUTRAL,Hold,INTACT,3.0,,,,,
2026-09-26,IDECEL,14.26,🟡 HOLD / REVIEW,ROE unavailable — verify fundamentals manually.,2026-09-26 13:55:23 IST,14.26,13.96,12.24,,3.11,Telecom,BULLISH,Hold,INTACT,2.0,,,,,
2026-09-26,ASHLEY,159.08,🟡 HOLD / TRIM WATCH,"pullback within thesis, not a breakdown",2026-09-26 15:57:21 IST,159.08,167.04,170.02,,2.44,Auto,BEARISH,Add on weakness (small),INTACT,4.0,,,,,
2026-09-26,TATCAP,339.15,🔴 STRG SELL,Below 200 DMA structural breakdown.,2026-09-26 15:57:21 IST,339.15,360.29,340.29,,2.08,Financial Services,BEARISH,Hold,INTACT,4.0,,,,,
2026-09-26,FEDBAN,322.0,🟡 HOLD / REVIEW,ROE unavailable — verify fundamentals manually.,2026-09-26 15:57:21 IST,322.0,348.73,302.84,,2.05,Banking,NEUTRAL,Hold,INTACT,4.0,,,,,
2026-09-26,HDFBAN,735.6,🔴 STRG SELL,breakdown + thesis stress,2026-09-26 15:57:21 IST,735.6,727.92,808.53,0.1384,14.34,Banking,BEARISH,Hold,INTACT,5.0,,,,,
2026-09-26,LGELEC,1725.4,🟡 HOLD / REVIEW,ROE unavailable — verify fundamentals manually.,2026-09-26 15:57:21 IST,1725.4,1620.66,1547.34,,2.93,Consumer Electronics,BULLISH,Hold,INTACT,4.0,,,,,
2026-09-26,HDF250,183.3,🟡 HOLD / REVIEW,ROE unavailable — verify fundamentals manually.,2026-09-26 15:57:21 IST,183.3,183.81,169.94,,0.61,Other ETFs/Misc,NEUTRAL,Hold,INTACT,4.0,,,,,
2026-09-26,ICIGOL,129.03,🟡 HOLD / REVIEW,ROE unavailable — verify fundamentals manually.,2026-09-26 15:57:21 IST,129.03,128.43,127.17,,4.93,Other ETFs/Misc,BULLISH,Hold,INTACT,2.0,,,,,
2026-09-26,ICINIF,,⚪ NO DATA,Could not evaluate (no data) — verify manually.,2026-09-26 15:57:21 IST,,,,,3.39,Other ETFs/Misc,NO_DATA,Hold,INTACT,4.0,,,,,
2026-09-26,ICIPSE,225.62,🔴 STRG SELL,breakdown + thesis stress,2026-09-26 15:57:21 IST,225.62,227.87,240.32,,7.44,Other ETFs/Misc,BEARISH,Hold,INTACT,3.0,,,,,
2026-09-26,NIPNIT,31.32,🔴 STRG SELL,breakdown + thesis stress,2026-09-26 15:57:21 IST,31.32,33.47,34.79,,0.36,IT,BEARISH,Hold,INTACT,4.0,,,,,
2026-09-26,KOTAKBKETF,57.55,🔴 STRG SELL,breakdown + thesis stress,2026-09-26 15:57:21 IST,57.55,59.36,212.28,,0.26,Banking,BEARISH,Hold,INTACT,4.0,,,,,
2026-09-26,BHAELE,393.55,🟡 HOLD / TRIM WATCH,"pullback within thesis, not a breakdown",2026-09-26 15:57:21 IST,393.55,402.34,417.42,,4.87,Defense,BEARISH,Hold,INTACT,3.0,,,,,
2026-09-26,TATGLO,983.2,🔴 STRG SELL,Below 200 DMA structural breakdown.,2026-09-26 15:57:21 IST,983.2,1048.83,1111.65,,5.24,Consumption,BEARISH,Hold,INTACT,3.0,,,,,
2026-09-26,JIOFIN,227.0,🔴 STRG SELL,breakdown + thesis stress,2026-09-26 15:57:21 IST,227.0,240.85,249.55,,1.88,Financial Services,BEARISH,Hold,INTACT,3.0,,,,,
2026-09-26,WIPRO,164.02,🔴 STRG SELL,breakdown + thesis stress,2026-09-26 15:57:21 IST,164.02,176.72,199.56,0.1613,6.66,IT,BEARISH,Hold,INTACT,4.0,,,,,
2026-09-26,ENGIND,315.65,🟡 HOLD / PEAK,Overextended >25% above 50 DMA.,2026-09-26 15:57:21 IST,315.65,251.63,223.48,,0.72,Infrastructure,BULLISH,Hold,INTACT,3.0,,,,,
2026-09-26,LIC,409.05,🟡 HOLD / REVIEW,ROE unavailable — verify fundamentals manually.,2026-09-26 15:57:21 IST,409.05,411.9,407.29,,4.87,Insurance,NEUTRAL,Hold,INTACT,4.0,,,,,
2026-09-26,MIR150,22.96,🟡 HOLD / REVIEW,ROE unavailable — verify fundamentals manually.,2026-09-26 15:57:21 IST,22.96,23.64,22.68,,0.66,Other ETFs/Misc,NEUTRAL,Hold,INTACT,4.0,,,,,
2026-09-26,DRREDD,1201.0,🔴 STRG SELL,Below 200 DMA structural breakdown.,2026-09-26 15:57:21 IST,1201.0,1173.56,1242.61,0.0884,1.16,Pharma,BEARISH,Hold,INTACT,5.0,,,,,
2026-09-26,SEQSCI,244.35,🟡 HOLD / REVIEW,ROE unavailable — verify fundamentals manually.,2026-09-26 15:57:21 IST,244.35,260.03,232.22,,0.39,Pharma,NEUTRAL,Hold,INTACT,2.0,,,,,
2026-09-26,JSWENE,506.55,🔴 STRG SELL,breakdown + thesis stress,2026-09-26 15:57:21 IST,506.55,541.82,523.91,,4.76,Power,BEARISH,Hold,INTACT,3.0,,,,,
2026-09-26,NHPC,76.0,🟡 HOLD / TRIM WATCH,"pullback within thesis, not a breakdown",2026-09-26 15:57:21 IST,76.0,77.1,77.38,,0.64,Power,BEARISH,Hold,INTACT,3.0,,,,,
2026-09-26,NTPC,326.6,🔴 STRG SELL,Below 200 DMA structural breakdown.,2026-09-26 15:57:21 IST,326.6,334.87,354.52,,0.69,Power,BEARISH,Hold,INTACT,5.0,,,,,
2026-09-26,NTPGRE,93.47,🔴 STRG SELL,breakdown + thesis stress,2026-09-26 15:57:21 IST,93.47,90.98,95.34,,2.12,Power,BEARISH,Hold,INTACT,3.0,,,,,
2026-09-26,SJVLIM,61.76,🔴 STRG SELL,breakdown + thesis stress,2026-09-26 15:57:21 IST,61.76,66.12,71.3,,0.75,Power,BEARISH,Hold,INTACT,3.0,,,,,
2026-09-26,TATPOW,367.5,🟡 HOLD / TRIM WATCH,"pullback within thesis, not a breakdown",2026-09-26 15:57:21 IST,367.5,371.7,385.45,,0.5,Power,BEARISH,Add on weakness (small),INTACT,4.0,,,,,
2026-09-26,GAIL,172.7,🟡 HOLD / REVIEW,ROE unavailable — verify fundamentals manually.,2026-09-26 15:57:21 IST,172.7,173.57,164.81,,1.49,Oil & Gas,NEUTRAL,Hold,INTACT,4.0,,,,,
2026-09-26,GUJGA,236.02,🔴 STRG SELL,breakdown + thesis stress,2026-09-26 15:57:21 IST,236.02,253.11,336.33,,0.42,Oil & Gas,BEARISH,Hold,INTACT,3.0,,,,,
2026-09-26,HINPET,351.0,🔴 STRG SELL,breakdown + thesis stress,2026-09-26 15:57:21 IST,351.0,365.36,381.85,,0.82,Oil & Gas,BEARISH,Hold,INTACT,3.0,,,,,
2026-09-26,ONGC,235.86,🔴 STRG SELL,breakdown + thesis stress,2026-09-26 15:57:21 IST,235.86,237.5,254.79,,1.53,Oil & Gas,BEARISH,Hold,INTACT,4.0,,,,,
2026-09-26,PETLNG,286.5,🟡 HOLD / REVIEW,ROE unavailable — verify fundamentals manually.,2026-09-26 15:57:21 IST,286.5,284.53,279.21,,0.56,Oil & Gas,BULLISH,Hold,INTACT,4.0,,,,,
2026-09-26,RELIND,1226.0,🔴 STRG SELL,Below 200 DMA structural breakdown.,2026-09-26 15:57:21 IST,1226.0,1288.83,1363.41,,14.87,Oil & Gas,BEARISH,Hold,INTACT,5.0,,,,,
2026-09-26,GUJPPL,163.2,🟡 HOLD / REVIEW,ROE unavailable — verify fundamentals manually.,2026-09-26 15:57:21 IST,163.2,155.44,158.06,,0.47,Infrastructure,NEUTRAL,Hold,INTACT,3.0,,,,,
2026-09-26,IDECEL,14.26,🟡 HOLD / REVIEW,ROE unavailable — verify fundamentals manually.,2026-09-26 15:57:21 IST,14.26,13.96,12.24,,3.11,Telecom,BULLISH,Hold,INTACT,2.0,,,,,
2026-09-27,ASHLEY,159.08,🟡 HOLD / TRIM WATCH,"pullback within thesis, not a breakdown",2026-09-27 19:36:56 IST,159.08,167.04,170.02,,2.44,Auto,BEARISH,Add on weakness (small),INTACT,4.0,,,,,
2026-09-27,TATCAP,339.15,🔴 STRG SELL,Below 200 DMA structural breakdown.,2026-09-27 19:36:56 IST,339.15,360.29,340.29,,2.08,Financial Services,BEARISH,Hold,INTACT,4.0,,,,,
2026-09-27,FEDBAN,322.0,🟡 HOLD / REVIEW,ROE unavailable — verify fundamentals manually.,2026-09-27 19:36:56 IST,322.0,348.73,302.84,,2.05,Banking,NEUTRAL,Hold,INTACT,4.0,,,,,
2026-09-27,HDFBAN,735.6,🔴 STRG SELL,breakdown + thesis stress,2026-09-27 19:36:56 IST,735.6,727.92,808.53,0.1384,14.34,Banking,BEARISH,Hold,INTACT,5.0,,,,,
2026-09-27,LGELEC,1725.4,🟡 HOLD / REVIEW,ROE unavailable — verify fundamentals manually.,2026-09-27 19:36:56 IST,1725.4,1620.66,1547.34,,2.93,Consumer Electronics,BULLISH,Hold,INTACT,4.0,,,,,
2026-09-27,HDF250,183.33,🟡 HOLD / REVIEW,ROE unavailable — verify fundamentals manually.,2026-09-27 19:36:56 IST,183.33,183.85,170.04,,0.61,Other ETFs/Misc,NEUTRAL,Hold,INTACT,4.0,,,,,
2026-09-27,ICIGOL,129.03,🟡 HOLD / REVIEW,ROE unavailable — verify fundamentals manually.,2026-09-27 19:36:56 IST,129.03,128.43,127.17,,4.93,Other ETFs/Misc,BULLISH,Hold,INTACT,2.0,,,,,
2026-09-27,ICINIF,,⚪ NO DATA,Could not evaluate (no data) — verify manually.,2026-09-27 19:36:56 IST,,,,,3.39,Other ETFs/Misc,NO_DATA,Hold,INTACT,4.0,,,,,
2026-09-27,ICIPSE,228.35,🔴 STRG SELL,breakdown + thesis stress,2026-09-27 19:36:56 IST,228.35,228.15,240.57,,7.44,Other ETFs/Misc,BEARISH,Hold,INTACT,3.0,,,,,
2026-09-27,NIPNIT,31.3,🔴 STRG SELL,breakdown + thesis stress,2026-09-27 19:36:56 IST,31.3,33.45,34.74,,0.36,IT,BEARISH,Hold,INTACT,4.0,,,,,
2026-09-27,KOTAKBKETF,57.69,🔴 STRG SELL,breakdown + thesis stress,2026-09-27 19:36:56 IST,57.69,59.3,209.53,,0.26,Banking,BEARISH,Hold,INTACT,4.0,,,,,
2026-09-27,BHAELE,393.55,🟡 HOLD / TRIM WATCH,"pullback within thesis, not a breakdown",2026-09-27 19:36:56 IST,393.55,402.34,417.42,,4.87,Defense,BEARISH,Hold,INTACT,3.0,,,,,
2026-09-27,TATGLO,983.2,🔴 STRG SELL,Below 200 DMA structural breakdown.,2026-09-27 19:36:56 IST,983.2,1048.83,1111.65,,5.24,Consumption,BEARISH,Hold,INTACT,3.0,,,,,
2026-09-27,JIOFIN,227.0,🔴 STRG SELL,breakdown + thesis stress,2026-09-27 19:36:56 IST,227.0,240.85,249.55,,1.88,Financial Services,BEARISH,Hold,INTACT,3.0,,,,,
2026-09-27,WIPRO,164.02,🔴 STRG SELL,breakdown + thesis stress,2026-09-27 19:36:56 IST,164.02,176.72,199.56,0.1613,6.66,IT,BEARISH,Hold,INTACT,4.0,,,,,
2026-09-27,ENGIND,315.65,🟡 HOLD / PEAK,Overextended >25% above 50 DMA.,2026-09-27 19:36:56 IST,315.65,251.63,223.48,,0.72,Infrastructure,BULLISH,Hold,INTACT,3.0,,,,,
2026-09-27,LIC,409.05,🟡 HOLD / REVIEW,ROE unavailable — verify fundamentals manually.,2026-09-27 19:36:56 IST,409.05,411.9,407.29,,4.87,Insurance,NEUTRAL,Hold,INTACT,4.0,,,,,
2026-09-27,MIR150,22.96,🟡 HOLD / REVIEW,ROE unavailable — verify fundamentals manually.,2026-09-27 19:36:56 IST,22.96,23.64,22.68,,0.66,Other ETFs/Misc,NEUTRAL,Hold,INTACT,4.0,,,,,
2026-09-27,DRREDD,1201.0,🔴 STRG SELL,Below 200 DMA structural breakdown.,2026-09-27 19:36:56 IST,1201.0,1173.56,1242.61,0.0884,1.16,Pharma,BEARISH,Hold,INTACT,5.0,,,,,
2026-09-27,SEQSCI,244.35,🟡 HOLD / REVIEW,ROE unavailable — verify fundamentals manually.,2026-09-27 19:36:56 IST,244.35,260.03,232.22,,0.39,Pharma,NEUTRAL,Hold,INTACT,2.0,,,,,
2026-09-27,JSWENE,506.55,🔴 STRG SELL,breakdown + thesis stress,2026-09-27 19:36:56 IST,506.55,541.82,523.91,,4.76,Power,BEARISH,Hold,INTACT,3.0,,,,,
2026-09-27,NHPC,76.0,🟡 HOLD / TRIM WATCH,"pullback within thesis, not a breakdown",2026-09-27 19:36:56 IST,76.0,77.1,77.38,,0.64,Power,BEARISH,Hold,INTACT,3.0,,,,,
2026-09-27,NTPC,326.6,🔴 STRG SELL,Below 200 DMA structural breakdown.,2026-09-27 19:36:56 IST,326.6,334.87,354.52,,0.69,Power,BEARISH,Hold,INTACT,5.0,,,,,
2026-09-27,NTPGRE,93.47,🔴 STRG SELL,breakdown + thesis stress,2026-09-27 19:36:56 IST,93.47,90.98,95.34,,2.12,Power,BEARISH,Hold,INTACT,3.0,,,,,
2026-09-27,SJVLIM,61.76,🔴 STRG SELL,breakdown + thesis stress,2026-09-27 19:36:56 IST,61.76,66.12,71.3,,0.75,Power,BEARISH,Hold,INTACT,3.0,,,,,
2026-09-27,TATPOW,367.5,🟡 HOLD / TRIM WATCH,"pullback within thesis, not a breakdown",2026-09-27 19:36:56 IST,367.5,371.7,385.45,,0.5,Power,BEARISH,Add on weakness (small),INTACT,4.0,,,,,
2026-09-27,GAIL,172.7,🟡 HOLD / REVIEW,ROE unavailable — verify fundamentals manually.,2026-09-27 19:36:56 IST,172.7,173.57,164.81,,1.49,Oil & Gas,NEUTRAL,Hold,INTACT,4.0,,,,,
2026-09-27,GUJGA,236.02,🔴 STRG SELL,breakdown + thesis stress,2026-09-27 19:36:56 IST,236.02,253.11,336.33,,0.42,Oil & Gas,BEARISH,Hold,INTACT,3.0,,,,,
2026-09-27,HINPET,351.0,🔴 STRG SELL,breakdown + thesis stress,2026-09-27 19:36:56 IST,351.0,365.36,381.85,,0.82,Oil & Gas,BEARISH,Hold,INTACT,3.0,,,,,
2026-09-27,ONGC,235.86,🔴 STRG SELL,breakdown + thesis stress,2026-09-27 19:36:56 IST,235.86,237.5,254.79,,1.53,Oil & Gas,BEARISH,Hold,INTACT,4.0,,,,,
2026-09-27,PETLNG,286.5,🟡 HOLD / REVIEW,ROE unavailable — verify fundamentals manually.,2026-09-27 19:36:56 IST,286.5,284.53,279.21,,0.56,Oil & Gas,BULLISH,Hold,INTACT,4.0,,,,,
2026-09-27,RELIND,1226.0,🔴 STRG SELL,Below 200 DMA structural breakdown.,2026-09-27 19:36:56 IST,1226.0,1288.83,1363.41,,14.87,Oil & Gas,BEARISH,Hold,INTACT,5.0,,,,,
2026-09-27,GUJPPL,163.2,🟡 HOLD / REVIEW,ROE unavailable — verify fundamentals manually.,2026-09-27 19:36:56 IST,163.2,155.44,158.06,,0.47,Infrastructure,NEUTRAL,Hold,INTACT,3.0,,,,,
2026-09-27,IDECEL,14.26,🟡 HOLD / REVIEW,ROE unavailable — verify fundamentals manually.,2026-09-27 19:36:56 IST,14.26,13.96,12.24,,3.11,Telecom,BULLISH,Hold,INTACT,2.0,,,,,
2026-09-28,ASHLEY,156.67,🟡 HOLD / TRIM WATCH,"pullback within thesis, not a breakdown",2026-09-28 10:16:32 IST,156.67,167.08,170.02,,2.44,Auto,BEARISH,Add on weakness (small),INTACT,4.0,,,,,
2026-09-28,TATCAP,327.7,🔴 STRG SELL,Below 200 DMA structural breakdown.,2026-09-28 10:16:32 IST,327.7,359.79,340.3,,2.08,Financial Services,BEARISH,Hold,INTACT,4.0,,,,,
2026-09-28,FEDBAN,324.8,🟡 HOLD / REVIEW,ROE unavailable — verify fundamentals manually.,2026-09-28 10:16:32 IST,324.8,348.24,303.17,,2.05,Banking,NEUTRAL,Hold,INTACT,4.0,,,,,
2026-09-28,HDFBAN,722.85,🔴 STRG SELL,breakdown + thesis stress,2026-09-28 10:16:32 IST,722.85,726.83,807.22,0.1384,14.34,Banking,BEARISH,Hold,INTACT,5.0,,,,,
2026-09-28,LGELEC,1731.0,🟡 HOLD / REVIEW,ROE unavailable — verify fundamentals manually.,2026-09-28 10:16:32 IST,1731.0,1623.75,1548.14,,2.93,Consumer Electronics,BULLISH,Hold,INTACT,4.0,,,,,
2026-09-28,HDF250,181.35,🟡 HOLD / REVIEW,ROE unavailable — verify fundamentals manually.,2026-09-28 10:16:32 IST,181.35,183.84,170.13,,0.61,Other ETFs/Misc,NEUTRAL,Hold,INTACT,4.0,,,,,
2026-09-28,ICIGOL,126.33,🔴 STRG SELL,breakdown + thesis stress,2026-09-28 10:16:32 IST,126.33,128.56,127.26,,4.93,Other ETFs/Misc,BEARISH,Hold,INTACT,2.0,,,,,
2026-09-28,ICINIF,,⚪ NO DATA,Could not evaluate (no data) — verify manually.,2026-09-28 10:16:32 IST,,,,,3.39,Other ETFs/Misc,NO_DATA,Hold,INTACT,4.0,,,,,
2026-09-28,ICIPSE,221.72,🔴 STRG SELL,breakdown + thesis stress,2026-09-28 10:16:32 IST,221.72,228.25,240.76,,7.44,Other ETFs/Misc,BEARISH,Hold,INTACT,3.0,,,,,
2026-09-28,NIPNIT,31.08,🔴 STRG SELL,breakdown + thesis stress,2026-09-28 10:16:32 IST,31.08,33.42,34.68,,0.36,IT,BEARISH,Hold,INTACT,4.0,,,,,
2026-09-28,KOTAKBKETF,56.85,🔴 STRG SELL,breakdown + thesis stress,2026-09-28 10:16:32 IST,56.85,59.24,206.75,,0.26,Banking,BEARISH,Hold,INTACT,4.0,,,,,
2026-09-28,BHAELE,387.65,🟡 HOLD / TRIM WATCH,"pullback within thesis, not a breakdown",2026-09-28 10:16:32 IST,387.65,401.94,417.43,,4.87,Defense,BEARISH,Hold,INTACT,3.0,,,,,
2026-09-28,TATGLO,963.6,🔴 STRG SELL,Below 200 DMA structural breakdown.,2026-09-28 10:16:32 IST,963.6,1046.27,1110.81,,5.24,Consumption,BEARISH,Hold,INTACT,3.0,,,,,
2026-09-28,JIOFIN,224.02,🔴 STRG SELL,breakdown + thesis stress,2026-09-28 10:16:32 IST,224.02,240.57,249.18,,1.88,Financial Services,BEARISH,Hold,INTACT,3.0,,,,,
2026-09-28,WIPRO,161.63,🔴 STRG SELL,breakdown + thesis stress,2026-09-28 10:16:32 IST,161.63,176.47,199.11,0.1613,6.66,IT,BEARISH,Hold,INTACT,4.0,,,,,
2026-09-28,ENGIND,318.45,🟡 HOLD / PEAK,Overextended >25% above 50 DMA.,2026-09-28 10:16:32 IST,318.45,253.44,224.11,,0.72,Infrastructure,BULLISH,Hold,INTACT,3.0,,,,,
2026-09-28,LIC,403.2,🔴 STRG SELL,breakdown + thesis stress,2026-09-28 10:16:32 IST,403.2,411.31,407.21,,4.87,Insurance,BEARISH,Hold,INTACT,4.0,,,,,
2026-09-28,MIR150,22.75,🟡 HOLD / REVIEW,ROE unavailable — verify fundamentals manually.,2026-09-28 10:16:32 IST,22.75,23.62,22.68,,0.66,Other ETFs/Misc,NEUTRAL,Hold,INTACT,4.0,,,,,
2026-09-28,DRREDD,1216.2,🔴 STRG SELL,Below 200 DMA structural breakdown.,2026-09-28 10:16:32 IST,1216.2,1173.42,1242.36,0.0884,1.16,Pharma,BEARISH,Hold,INTACT,5.0,,,,,
2026-09-28,SEQSCI,241.15,🟡 HOLD / REVIEW,ROE unavailable — verify fundamentals manually.,2026-09-28 10:16:32 IST,241.15,259.56,232.39,,0.39,Pharma,NEUTRAL,Hold,INTACT,2.0,,,,,
2026-09-28,JSWENE,497.0,🔴 STRG SELL,breakdown + thesis stress,2026-09-28 10:16:32 IST,497.0,540.4,524.11,,4.76,Power,BEARISH,Hold,INTACT,3.0,,,,,
2026-09-28,NHPC,75.3,🟡 HOLD / TRIM WATCH,"pullback within thesis, not a breakdown",2026-09-28 10:16:32 IST,75.3,76.99,77.38,,0.64,Power,BEARISH,Hold,INTACT,3.0,,,,,
2026-09-28,NTPC,322.65,🔴 STRG SELL,Below 200 DMA structural breakdown.,2026-09-28 10:16:32 IST,322.65,334.46,354.55,,0.69,Power,BEARISH,Hold,INTACT,5.0,,,,,
2026-09-28,NTPGRE,91.98,🔴 STRG SELL,breakdown + thesis stress,2026-09-28 10:16:32 IST,91.98,90.98,95.35,,2.12,Power,BEARISH,Hold,INTACT,3.0,,,,,
2026-09-28,SJVLIM,60.99,🔴 STRG SELL,breakdown + thesis stress,2026-09-28 10:16:32 IST,60.99,65.97,71.25,,0.75,Power,BEARISH,Hold,INTACT,3.0,,,,,
2026-09-28,TATPOW,362.9,🟡 HOLD / TRIM WATCH,"pullback within thesis, not a breakdown",2026-09-28 10:16:32 IST,362.9,371.27,385.38,,0.5,Power,BEARISH,Add on weakness (small),INTACT,4.0,,,,,
2026-09-28,GAIL,172.18,🟡 HOLD / REVIEW,ROE unavailable — verify fundamentals manually.,2026-09-28 10:16:32 IST,172.18,173.57,164.86,,1.49,Oil & Gas,NEUTRAL,Hold,INTACT,4.0,,,,,
2026-09-28,GUJGA,234.15,🔴 STRG SELL,breakdown + thesis stress,2026-09-28 10:16:32 IST,234.15,252.55,335.6,,0.42,Oil & Gas,BEARISH,Hold,INTACT,3.0,,,,,
2026-09-28,HINPET,345.7,🔴 STRG SELL,breakdown + thesis stress,2026-09-28 10:16:32 IST,345.7,364.56,381.45,,0.82,Oil & Gas,BEARISH,Hold,INTACT,3.0,,,,,
2026-09-28,ONGC,233.84,🔴 STRG SELL,breakdown + thesis stress,2026-09-28 10:16:32 IST,233.84,237.21,254.8,,1.53,Oil & Gas,BEARISH,Hold,INTACT,4.0,,,,,
2026-09-28,PETLNG,290.15,🟡 HOLD / REVIEW,ROE unavailable — verify fundamentals manually.,2026-09-28 10:16:32 IST,290.15,284.84,279.32,,0.56,Oil & Gas,BULLISH,Hold,INTACT,4.0,,,,,
2026-09-28,RELIND,1210.4,🔴 STRG SELL,Below 200 DMA structural breakdown.,2026-09-28 10:16:32 IST,1210.4,1286.58,1361.77,,14.87,Oil & Gas,BEARISH,Hold,INTACT,5.0,,,,,
2026-09-28,GUJPPL,162.01,🟡 HOLD / REVIEW,ROE unavailable — verify fundamentals manually.,2026-09-28 10:16:32 IST,162.01,155.74,157.95,,0.47,Infrastructure,NEUTRAL,Hold,INTACT,3.0,,,,,
2026-09-28,IDECEL,13.97,🟡 HOLD / REVIEW,ROE unavailable — verify fundamentals manually.,2026-09-28 10:16:32 IST,13.97,13.97,12.25,,3.11,Telecom,NEUTRAL,Hold,INTACT,2.0,,,,,
2026-09-28,ASHLEY,156.76,🟡 HOLD / TRIM WATCH,"pullback within thesis, not a breakdown",2026-09-28 10:47:53 IST,156.76,167.08,170.02,,2.44,Auto,BEARISH,Add on weakness (small),INTACT,4.0,,,,,
2026-09-28,TATCAP,328.95,🔴 STRG SELL,Below 200 DMA structural breakdown.,2026-09-28 10:47:53 IST,328.95,359.82,340.3,,2.08,Financial Services,BEARISH,Hold,INTACT,4.0,,,,,
2026-09-28,FEDBAN,324.65,🟡 HOLD / REVIEW,ROE unavailable — verify fundamentals manually.,2026-09-28 10:47:53 IST,324.65,348.24,303.17,,2.05,Banking,NEUTRAL,Hold,INTACT,4.0,,,,,
2026-09-28,HDFBAN,722.05,🔴 STRG SELL,breakdown + thesis stress,2026-09-28 10:47:53 IST,722.05,726.81,807.22,0.1384,14.34,Banking,BEARISH,Hold,INTACT,5.0,,,,,
2026-09-28,LGELEC,1732.8,🟡 HOLD / REVIEW,ROE unavailable — verify fundamentals manually.,2026-09-28 10:47:53 IST,1732.8,1623.79,1548.15,,2.93,Consumer Electronics,BULLISH,Hold,INTACT,4.0,,,,,
2026-09-28,HDF250,181.18,🟡 HOLD / REVIEW,ROE unavailable — verify fundamentals manually.,2026-09-28 10:47:53 IST,181.18,183.84,170.13,,0.61,Other ETFs/Misc,NEUTRAL,Hold,INTACT,4.0,,,,,
2026-09-28,ICIGOL,126.14,🔴 STRG SELL,breakdown + thesis stress,2026-09-28 10:47:53 IST,126.14,128.55,127.26,,4.93,Other ETFs/Misc,BEARISH,Hold,INTACT,2.0,,,,,
2026-09-28,ICINIF,,⚪ NO DATA,Could not evaluate (no data) — verify manually.,2026-09-28 10:47:53 IST,,,,,3.39,Other ETFs/Misc,NO_DATA,Hold,INTACT,4.0,,,,,
2026-09-28,ICIPSE,221.21,🔴 STRG SELL,breakdown + thesis stress,2026-09-28 10:47:53 IST,221.21,228.24,240.76,,7.44,Other ETFs/Misc,BEARISH,Hold,INTACT,3.0,,,,,
2026-09-28,NIPNIT,31.02,🔴 STRG SELL,breakdown + thesis stress,2026-09-28 10:47:53 IST,31.02,33.42,34.68,,0.36,IT,BEARISH,Hold,INTACT,4.0,,,,,
2026-09-28,KOTAKBKETF,56.8,🔴 STRG SELL,breakdown + thesis stress,2026-09-28 10:47:53 IST,56.8,59.24,206.75,,0.26,Banking,BEARISH,Hold,INTACT,4.0,,,,,
2026-09-28,BHAELE,385.6,🟡 HOLD / TRIM WATCH,"pullback within thesis, not a breakdown",2026-09-28 10:47:53 IST,385.6,401.9,417.42,,4.87,Defense,BEARISH,Hold,INTACT,3.0,,,,,
2026-09-28,TATGLO,959.8,🔴 STRG SELL,Below 200 DMA structural breakdown.,2026-09-28 10:47:53 IST,959.8,1046.19,1110.79,,5.24,Consumption,BEARISH,Hold,INTACT,3.0,,,,,
2026-09-28,JIOFIN,223.87,🔴 STRG SELL,breakdown + thesis stress,2026-09-28 10:47:53 IST,223.87,240.56,249.18,,1.88,Financial Services,BEARISH,Hold,INTACT,3.0,,,,,
2026-09-28,WIPRO,161.47,🔴 STRG SELL,breakdown + thesis stress,2026-09-28 10:47:53 IST,161.47,176.47,199.11,0.1613,6.66,IT,BEARISH,Hold,INTACT,4.0,,,,,
2026-09-28,ENGIND,314.1,🟡 HOLD / REVIEW,ROE unavailable — verify fundamentals manually.,2026-09-28 10:47:53 IST,314.1,253.35,224.09,,0.72,Infrastructure,BULLISH,Hold,INTACT,3.0,,,,,
2026-09-28,LIC,401.25,🔴 STRG SELL,breakdown + thesis stress,2026-09-28 10:47:53 IST,401.25,411.27,407.2,,4.87,Insurance,BEARISH,Hold,INTACT,4.0,,,,,
2026-09-28,MIR150,22.7,🟡 HOLD / REVIEW,ROE unavailable — verify fundamentals manually.,2026-09-28 10:47:53 IST,22.7,23.62,22.68,,0.66,Other ETFs/Misc,NEUTRAL,Hold,INTACT,4.0,,,,,
2026-09-28,DRREDD,1215.1,🔴 STRG SELL,Below 200 DMA structural breakdown.,2026-09-28 10:47:53 IST,1215.1,1173.4,1242.36,0.0884,1.16,Pharma,BEARISH,Hold,INTACT,5.0,,,,,
2026-09-28,SEQSCI,240.0,🟡 HOLD / REVIEW,ROE unavailable — verify fundamentals manually.,2026-09-28 10:47:53 IST,240.0,259.54,232.39,,0.39,Pharma,NEUTRAL,Hold,INTACT,2.0,,,,,
2026-09-28,JSWENE,497.25,🔴 STRG SELL,breakdown + thesis stress,2026-09-28 10:47:53 IST,497.25,540.41,524.11,,4.76,Power,BEARISH,Hold,INTACT,3.0,,,,,
2026-09-28,NHPC,75.12,🟡 HOLD / TRIM WATCH,"pullback within thesis, not a breakdown",2026-09-28 10:47:53 IST,75.12,76.98,77.38,,0.64,Power,BEARISH,Hold,INTACT,3.0,,,,,
2026-09-28,NTPC,322.4,🔴 STRG SELL,Below 200 DMA structural breakdown.,2026-09-28 10:47:53 IST,322.4,334.45,354.55,,0.69,Power,BEARISH,Hold,INTACT,5.0,,,,,
2026-09-28,NTPGRE,91.73,🔴 STRG SELL,breakdown + thesis stress,2026-09-28 10:47:53 IST,91.73,90.98,95.35,,2.12,Power,BEARISH,Hold,INTACT,3.0,,,,,
2026-09-28,SJVLIM,60.94,🔴 STRG SELL,breakdown + thesis stress,2026-09-28 10:47:53 IST,60.94,65.97,71.25,,0.75,Power,BEARISH,Hold,INTACT,3.0,,,,,
2026-09-28,TATPOW,362.45,🟡 HOLD / TRIM WATCH,"pullback within thesis, not a breakdown",2026-09-28 10:47:53 IST,362.45,371.26,385.37,,0.5,Power,BEARISH,Add on weakness (small),INTACT,4.0,,,,,
2026-09-28,GAIL,171.27,🟡 HOLD / REVIEW,ROE unavailable — verify fundamentals manually.,2026-09-28 10:47:53 IST,171.27,173.55,164.85,,1.49,Oil & Gas,NEUTRAL,Hold,INTACT,4.0,,,,,
2026-09-28,GUJGA,235.28,🔴 STRG SELL,breakdown + thesis stress,2026-09-28 10:47:53 IST,235.28,252.57,335.6,,0.42,Oil & Gas,BEARISH,Hold,INTACT,3.0,,,,,
2026-09-28,HINPET,345.8,🔴 STRG SELL,breakdown + thesis stress,2026-09-28 10:47:53 IST,345.8,364.56,381.45,,0.82,Oil & Gas,BEARISH,Hold,INTACT,3.0,,,,,
2026-09-28,ONGC,233.03,🔴 STRG SELL,breakdown + thesis stress,2026-09-28 10:47:53 IST,233.03,237.19,254.8,,1.53,Oil & Gas,BEARISH,Hold,INTACT,4.0,,,,,
2026-09-28,PETLNG,290.65,🟡 HOLD / REVIEW,ROE unavailable — verify fundamentals manually.,2026-09-28 10:47:53 IST,290.65,284.85,279.32,,0.56,Oil & Gas,BULLISH,Hold,INTACT,4.0,,,,,
2026-09-28,RELIND,1208.0,🔴 STRG SELL,Below 200 DMA structural breakdown.,2026-09-28 10:47:53 IST,1208.0,1286.53,1361.76,,14.87,Oil & Gas,BEARISH,Hold,INTACT,5.0,,,,,
2026-09-28,GUJPPL,161.11,🟡 HOLD / REVIEW,ROE unavailable — verify fundamentals manually.,2026-09-28 10:47:53 IST,161.11,155.72,157.95,,0.47,Infrastructure,NEUTRAL,Hold,INTACT,3.0,,,,,
2026-09-28,IDECEL,13.86,🟡 HOLD / REVIEW,ROE unavailable — verify fundamentals manually.,2026-09-28 10:47:53 IST,13.86,13.97,12.25,,3.11,Telecom,NEUTRAL,Hold,INTACT,2.0,,,,,
2026-09-28,ASHLEY,156.18,🟡 HOLD / TRIM WATCH,"pullback within thesis, not a breakdown",2026-09-28 11:53:46 IST,156.18,167.07,170.02,,2.44,Auto,BEARISH,Add on weakness (small),INTACT,4.0,,,,,
2026-09-28,TATCAP,328.9,🔴 STRG SELL,Below 200 DMA structural breakdown.,2026-09-28 11:53:46 IST,328.9,359.82,340.3,,2.08,Financial Services,BEARISH,Hold,INTACT,4.0,,,,,
2026-09-28,FEDBAN,323.75,🟡 HOLD / REVIEW,ROE unavailable — verify fundamentals manually.,2026-09-28 11:53:46 IST,323.75,348.22,303.16,,2.05,Banking,NEUTRAL,Hold,INTACT,4.0,,,,,
2026-09-28,HDFBAN,722.15,🔴 STRG SELL,breakdown + thesis stress,2026-09-28 11:53:46 IST,722.15,726.81,807.22,0.1384,14.34,Banking,BEARISH,Hold,INTACT,5.0,,,,,
2026-09-28,LGELEC,1731.0,🟡 HOLD / REVIEW,ROE unavailable — verify fundamentals manually.,2026-09-28 11:53:46 IST,1731.0,1623.75,1548.14,,2.93,Consumer Electronics,BULLISH,Hold,INTACT,4.0,,,,,
2026-09-28,HDF250,181.08,🟡 HOLD / REVIEW,ROE unavailable — verify fundamentals manually.,2026-09-28 11:53:46 IST,181.08,183.84,170.12,,0.61,Other ETFs/Misc,NEUTRAL,Hold,INTACT,4.0,,,,,
2026-09-28,ICIGOL,125.52,🔴 STRG SELL,thesis invalidated,2026-09-28 11:53:46 IST,125.52,128.54,127.25,,4.93,Other ETFs/Misc,BEARISH,Exit,INVALIDATED,2.0,,,,,
2026-09-28,ICINIF,,⚪ NO DATA,Could not evaluate (no data) — verify manually.,2026-09-28 11:53:46 IST,,,,,3.39,Other ETFs/Misc,NO_DATA,Hold,INTACT,4.0,,,,,
2026-09-28,ICIPSE,220.29,🔴 STRG SELL,thesis invalidated,2026-09-28 11:53:46 IST,220.29,228.22,240.75,,7.44,Other ETFs/Misc,BEARISH,Hold,INVALIDATED,3.0,,,,,
2026-09-28,NIPNIT,31.13,🔴 STRG SELL,breakdown + thesis stress,2026-09-28 11:53:46 IST,31.13,33.42,34.68,,0.36,IT,BEARISH,Hold,INTACT,4.0,,,,,
2026-09-28,KOTAKBKETF,56.81,🔴 STRG SELL,breakdown + thesis stress,2026-09-28 11:53:46 IST,56.81,59.24,206.75,,0.26,Banking,BEARISH,Hold,INTACT,4.0,,,,,
2026-09-28,BHAELE,385.2,🟡 HOLD / TRIM WATCH,"pullback within thesis, not a breakdown",2026-09-28 11:53:46 IST,385.2,401.9,417.42,,4.87,Defense,BEARISH,Hold,INTACT,3.0,,,,,
2026-09-28,TATGLO,959.1,🔴 STRG SELL,Below 200 DMA structural breakdown.,2026-09-28 11:53:46 IST,959.1,1046.18,1110.79,,5.24,Consumption,BEARISH,Hold,INTACT,3.0,,,,,
2026-09-28,JIOFIN,223.6,🔴 STRG SELL,breakdown + thesis stress,2026-09-28 11:53:46 IST,223.6,240.56,249.18,,1.88,Financial Services,BEARISH,Hold,INTACT,3.0,,,,,
2026-09-28,WIPRO,162.43,🔴 STRG SELL,thesis invalidated,2026-09-28 11:53:46 IST,162.43,176.49,199.12,0.1613,6.66,IT,BEARISH,Hold,INVALIDATED,4.0,,,,,
2026-09-28,ENGIND,310.4,🟡 HOLD / REVIEW,ROE unavailable — verify fundamentals manually.,2026-09-28 11:53:46 IST,310.4,253.28,224.07,,0.72,Infrastructure,BULLISH,Hold,INTACT,3.0,,,,,
2026-09-28,LIC,402.35,🔴 STRG SELL,thesis invalidated,2026-09-28 11:53:46 IST,402.35,411.29,407.2,,4.87,Insurance,BEARISH,Hold,INVALIDATED,4.0,,,,,
2026-09-28,MIR150,22.68,🔴 STRG SELL,breakdown + thesis stress,2026-09-28 11:53:46 IST,22.68,23.62,22.68,,0.66,Other ETFs/Misc,BEARISH,Hold,INTACT,4.0,,,,,
2026-09-28,DRREDD,1217.8,🔴 STRG SELL,Below 200 DMA structural breakdown.,2026-09-28 11:53:46 IST,1217.8,1173.45,1242.37,0.0884,1.16,Pharma,BEARISH,Hold,INTACT,5.0,,,,,
2026-09-28,SEQSCI,239.3,🟡 HOLD / REVIEW,ROE unavailable — verify fundamentals manually.,2026-09-28 11:53:46 IST,239.3,259.53,232.38,,0.39,Pharma,NEUTRAL,Hold,INTACT,2.0,,,,,
2026-09-28,JSWENE,501.1,🔴 STRG SELL,breakdown + thesis stress,2026-09-28 11:53:46 IST,501.1,540.48,524.13,,4.76,Power,BEARISH,Hold,INTACT,3.0,,,,,
2026-09-28,NHPC,75.16,🟡 HOLD / TRIM WATCH,"pullback within thesis, not a breakdown",2026-09-28 11:53:46 IST,75.16,76.98,77.38,,0.64,Power,BEARISH,Hold,INTACT,3.0,,,,,
2026-09-28,NTPC,323.0,🔴 STRG SELL,Below 200 DMA structural breakdown.,2026-09-28 11:53:46 IST,323.0,334.46,354.55,,0.69,Power,BEARISH,Hold,INTACT,5.0,,,,,
2026-09-28,NTPGRE,91.37,🔴 STRG SELL,thesis invalidated,2026-09-28 11:53:46 IST,91.37,90.97,95.35,,2.12,Power,BEARISH,Hold,INVALIDATED,3.0,,,,,
2026-09-28,SJVLIM,60.84,🔴 STRG SELL,thesis invalidated,2026-09-28 11:53:46 IST,60.84,65.97,71.25,,0.75,Power,BEARISH,Hold,INVALIDATED,3.0,,,,,
2026-09-28,TATPOW,362.15,🟡 HOLD / TRIM WATCH,"pullback within thesis, not a breakdown",2026-09-28 11:53:46 IST,362.15,371.25,385.37,,0.5,Power,BEARISH,Add on weakness (small),INTACT,4.0,,,,,
2026-09-28,GAIL,172.08,🟡 HOLD / REVIEW,ROE unavailable — verify fundamentals manually.,2026-09-28 11:53:46 IST,172.08,173.56,164.86,,1.49,Oil & Gas,NEUTRAL,Hold,INTACT,4.0,,,,,
2026-09-28,GUJGA,236.0,🔴 STRG SELL,thesis invalidated,2026-09-28 11:53:46 IST,236.0,252.59,335.61,,0.42,Oil & Gas,BEARISH,Hold,INVALIDATED,3.0,,,,,
2026-09-28,HINPET,345.2,🔴 STRG SELL,breakdown + thesis stress,2026-09-28 11:53:46 IST,345.2,364.55,381.45,,0.82,Oil & Gas,BEARISH,Hold,INTACT,3.0,,,,,
2026-09-28,ONGC,232.14,🔴 STRG SELL,breakdown + thesis stress,2026-09-28 11:53:46 IST,232.14,237.18,254.8,,1.53,Oil & Gas,BEARISH,Hold,INTACT,4.0,,,,,
2026-09-28,PETLNG,291.1,🟡 HOLD / REVIEW,ROE unavailable — verify fundamentals manually.,2026-09-28 11:53:46 IST,291.1,284.85,279.33,,0.56,Oil & Gas,BULLISH,Hold,INTACT,4.0,,,,,
2026-09-28,RELIND,1207.9,🔴 STRG SELL,Below 200 DMA structural breakdown.,2026-09-28 11:53:46 IST,1207.9,1286.53,1361.76,,14.87,Oil & Gas,BEARISH,Hold,INTACT,5.0,,,,,
2026-09-28,GUJPPL,160.7,🟡 HOLD / REVIEW,ROE unavailable — verify fundamentals manually.,2026-09-28 11:53:46 IST,160.7,155.71,157.95,,0.47,Infrastructure,NEUTRAL,Hold,INTACT,3.0,,,,,
2026-09-28,IDECEL,13.71,🟡 HOLD / REVIEW,ROE unavailable — verify fundamentals manually.,2026-09-28 11:53:46 IST,13.71,13.97,12.25,,3.11,Telecom,NEUTRAL,Hold,INTACT,2.0,,,,,
2026-09-28,ASHLEY,155.96,🟡 HOLD / TRIM WATCH,"pullback within thesis, not a breakdown",2026-09-28 13:43:33 IST,155.96,167.06,170.02,,2.44,Auto,BEARISH,Add on weakness (small),INTACT,4.0,,,,,
2026-09-28,TATCAP,329.5,🔴 STRG SELL,Below 200 DMA structural breakdown.,2026-09-28 13:43:33 IST,329.5,359.83,340.31,,2.08,Financial Services,BEARISH,Hold,INTACT,4.0,,,,,
2026-09-28,FEDBAN,324.25,🟡 HOLD / REVIEW,ROE unavailable — verify fundamentals manually.,2026-09-28 13:43:33 IST,324.25,348.23,303.16,,2.05,Banking,NEUTRAL,Hold,INTACT,4.0,,,,,
2026-09-28,HDFBAN,719.3,🔴 STRG SELL,breakdown + thesis stress,2026-09-28 13:43:33 IST,719.3,726.75,807.21,0.1384,14.34,Banking,BEARISH,Hold,INTACT,5.0,,,,,
2026-09-28,LGELEC,1737.8,🟡 HOLD / REVIEW,ROE unavailable — verify fundamentals manually.,2026-09-28 13:43:33 IST,1737.8,1623.89,1548.17,,2.93,Consumer Electronics,BULLISH,Hold,INTACT,4.0,,,,,
2026-09-28,HDF250,180.77,🟡 HOLD / REVIEW,ROE unavailable — verify fundamentals manually.,2026-09-28 13:43:33 IST,180.77,183.83,170.12,,0.61,Other ETFs/Misc,NEUTRAL,Hold,INTACT,4.0,,,,,
2026-09-28,ICIGOL,125.27,🔴 STRG SELL,thesis invalidated,2026-09-28 13:43:33 IST,125.27,128.54,127.25,,4.93,Other ETFs/Misc,BEARISH,Exit,INVALIDATED,2.0,,,,,
2026-09-28,ICINIF,,⚪ NO DATA,Could not evaluate (no data) — verify manually.,2026-09-28 13:43:33 IST,,,,,3.39,Other ETFs/Misc,NO_DATA,Hold,INTACT,4.0,,,,,
2026-09-28,ICIPSE,219.48,🔴 STRG SELL,thesis invalidated,2026-09-28 13:43:33 IST,219.48,228.21,240.75,,7.44,Other ETFs/Misc,BEARISH,Hold,INVALIDATED,3.0,,,,,
2026-09-28,NIPNIT,31.35,🔴 STRG SELL,breakdown + thesis stress,2026-09-28 13:43:33 IST,31.35,33.42,34.68,,0.36,IT,BEARISH,Hold,INTACT,4.0,,,,,
2026-09-28,KOTAKBKETF,56.77,🔴 STRG SELL,breakdown + thesis stress,2026-09-28 13:43:33 IST,56.77,59.24,206.75,,0.26,Banking,BEARISH,Hold,INTACT,4.0,,,,,
2026-09-28,BHAELE,386.85,🟡 HOLD / TRIM WATCH,"pullback within thesis, not a breakdown",2026-09-28 13:43:33 IST,386.85,401.93,417.43,,4.87,Defense,BEARISH,Hold,INTACT,3.0,,,,,
2026-09-28,TATGLO,960.6,🔴 STRG SELL,Below 200 DMA structural breakdown.,2026-09-28 13:43:33 IST,960.6,1046.21,1110.79,,5.24,Consumption,BEARISH,Hold,INTACT,3.0,,,,,
2026-09-28,JIOFIN,221.28,🔴 STRG SELL,breakdown + thesis stress,2026-09-28 13:43:33 IST,221.28,240.51,249.17,,1.88,Financial Services,BEARISH,Hold,INTACT,3.0,,,,,
2026-09-28,WIPRO,163.16,🔴 STRG SELL,thesis invalidated,2026-09-28 13:43:33 IST,163.16,176.5,199.12,0.1613,6.66,IT,BEARISH,Hold,INVALIDATED,4.0,,,,,
2026-09-28,ENGIND,313.8,🟡 HOLD / REVIEW,ROE unavailable — verify fundamentals manually.,2026-09-28 13:43:33 IST,313.8,253.35,224.09,,0.72,Infrastructure,BULLISH,Hold,INTACT,3.0,,,,,
2026-09-28,LIC,402.65,🔴 STRG SELL,thesis invalidated,2026-09-28 13:43:33 IST,402.65,411.29,407.21,,4.87,Insurance,BEARISH,Hold,INVALIDATED,4.0,,,,,
2026-09-28,MIR150,22.66,🔴 STRG SELL,breakdown + thesis stress,2026-09-28 13:43:33 IST,22.66,23.62,22.68,,0.66,Other ETFs/Misc,BEARISH,Hold,INTACT,4.0,,,,,
2026-09-28,DRREDD,1224.0,🔴 STRG SELL,Below 200 DMA structural breakdown.,2026-09-28 13:43:33 IST,1224.0,1173.58,1242.4,0.0884,1.16,Pharma,BEARISH,Hold,INTACT,5.0,,,,,
2026-09-28,SEQSCI,241.35,🟡 HOLD / REVIEW,ROE unavailable — verify fundamentals manually.,2026-09-28 13:43:33 IST,241.35,259.57,232.39,,0.39,Pharma,NEUTRAL,Hold,INTACT,2.0,,,,,
2026-09-28,JSWENE,499.55,🔴 STRG SELL,breakdown + thesis stress,2026-09-28 13:43:33 IST,499.55,540.45,524.12,,4.76,Power,BEARISH,Hold,INTACT,3.0,,,,,
2026-09-28,NHPC,74.51,🟡 HOLD / TRIM WATCH,"pullback within thesis, not a breakdown",2026-09-28 13:43:33 IST,74.51,76.97,77.37,,0.64,Power,BEARISH,Hold,INTACT,3.0,,,,,
2026-09-28,NTPC,321.6,🔴 STRG SELL,Below 200 DMA structural breakdown.,2026-09-28 13:43:33 IST,321.6,334.43,354.54,,0.69,Power,BEARISH,Hold,INTACT,5.0,,,,,
2026-09-28,NTPGRE,91.33,🔴 STRG SELL,thesis invalidated,2026-09-28 13:43:33 IST,91.33,90.97,95.35,,2.12,Power,BEARISH,Hold,INVALIDATED,3.0,,,,,
2026-09-28,SJVLIM,60.79,🔴 STRG SELL,thesis invalidated,2026-09-28 13:43:33 IST,60.79,65.96,71.25,,0.75,Power,BEARISH,Hold,INVALIDATED,3.0,,,,,
2026-09-28,TATPOW,362.8,🟡 HOLD / TRIM WATCH,"pullback within thesis, not a breakdown",2026-09-28 13:43:33 IST,362.8,371.27,385.38,,0.5,Power,BEARISH,Add on weakness (small),INTACT,4.0,,,,,
2026-09-28,GAIL,172.26,🟡 HOLD / REVIEW,ROE unavailable — verify fundamentals manually.,2026-09-28 13:43:33 IST,172.26,173.57,164.86,,1.49,Oil & Gas,NEUTRAL,Hold,INTACT,4.0,,,,,
2026-09-28,GUJGA,236.38,🔴 STRG SELL,thesis invalidated,2026-09-28 13:43:33 IST,236.38,252.59,335.61,,0.42,Oil & Gas,BEARISH,Hold,INVALIDATED,3.0,,,,,
2026-09-28,HINPET,343.75,🔴 STRG SELL,breakdown + thesis stress,2026-09-28 13:43:33 IST,343.75,364.52,381.44,,0.82,Oil & Gas,BEARISH,Hold,INTACT,3.0,,,,,
2026-09-28,ONGC,232.03,🔴 STRG SELL,breakdown + thesis stress,2026-09-28 13:43:33 IST,232.03,237.17,254.8,,1.53,Oil & Gas,BEARISH,Hold,INTACT,4.0,,,,,
2026-09-28,PETLNG,289.85,🟡 HOLD / REVIEW,ROE unavailable — verify fundamentals manually.,2026-09-28 13:43:33 IST,289.85,284.83,279.32,,0.56,Oil & Gas,BULLISH,Hold,INTACT,4.0,,,,,
2026-09-28,RELIND,1205.1,🔴 STRG SELL,Below 200 DMA structural breakdown.,2026-09-28 13:43:33 IST,1205.1,1286.47,1361.74,,14.87,Oil & Gas,BEARISH,Hold,INTACT,5.0,,,,,
2026-09-28,GUJPPL,160.53,🟡 HOLD / REVIEW,ROE unavailable — verify fundamentals manually.,2026-09-28 13:43:33 IST,160.53,155.71,157.95,,0.47,Infrastructure,NEUTRAL,Hold,INTACT,3.0,,,,,
2026-09-28,IDECEL,13.58,🟡 HOLD / REVIEW,ROE unavailable — verify fundamentals manually.,2026-09-28 13:43:33 IST,13.58,13.96,12.25,,3.11,Telecom,NEUTRAL,Hold,INTACT,2.0,,,,,
2026-09-29,ASHLEY,154.34,🟡 HOLD / TRIM WATCH,"pullback within thesis, not a breakdown",2026-09-29 11:47:19 IST,154.34,167.05,169.98,,2.44,Auto,BEARISH,Add on weakness (small),INTACT,4,ACCUMULATE,BEARISH — Price ₹154.34 vs 50 DMA (₹167.05) and 200 DMA (₹169.98),INTACT — High conviction (4/5) thesis intact; buyable pullback (return +55.93% > 25%),Pullback accumulation: Total return +55.93% > 25% with conviction (4/5) and intact thesis above invalidation ₹87.10; price ₹154.34 below 200 DMA (₹169.98) offers dip-buy channel.,OK
2026-09-29,TATCAP,326.05,🔴 STRG SELL,Below 200 DMA structural breakdown.,2026-09-29 11:47:19 IST,326.05,359.32,340.31,,2.08,Financial Services,BEARISH,Hold,INTACT,4,HOLD,BEARISH — Price ₹326.05 vs 50 DMA (₹359.32) and 200 DMA (₹340.31),INTACT — Thesis intact (4/5); price ₹326.05 above invalidation (₹286.88),"Position hold: Technical trend BEARISH, total return +0.02%, position weight 2.1%; conviction (4/5) thesis INTACT above invalidation (₹286.88).",OK
2026-09-29,FEDBAN,323.9,🟡 HOLD / REVIEW,ROE unavailable — verify fundamentals manually.,2026-09-29 11:47:19 IST,323.9,347.62,303.48,,2.05,Banking,NEUTRAL,Hold,INTACT,4,HOLD,NEUTRAL — Price ₹323.90 vs 50 DMA (₹347.62) and 200 DMA (₹303.48),INTACT — Thesis intact (4/5); price ₹323.90 above invalidation (₹131.90),Consolidation hold: Price ₹323.90 moving sideways between 50 DMA (₹347.62) and 200 DMA (₹303.48); conviction (4/5) thesis INTACT above invalidation (₹131.90).,OK
2026-09-29,HDFBAN,711.9,🔴 STRG SELL,breakdown + thesis stress,2026-09-29 11:47:19 IST,711.9,725.76,805.84,0.1384,14.34,Banking,BEARISH,Hold,INTACT,5,TRIM,BEARISH — Price ₹711.90 vs 50 DMA (₹725.76) and 200 DMA (₹805.84),INTACT — High conviction (5/5) thesis intact; risk limits require position/sector trimming,Position cap breach: Weight 14.3% exceeds max position limit (8.0%); trim required.,OK
2026-09-29,LGELEC,1720.0,🟡 HOLD / REVIEW,ROE unavailable — verify fundamentals manually.,2026-09-29 11:47:19 IST,1720.0,1623.53,1548.08,,2.93,Consumer Electronics,BULLISH,Hold,INTACT,4,ACCUMULATE,BULLISH — Price ₹1720.00 vs 50 DMA (₹1623.53) and 200 DMA (₹1548.08),INTACT — High conviction (4/5) thesis intact; price ₹1720.00 above invalidation (₹1003.20),Structural accumulation: Price ₹1720.00 > 50 DMA (₹1623.53) > 200 DMA (₹1548.08); weight 2.9% < 8.0% max cap with conviction (4/5).,OK
2026-09-29,HDF250,180.21,🟡 HOLD / REVIEW,ROE unavailable — verify fundamentals manually.,2026-09-29 11:47:19 IST,180.21,183.82,170.12,,0.61,Other ETFs/Misc,NEUTRAL,Hold,INTACT,4,HOLD,NEUTRAL — Price ₹180.21 vs 50 DMA (₹183.82) and 200 DMA (₹170.12),INTACT — Thesis intact (4/5); price ₹180.21 above invalidation (₹154.96),Consolidation hold: Price ₹180.21 moving sideways between 50 DMA (₹183.82) and 200 DMA (₹170.12); conviction (4/5) thesis INTACT above invalidation (₹154.96).,OK
2026-09-29,ICIGOL,125.24,🔴 STRG SELL,thesis invalidated,2026-09-29 11:47:19 IST,125.24,128.62,127.33,,4.93,Other ETFs/Misc,BEARISH,Exit,INVALIDATED,2,SELL,BEARISH — Price ₹125.24 vs 50 DMA (₹128.62) and 200 DMA (₹127.33),INVALIDATED — Price ₹125.24 breached invalidation level ₹131.80,Thesis invalidated: Price ₹125.24 <= invalidation price ₹131.80.,OK
2026-09-29,ICINIF,,⚪ NO DATA,Could not evaluate (no data) — verify manually.,2026-09-29 11:47:19 IST,,,,,3.39,Other ETFs/Misc,NO_DATA,Hold,INTACT,4,NO DATA,NO DATA — Fresh price history unavailable,UNVERIFIED — Technical layer missing,Missing data: Technical price history unavailable (no data); evaluation incomplete.,NO DATA
2026-09-29,ICIPSE,219.07,🔴 STRG SELL,thesis invalidated,2026-09-29 11:47:19 IST,219.07,228.2,240.75,,7.44,Other ETFs/Misc,BEARISH,Hold,INVALIDATED,3,SELL,BEARISH — Price ₹219.07 vs 50 DMA (₹228.20) and 200 DMA (₹240.75),INVALIDATED — Price ₹219.07 breached invalidation level ₹231.16,Thesis invalidated: Price ₹219.07 <= invalidation price ₹231.16.,OK
2026-09-29,NIPNIT,31.1,🔴 STRG SELL,breakdown + thesis stress,2026-09-29 11:47:19 IST,31.1,33.42,34.68,,0.36,IT,BEARISH,Hold,INTACT,4,HOLD,BEARISH — Price ₹31.10 vs 50 DMA (₹33.42) and 200 DMA (₹34.68),INTACT — High conviction (4/5) thesis intact above invalidation (₹28.48); drawdown monitored,"High-conviction pullback hold: Price ₹31.10 < 200 DMA (₹34.68) with return -3.89%, but high conviction (4/5) thesis remains INTACT above invalidation (₹28.48).",OK
2026-09-29,KOTAKBKETF,56.48,🔴 STRG SELL,breakdown + thesis stress,2026-09-29 11:47:19 IST,56.48,59.23,206.75,,0.26,Banking,BEARISH,Hold,INTACT,4,HOLD,BEARISH — Price ₹56.48 vs 50 DMA (₹59.23) and 200 DMA (₹206.75),INTACT — High conviction (4/5) thesis intact above invalidation (₹52.42); drawdown monitored,"High-conviction pullback hold: Price ₹56.48 < 200 DMA (₹206.75) with return -5.19%, but high conviction (4/5) thesis remains INTACT above invalidation (₹52.42).",OK
2026-09-29,BHAELE,386.85,🟡 HOLD / TRIM WATCH,"pullback within thesis, not a breakdown",2026-09-29 11:47:19 IST,386.85,401.45,417.42,,4.87,Defense,BEARISH,Hold,INTACT,3,HOLD,BEARISH — Price ₹386.85 vs 50 DMA (₹401.45) and 200 DMA (₹417.42),INTACT — Thesis intact (3/5); price ₹386.85 above invalidation (₹145.20),"Position hold: Technical trend BEARISH, total return +145.11%, position weight 4.9%; conviction (3/5) thesis INTACT above invalidation (₹145.20).",OK
2026-09-29,TATGLO,962.6,🔴 STRG SELL,Below 200 DMA structural breakdown.,2026-09-29 11:47:19 IST,962.6,1043.82,1109.91,,5.24,Consumption,BEARISH,Hold,INTACT,3,HOLD,BEARISH — Price ₹962.60 vs 50 DMA (₹1043.82) and 200 DMA (₹1109.91),INTACT — Thesis intact (3/5); price ₹962.60 above invalidation (₹736.57),"Position hold: Technical trend BEARISH, total return +20.23%, position weight 5.2%; conviction (3/5) thesis INTACT above invalidation (₹736.57).",OK
2026-09-29,JIOFIN,219.18,🔴 STRG SELL,breakdown + thesis stress,2026-09-29 11:47:19 IST,219.18,240.09,248.76,,1.88,Financial Services,BEARISH,Hold,INTACT,3,SELL,BEARISH — Price ₹219.18 vs 50 DMA (₹240.09) and 200 DMA (₹248.76),BROKEN — 200 DMA breakdown with negative return (-5.60%) and conviction (3/5) < 4,Structural breakdown: Price ₹219.18 < 200 DMA (₹248.76) with return -5.60%; conviction (3/5) < 4 or thesis INTACT insufficient to hold breakdown.,OK
2026-09-29,WIPRO,159.89,🔴 STRG SELL,thesis invalidated,2026-09-29 11:47:19 IST,159.89,176.21,198.66,0.1613,6.66,IT,BEARISH,Hold,INVALIDATED,4,SELL,BEARISH — Price ₹159.89 vs 50 DMA (₹176.21) and 200 DMA (₹198.66),INVALIDATED — Price ₹159.89 breached invalidation level ₹208.04,Thesis invalidated: Price ₹159.89 <= invalidation price ₹208.04.,OK
2026-09-29,ENGIND,313.5,🟡 HOLD / REVIEW,ROE unavailable — verify fundamentals manually.,2026-09-29 11:47:19 IST,313.5,255.09,224.71,,0.72,Infrastructure,BULLISH,Hold,INTACT,3,HOLD,BULLISH — Price ₹313.50 vs 50 DMA (₹255.09) and 200 DMA (₹224.71),INTACT — Thesis intact (3/5); price ₹313.50 above invalidation (₹164.23),"Position hold: Technical trend BULLISH, total return +75.62%, position weight 0.7%; conviction (3/5) thesis INTACT above invalidation (₹164.23).",OK
2026-09-29,LIC,397.8,🔴 STRG SELL,thesis invalidated,2026-09-29 11:47:19 IST,397.8,410.62,407.06,,4.87,Insurance,BEARISH,Hold,INVALIDATED,4,SELL,BEARISH — Price ₹397.80 vs 50 DMA (₹410.62) and 200 DMA (₹407.06),INVALIDATED — Price ₹397.80 breached invalidation level ₹790.25,Thesis invalidated: Price ₹397.80 <= invalidation price ₹790.25.,OK
2026-09-29,MIR150,22.56,🔴 STRG SELL,breakdown + thesis stress,2026-09-29 11:47:19 IST,22.56,23.6,22.68,,0.66,Other ETFs/Misc,BEARISH,Hold,INTACT,4,HOLD,BEARISH — Price ₹22.56 vs 50 DMA (₹23.60) and 200 DMA (₹22.68),INTACT — High conviction (4/5) thesis intact above invalidation (₹20.41); drawdown monitored,"High-conviction pullback hold: Price ₹22.56 < 200 DMA (₹22.68) with return -2.72%, but high conviction (4/5) thesis remains INTACT above invalidation (₹20.41).",OK
2026-09-29,DRREDD,1244.6,🟡 HOLD / RISK,Weak operational efficiency ROE < 10%.,2026-09-29 11:47:19 IST,1244.6,1174.29,1242.25,0.0884,1.16,Pharma,NEUTRAL,Hold,INTACT,5,HOLD,NEUTRAL — Price ₹1244.60 vs 50 DMA (₹1174.29) and 200 DMA (₹1242.25),INTACT — Thesis intact (5/5); price ₹1244.60 above invalidation (₹1009.47),Consolidation hold: Price ₹1244.60 moving sideways between 50 DMA (₹1174.29) and 200 DMA (₹1242.25); conviction (5/5) thesis INTACT above invalidation (₹1009.47).,OK
2026-09-29,SEQSCI,244.9,🟡 HOLD / REVIEW,ROE unavailable — verify fundamentals manually.,2026-09-29 11:47:19 IST,244.9,259.15,232.57,,0.39,Pharma,NEUTRAL,Hold,INTACT,2,HOLD,NEUTRAL — Price ₹244.90 vs 50 DMA (₹259.15) and 200 DMA (₹232.57),INTACT — Thesis intact (2/5); price ₹244.90 above invalidation (₹117.28),Consolidation hold: Price ₹244.90 moving sideways between 50 DMA (₹259.15) and 200 DMA (₹232.57); conviction (2/5) thesis INTACT above invalidation (₹117.28).,OK
2026-09-29,JSWENE,495.1,🔴 STRG SELL,breakdown + thesis stress,2026-09-29 11:47:19 IST,495.1,538.94,524.17,,4.76,Power,BEARISH,Hold,INTACT,3,SELL,BEARISH — Price ₹495.10 vs 50 DMA (₹538.94) and 200 DMA (₹524.17),BROKEN — 200 DMA breakdown with negative return (-2.67%) and conviction (3/5) < 4,Structural breakdown: Price ₹495.10 < 200 DMA (₹524.17) with return -2.67%; conviction (3/5) < 4 or thesis INTACT insufficient to hold breakdown.,OK
2026-09-29,NHPC,73.59,🟡 HOLD / TRIM WATCH,"pullback within thesis, not a breakdown",2026-09-29 11:47:19 IST,73.59,76.84,77.36,,0.64,Power,BEARISH,Hold,INTACT,3,HOLD,BEARISH — Price ₹73.59 vs 50 DMA (₹76.84) and 200 DMA (₹77.36),INTACT — Thesis intact (3/5); price ₹73.59 above invalidation (₹53.75),"Position hold: Technical trend BEARISH, total return +25.97%, position weight 0.6%; conviction (3/5) thesis INTACT above invalidation (₹53.75).",OK
2026-09-29,NTPC,320.55,🔴 STRG SELL,Below 200 DMA structural breakdown.,2026-09-29 11:47:19 IST,320.55,333.94,354.55,,0.69,Power,BEARISH,Hold,INTACT,5,HOLD,BEARISH — Price ₹320.55 vs 50 DMA (₹333.94) and 200 DMA (₹354.55),INTACT — Thesis intact (5/5); price ₹320.55 above invalidation (₹235.65),"Position hold: Technical trend BEARISH, total return +15.63%, position weight 0.7%; conviction (5/5) thesis INTACT above invalidation (₹235.65).",OK
2026-09-29,NTPGRE,92.03,🔴 STRG SELL,thesis invalidated,2026-09-29 11:47:19 IST,92.03,90.98,95.35,,2.12,Power,BEARISH,Hold,INVALIDATED,3,SELL,BEARISH — Price ₹92.03 vs 50 DMA (₹90.98) and 200 DMA (₹95.35),INVALIDATED — Price ₹92.03 breached invalidation level ₹99.36,Thesis invalidated: Price ₹92.03 <= invalidation price ₹99.36.,OK
2026-09-29,SJVLIM,60.17,🔴 STRG SELL,thesis invalidated,2026-09-29 11:47:19 IST,60.17,65.95,71.25,,0.75,Power,BEARISH,Hold,INVALIDATED,3,SELL,BEARISH — Price ₹60.17 vs 50 DMA (₹65.95) and 200 DMA (₹71.25),INVALIDATED — Price ₹60.17 breached invalidation level ₹80.58,Thesis invalidated: Price ₹60.17 <= invalidation price ₹80.58.,OK
2026-09-29,TATPOW,358.35,🟡 HOLD / TRIM WATCH,"pullback within thesis, not a breakdown",2026-09-29 11:47:19 IST,358.35,370.79,385.27,,0.5,Power,BEARISH,Add on weakness (small),INTACT,4,ACCUMULATE,BEARISH — Price ₹358.35 vs 50 DMA (₹370.79) and 200 DMA (₹385.27),INTACT — High conviction (4/5) thesis intact; buyable pullback (return +26.38% > 25%),Pullback accumulation: Total return +26.38% > 25% with conviction (4/5) and intact thesis above invalidation ₹249.52; price ₹358.35 below 200 DMA (₹385.27) offers dip-buy channel.,OK
2026-09-29,GAIL,171.86,🟡 HOLD / REVIEW,ROE unavailable — verify fundamentals manually.,2026-09-29 11:47:19 IST,171.86,173.54,164.89,,1.49,Oil & Gas,NEUTRAL,Hold,INTACT,4,HOLD,NEUTRAL — Price ₹171.86 vs 50 DMA (₹173.54) and 200 DMA (₹164.89),INTACT — Thesis intact (4/5); price ₹171.86 above invalidation (₹136.88),Consolidation hold: Price ₹171.86 moving sideways between 50 DMA (₹173.54) and 200 DMA (₹164.89); conviction (4/5) thesis INTACT above invalidation (₹136.88).,OK
2026-09-29,GUJGA,236.91,🔴 STRG SELL,thesis invalidated,2026-09-29 11:47:19 IST,236.91,252.15,334.9,,0.42,Oil & Gas,BEARISH,Hold,INVALIDATED,3,SELL,BEARISH — Price ₹236.91 vs 50 DMA (₹252.15) and 200 DMA (₹334.90),INVALIDATED — Price ₹236.91 breached invalidation level ₹430.75,Thesis invalidated: Price ₹236.91 <= invalidation price ₹430.75.,OK
2026-09-29,HINPET,346.35,🔴 STRG SELL,breakdown + thesis stress,2026-09-29 11:47:19 IST,346.35,363.68,380.98,,0.82,Oil & Gas,BEARISH,Hold,INTACT,3,SELL,BEARISH — Price ₹346.35 vs 50 DMA (₹363.68) and 200 DMA (₹380.98),BROKEN — 200 DMA breakdown with negative return (-6.90%) and conviction (3/5) < 4,Structural breakdown: Price ₹346.35 < 200 DMA (₹380.98) with return -6.90%; conviction (3/5) < 4 or thesis INTACT insufficient to hold breakdown.,OK
2026-09-29,ONGC,231.25,🔴 STRG SELL,breakdown + thesis stress,2026-09-29 11:47:19 IST,231.25,236.78,254.78,,1.53,Oil & Gas,BEARISH,Hold,INTACT,4,HOLD,BEARISH — Price ₹231.25 vs 50 DMA (₹236.78) and 200 DMA (₹254.78),INTACT — High conviction (4/5) thesis intact above invalidation (₹214.31); drawdown monitored,"High-conviction pullback hold: Price ₹231.25 < 200 DMA (₹254.78) with return -5.04%, but high conviction (4/5) thesis remains INTACT above invalidation (₹214.31).",OK
2026-09-29,PETLNG,287.65,🟡 HOLD / REVIEW,ROE unavailable — verify fundamentals manually.,2026-09-29 11:47:19 IST,287.65,285.05,279.43,,0.56,Oil & Gas,BULLISH,Hold,INTACT,4,ACCUMULATE,BULLISH — Price ₹287.65 vs 50 DMA (₹285.05) and 200 DMA (₹279.43),INTACT — High conviction (4/5) thesis intact; price ₹287.65 above invalidation (₹277.73),Structural accumulation: Price ₹287.65 > 50 DMA (₹285.05) > 200 DMA (₹279.43); weight 0.6% < 8.0% max cap with conviction (4/5).,OK
2026-09-29,RELIND,1193.4,🔴 STRG SELL,Below 200 DMA structural breakdown.,2026-09-29 11:47:19 IST,1193.4,1284.12,1359.93,,14.87,Oil & Gas,BEARISH,Hold,INTACT,5,TRIM,BEARISH — Price ₹1193.40 vs 50 DMA (₹1284.12) and 200 DMA (₹1359.93),INTACT — High conviction (5/5) thesis intact; risk limits require position/sector trimming,Position cap breach: Weight 14.9% exceeds max position limit (8.0%); trim required.,OK
2026-09-29,GUJPPL,159.63,🟡 HOLD / REVIEW,ROE unavailable — verify fundamentals manually.,2026-09-29 11:47:19 IST,159.63,155.69,157.94,,0.47,Infrastructure,NEUTRAL,Hold,INTACT,3,HOLD,NEUTRAL — Price ₹159.63 vs 50 DMA (₹155.69) and 200 DMA (₹157.94),INTACT — Thesis intact (3/5); price ₹159.63 above invalidation (₹78.55),Consolidation hold: Price ₹159.63 moving sideways between 50 DMA (₹155.69) and 200 DMA (₹157.94); conviction (3/5) thesis INTACT above invalidation (₹78.55).,OK
2026-09-29,IDECEL,13.4,🟡 HOLD / REVIEW,ROE unavailable — verify fundamentals manually.,2026-09-29 11:47:19 IST,13.4,13.96,12.26,,3.11,Telecom,NEUTRAL,Hold,INTACT,2,HOLD,NEUTRAL — Price ₹13.40 vs 50 DMA (₹13.96) and 200 DMA (₹12.26),INTACT — Thesis intact (2/5); price ₹13.40 above invalidation (₹7.02),Consolidation hold: Price ₹13.40 moving sideways between 50 DMA (₹13.96) and 200 DMA (₹12.26); conviction (2/5) thesis INTACT above invalidation (₹7.02).,OK
2026-09-29,ASHLEY,154.4,🟡 HOLD / TRIM WATCH,"pullback within thesis, not a breakdown",2026-09-29 11:48:33 IST,154.4,167.06,169.98,,2.44,Auto,BEARISH,Add on weakness (small),INTACT,4,ACCUMULATE,BEARISH — Price ₹154.40 vs 50 DMA (₹167.06) and 200 DMA (₹169.98),INTACT — High conviction (4/5) thesis intact; buyable pullback (return +55.99% > 25%),Pullback accumulation: Total return +55.99% > 25% with conviction (4/5) and intact thesis above invalidation ₹87.10; price ₹154.40 below 200 DMA (₹169.98) offers dip-buy channel.,OK
2026-09-29,TATCAP,325.85,🔴 STRG SELL,breakdown + thesis stress,2026-09-29 11:48:33 IST,325.85,359.32,340.31,,2.08,Financial Services,BEARISH,Hold,INTACT,4,HOLD,BEARISH — Price ₹325.85 vs 50 DMA (₹359.32) and 200 DMA (₹340.31),INTACT — High conviction (4/5) thesis intact above invalidation (₹286.88); drawdown monitored,"High-conviction pullback hold: Price ₹325.85 < 200 DMA (₹340.31) with return -0.05%, but high conviction (4/5) thesis remains INTACT above invalidation (₹286.88).",OK
2026-09-29,FEDBAN,322.95,🟡 HOLD / REVIEW,ROE unavailable — verify fundamentals manually.,2026-09-29 11:48:33 IST,322.95,347.6,303.48,,2.05,Banking,NEUTRAL,Hold,INTACT,4,HOLD,NEUTRAL — Price ₹322.95 vs 50 DMA (₹347.60) and 200 DMA (₹303.48),INTACT — Thesis intact (4/5); price ₹322.95 above invalidation (₹131.90),Consolidation hold: Price ₹322.95 moving sideways between 50 DMA (₹347.60) and 200 DMA (₹303.48); conviction (4/5) thesis INTACT above invalidation (₹131.90).,OK
2026-09-29,HDFBAN,712.1,🔴 STRG SELL,breakdown + thesis stress,2026-09-29 11:48:33 IST,712.1,725.76,805.84,0.1384,14.34,Banking,BEARISH,Hold,INTACT,5,TRIM,BEARISH — Price ₹712.10 vs 50 DMA (₹725.76) and 200 DMA (₹805.84),INTACT — High conviction (5/5) thesis intact; risk limits require position/sector trimming,Position cap breach: Weight 14.3% exceeds max position limit (8.0%); trim required.,OK
2026-09-29,LGELEC,1721.0,🟡 HOLD / REVIEW,ROE unavailable — verify fundamentals manually.,2026-09-29 11:48:33 IST,1721.0,1623.55,1548.09,,2.93,Consumer Electronics,BULLISH,Hold,INTACT,4,ACCUMULATE,BULLISH — Price ₹1721.00 vs 50 DMA (₹1623.55) and 200 DMA (₹1548.09),INTACT — High conviction (4/5) thesis intact; price ₹1721.00 above invalidation (₹1003.20),Structural accumulation: Price ₹1721.00 > 50 DMA (₹1623.55) > 200 DMA (₹1548.09); weight 2.9% < 8.0% max cap with conviction (4/5).,OK
2026-09-29,HDF250,180.37,🟡 HOLD / REVIEW,ROE unavailable — verify fundamentals manually.,2026-09-29 11:48:33 IST,180.37,183.83,170.12,,0.61,Other ETFs/Misc,NEUTRAL,Hold,INTACT,4,HOLD,NEUTRAL — Price ₹180.37 vs 50 DMA (₹183.83) and 200 DMA (₹170.12),INTACT — Thesis intact (4/5); price ₹180.37 above invalidation (₹154.96),Consolidation hold: Price ₹180.37 moving sideways between 50 DMA (₹183.83) and 200 DMA (₹170.12); conviction (4/5) thesis INTACT above invalidation (₹154.96).,OK
2026-09-29,ICIGOL,125.16,🔴 STRG SELL,thesis invalidated,2026-09-29 11:48:33 IST,125.16,128.62,127.33,,4.93,Other ETFs/Misc,BEARISH,Exit,INVALIDATED,2,SELL,BEARISH — Price ₹125.16 vs 50 DMA (₹128.62) and 200 DMA (₹127.33),INVALIDATED — Price ₹125.16 breached invalidation level ₹131.80,Thesis invalidated: Price ₹125.16 <= invalidation price ₹131.80.,OK
2026-09-29,ICINIF,,⚪ NO DATA,Could not evaluate (no data) — verify manually.,2026-09-29 11:48:33 IST,,,,,3.39,Other ETFs/Misc,NO_DATA,Hold,INTACT,4,NO DATA,NO DATA — Fresh price history unavailable,UNVERIFIED — Technical layer missing,Missing data: Technical price history unavailable (no data); evaluation incomplete.,NO DATA
2026-09-29,ICIPSE,218.93,🔴 STRG SELL,thesis invalidated,2026-09-29 11:48:33 IST,218.93,228.19,240.75,,7.44,Other ETFs/Misc,BEARISH,Hold,INVALIDATED,3,SELL,BEARISH — Price ₹218.93 vs 50 DMA (₹228.19) and 200 DMA (₹240.75),INVALIDATED — Price ₹218.93 breached invalidation level ₹231.16,Thesis invalidated: Price ₹218.93 <= invalidation price ₹231.16.,OK
2026-09-29,NIPNIT,31.1,🔴 STRG SELL,breakdown + thesis stress,2026-09-29 11:48:33 IST,31.1,33.42,34.68,,0.36,IT,BEARISH,Hold,INTACT,4,HOLD,BEARISH — Price ₹31.10 vs 50 DMA (₹33.42) and 200 DMA (₹34.68),INTACT — High conviction (4/5) thesis intact above invalidation (₹28.48); drawdown monitored,"High-conviction pullback hold: Price ₹31.10 < 200 DMA (₹34.68) with return -3.89%, but high conviction (4/5) thesis remains INTACT above invalidation (₹28.48).",OK
2026-09-29,KOTAKBKETF,56.49,🔴 STRG SELL,breakdown + thesis stress,2026-09-29 11:48:33 IST,56.49,59.23,206.75,,0.26,Banking,BEARISH,Hold,INTACT,4,HOLD,BEARISH — Price ₹56.49 vs 50 DMA (₹59.23) and 200 DMA (₹206.75),INTACT — High conviction (4/5) thesis intact above invalidation (₹52.42); drawdown monitored,"High-conviction pullback hold: Price ₹56.49 < 200 DMA (₹206.75) with return -5.17%, but high conviction (4/5) thesis remains INTACT above invalidation (₹52.42).",OK
2026-09-29,BHAELE,387.0,🟡 HOLD / TRIM WATCH,"pullback within thesis, not a breakdown",2026-09-29 11:48:33 IST,387.0,401.45,417.42,,4.87,Defense,BEARISH,Hold,INTACT,3,HOLD,BEARISH — Price ₹387.00 vs 50 DMA (₹401.45) and 200 DMA (₹417.42),INTACT — Thesis intact (3/5); price ₹387.00 above invalidation (₹145.20),"Position hold: Technical trend BEARISH, total return +145.20%, position weight 4.9%; conviction (3/5) thesis INTACT above invalidation (₹145.20).",OK
2026-09-29,TATGLO,962.4,🔴 STRG SELL,Below 200 DMA structural breakdown.,2026-09-29 11:48:33 IST,962.4,1043.81,1109.91,,5.24,Consumption,BEARISH,Hold,INTACT,3,HOLD,BEARISH — Price ₹962.40 vs 50 DMA (₹1043.81) and 200 DMA (₹1109.91),INTACT — Thesis intact (3/5); price ₹962.40 above invalidation (₹736.57),"Position hold: Technical trend BEARISH, total return +20.21%, position weight 5.2%; conviction (3/5) thesis INTACT above invalidation (₹736.57).",OK
2026-09-29,JIOFIN,219.14,🔴 STRG SELL,breakdown + thesis stress,2026-09-29 11:48:33 IST,219.14,240.09,248.76,,1.88,Financial Services,BEARISH,Hold,INTACT,3,SELL,BEARISH — Price ₹219.14 vs 50 DMA (₹240.09) and 200 DMA (₹248.76),BROKEN — 200 DMA breakdown with negative return (-5.62%) and conviction (3/5) < 4,Structural breakdown: Price ₹219.14 < 200 DMA (₹248.76) with return -5.62%; conviction (3/5) < 4 or thesis INTACT insufficient to hold breakdown.,OK
2026-09-29,WIPRO,159.79,🔴 STRG SELL,thesis invalidated,2026-09-29 11:48:33 IST,159.79,176.2,198.66,0.1613,6.66,IT,BEARISH,Hold,INVALIDATED,4,SELL,BEARISH — Price ₹159.79 vs 50 DMA (₹176.20) and 200 DMA (₹198.66),INVALIDATED — Price ₹159.79 breached invalidation level ₹208.04,Thesis invalidated: Price ₹159.79 <= invalidation price ₹208.04.,OK
2026-09-29,ENGIND,313.8,🟡 HOLD / REVIEW,ROE unavailable — verify fundamentals manually.,2026-09-29 11:48:33 IST,313.8,255.1,224.71,,0.72,Infrastructure,BULLISH,Hold,INTACT,3,HOLD,BULLISH — Price ₹313.80 vs 50 DMA (₹255.10) and 200 DMA (₹224.71),INTACT — Thesis intact (3/5); price ₹313.80 above invalidation (₹164.23),"Position hold: Technical trend BULLISH, total return +75.79%, position weight 0.7%; conviction (3/5) thesis INTACT above invalidation (₹164.23).",OK
2026-09-29,LIC,398.05,🔴 STRG SELL,thesis invalidated,2026-09-29 11:48:33 IST,398.05,410.62,407.07,,4.87,Insurance,BEARISH,Hold,INVALIDATED,4,SELL,BEARISH — Price ₹398.05 vs 50 DMA (₹410.62) and 200 DMA (₹407.07),INVALIDATED — Price ₹398.05 breached invalidation level ₹790.25,Thesis invalidated: Price ₹398.05 <= invalidation price ₹790.25.,OK
2026-09-29,MIR150,22.56,🔴 STRG SELL,breakdown + thesis stress,2026-09-29 11:48:33 IST,22.56,23.6,22.68,,0.66,Other ETFs/Misc,BEARISH,Hold,INTACT,4,HOLD,BEARISH — Price ₹22.56 vs 50 DMA (₹23.60) and 200 DMA (₹22.68),INTACT — High conviction (4/5) thesis intact above invalidation (₹20.41); drawdown monitored,"High-conviction pullback hold: Price ₹22.56 < 200 DMA (₹22.68) with return -2.72%, but high conviction (4/5) thesis remains INTACT above invalidation (₹20.41).",OK
2026-09-29,DRREDD,1244.2,🟡 HOLD / RISK,Weak operational efficiency ROE < 10%.,2026-09-29 11:48:33 IST,1244.2,1174.28,1242.25,0.0884,1.16,Pharma,NEUTRAL,Hold,INTACT,5,HOLD,NEUTRAL — Price ₹1244.20 vs 50 DMA (₹1174.28) and 200 DMA (₹1242.25),INTACT — Thesis intact (5/5); price ₹1244.20 above invalidation (₹1009.47),Consolidation hold: Price ₹1244.20 moving sideways between 50 DMA (₹1174.28) and 200 DMA (₹1242.25); conviction (5/5) thesis INTACT above invalidation (₹1009.47).,OK
2026-09-29,SEQSCI,245.25,🟡 HOLD / REVIEW,ROE unavailable — verify fundamentals manually.,2026-09-29 11:48:33 IST,245.25,259.16,232.57,,0.39,Pharma,NEUTRAL,Hold,INTACT,2,HOLD,NEUTRAL — Price ₹245.25 vs 50 DMA (₹259.16) and 200 DMA (₹232.57),INTACT — Thesis intact (2/5); price ₹245.25 above invalidation (₹117.28),Consolidation hold: Price ₹245.25 moving sideways between 50 DMA (₹259.16) and 200 DMA (₹232.57); conviction (2/5) thesis INTACT above invalidation (₹117.28).,OK
2026-09-29,JSWENE,495.15,🔴 STRG SELL,breakdown + thesis stress,2026-09-29 11:48:33 IST,495.15,538.94,524.17,,4.76,Power,BEARISH,Hold,INTACT,3,SELL,BEARISH — Price ₹495.15 vs 50 DMA (₹538.94) and 200 DMA (₹524.17),BROKEN — 200 DMA breakdown with negative return (-2.66%) and conviction (3/5) < 4,Structural breakdown: Price ₹495.15 < 200 DMA (₹524.17) with return -2.66%; conviction (3/5) < 4 or thesis INTACT insufficient to hold breakdown.,OK
2026-09-29,NHPC,73.93,🟡 HOLD / TRIM WATCH,"pullback within thesis, not a breakdown",2026-09-29 11:48:33 IST,73.93,76.85,77.36,,0.64,Power,BEARISH,Hold,INTACT,3,HOLD,BEARISH — Price ₹73.93 vs 50 DMA (₹76.85) and 200 DMA (₹77.36),INTACT — Thesis intact (3/5); price ₹73.93 above invalidation (₹53.75),"Position hold: Technical trend BEARISH, total return +26.55%, position weight 0.6%; conviction (3/5) thesis INTACT above invalidation (₹53.75).",OK
2026-09-29,NTPC,320.8,🔴 STRG SELL,Below 200 DMA structural breakdown.,2026-09-29 11:48:33 IST,320.8,333.94,354.55,,0.69,Power,BEARISH,Hold,INTACT,5,HOLD,BEARISH — Price ₹320.80 vs 50 DMA (₹333.94) and 200 DMA (₹354.55),INTACT — Thesis intact (5/5); price ₹320.80 above invalidation (₹235.65),"Position hold: Technical trend BEARISH, total return +15.72%, position weight 0.7%; conviction (5/5) thesis INTACT above invalidation (₹235.65).",OK
2026-09-29,NTPGRE,92.08,🔴 STRG SELL,thesis invalidated,2026-09-29 11:48:33 IST,92.08,90.98,95.35,,2.12,Power,BEARISH,Hold,INVALIDATED,3,SELL,BEARISH — Price ₹92.08 vs 50 DMA (₹90.98) and 200 DMA (₹95.35),INVALIDATED — Price ₹92.08 breached invalidation level ₹99.36,Thesis invalidated: Price ₹92.08 <= invalidation price ₹99.36.,OK
2026-09-29,SJVLIM,60.19,🔴 STRG SELL,thesis invalidated,2026-09-29 11:48:33 IST,60.19,65.95,71.25,,0.75,Power,BEARISH,Hold,INVALIDATED,3,SELL,BEARISH — Price ₹60.19 vs 50 DMA (₹65.95) and 200 DMA (₹71.25),INVALIDATED — Price ₹60.19 breached invalidation level ₹80.58,Thesis invalidated: Price ₹60.19 <= invalidation price ₹80.58.,OK
2026-09-29,TATPOW,358.7,🟡 HOLD / TRIM WATCH,"pullback within thesis, not a breakdown",2026-09-29 11:48:33 IST,358.7,370.79,385.27,,0.5,Power,BEARISH,Add on weakness (small),INTACT,4,ACCUMULATE,BEARISH — Price ₹358.70 vs 50 DMA (₹370.79) and 200 DMA (₹385.27),INTACT — High conviction (4/5) thesis intact; buyable pullback (return +26.51% > 25%),Pullback accumulation: Total return +26.51% > 25% with conviction (4/5) and intact thesis above invalidation ₹249.52; price ₹358.70 below 200 DMA (₹385.27) offers dip-buy channel.,OK
2026-09-29,GAIL,171.84,🟡 HOLD / REVIEW,ROE unavailable — verify fundamentals manually.,2026-09-29 11:48:33 IST,171.84,173.54,164.89,,1.49,Oil & Gas,NEUTRAL,Hold,INTACT,4,HOLD,NEUTRAL — Price ₹171.84 vs 50 DMA (₹173.54) and 200 DMA (₹164.89),INTACT — Thesis intact (4/5); price ₹171.84 above invalidation (₹136.88),Consolidation hold: Price ₹171.84 moving sideways between 50 DMA (₹173.54) and 200 DMA (₹164.89); conviction (4/5) thesis INTACT above invalidation (₹136.88).,OK
2026-09-29,GUJGA,237.2,🔴 STRG SELL,thesis invalidated,2026-09-29 11:48:33 IST,237.2,252.16,334.9,,0.42,Oil & Gas,BEARISH,Hold,INVALIDATED,3,SELL,BEARISH — Price ₹237.20 vs 50 DMA (₹252.16) and 200 DMA (₹334.90),INVALIDATED — Price ₹237.20 breached invalidation level ₹430.75,Thesis invalidated: Price ₹237.20 <= invalidation price ₹430.75.,OK
2026-09-29,HINPET,346.35,🔴 STRG SELL,breakdown + thesis stress,2026-09-29 11:48:33 IST,346.35,363.68,380.98,,0.82,Oil & Gas,BEARISH,Hold,INTACT,3,SELL,BEARISH — Price ₹346.35 vs 50 DMA (₹363.68) and 200 DMA (₹380.98),BROKEN — 200 DMA breakdown with negative return (-6.90%) and conviction (3/5) < 4,Structural breakdown: Price ₹346.35 < 200 DMA (₹380.98) with return -6.90%; conviction (3/5) < 4 or thesis INTACT insufficient to hold breakdown.,OK
2026-09-29,ONGC,231.26,🔴 STRG SELL,breakdown + thesis stress,2026-09-29 11:48:33 IST,231.26,236.78,254.78,,1.53,Oil & Gas,BEARISH,Hold,INTACT,4,HOLD,BEARISH — Price ₹231.26 vs 50 DMA (₹236.78) and 200 DMA (₹254.78),INTACT — High conviction (4/5) thesis intact above invalidation (₹214.31); drawdown monitored,"High-conviction pullback hold: Price ₹231.26 < 200 DMA (₹254.78) with return -5.04%, but high conviction (4/5) thesis remains INTACT above invalidation (₹214.31).",OK
2026-09-29,PETLNG,287.4,🟡 HOLD / REVIEW,ROE unavailable — verify fundamentals manually.,2026-09-29 11:48:33 IST,287.4,285.04,279.43,,0.56,Oil & Gas,BULLISH,Hold,INTACT,4,ACCUMULATE,BULLISH — Price ₹287.40 vs 50 DMA (₹285.04) and 200 DMA (₹279.43),INTACT — High conviction (4/5) thesis intact; price ₹287.40 above invalidation (₹277.73),Structural accumulation: Price ₹287.40 > 50 DMA (₹285.04) > 200 DMA (₹279.43); weight 0.6% < 8.0% max cap with conviction (4/5).,OK
2026-09-29,RELIND,1193.9,🔴 STRG SELL,Below 200 DMA structural breakdown.,2026-09-29 11:48:33 IST,1193.9,1284.13,1359.93,,14.87,Oil & Gas,BEARISH,Hold,INTACT,5,TRIM,BEARISH — Price ₹1193.90 vs 50 DMA (₹1284.13) and 200 DMA (₹1359.93),INTACT — High conviction (5/5) thesis intact; risk limits require position/sector trimming,Position cap breach: Weight 14.9% exceeds max position limit (8.0%); trim required.,OK
2026-09-29,GUJPPL,159.66,🟡 HOLD / REVIEW,ROE unavailable — verify fundamentals manually.,2026-09-29 11:48:33 IST,159.66,155.69,157.94,,0.47,Infrastructure,NEUTRAL,Hold,INTACT,3,HOLD,NEUTRAL — Price ₹159.66 vs 50 DMA (₹155.69) and 200 DMA (₹157.94),INTACT — Thesis intact (3/5); price ₹159.66 above invalidation (₹78.55),Consolidation hold: Price ₹159.66 moving sideways between 50 DMA (₹155.69) and 200 DMA (₹157.94); conviction (3/5) thesis INTACT above invalidation (₹78.55).,OK
2026-09-29,IDECEL,13.4,🟡 HOLD / REVIEW,ROE unavailable — verify fundamentals manually.,2026-09-29 11:48:33 IST,13.4,13.96,12.26,,3.11,Telecom,NEUTRAL,Hold,INTACT,2,HOLD,NEUTRAL — Price ₹13.40 vs 50 DMA (₹13.96) and 200 DMA (₹12.26),INTACT — Thesis intact (2/5); price ₹13.40 above invalidation (₹7.02),Consolidation hold: Price ₹13.40 moving sideways between 50 DMA (₹13.96) and 200 DMA (₹12.26); conviction (2/5) thesis INTACT above invalidation (₹7.02).,OK
2026-09-29,ASHLEY,154.23,🟡 HOLD / TRIM WATCH,"pullback within thesis, not a breakdown",2026-09-29 11:49:14 IST,154.23,167.05,169.98,,2.44,Auto,BEARISH,Add on weakness (small),INTACT,4,ACCUMULATE,BEARISH — Price ₹154.23 vs 50 DMA (₹167.05) and 200 DMA (₹169.98),INTACT — High conviction (4/5) thesis intact; buyable pullback (return +55.82% > 25%),Pullback accumulation: Total return +55.82% > 25% with conviction (4/5) and intact thesis above invalidation ₹87.10; price ₹154.23 below 200 DMA (₹169.98) offers dip-buy channel.,OK
2026-09-29,TATCAP,325.95,🔴 STRG SELL,breakdown + thesis stress,2026-09-29 11:49:14 IST,325.95,359.32,340.31,,2.08,Financial Services,BEARISH,Hold,INTACT,4,HOLD,BEARISH — Price ₹325.95 vs 50 DMA (₹359.32) and 200 DMA (₹340.31),INTACT — High conviction (4/5) thesis intact above invalidation (₹286.88); drawdown monitored,"High-conviction pullback hold: Price ₹325.95 < 200 DMA (₹340.31) with return -0.02%, but high conviction (4/5) thesis remains INTACT above invalidation (₹286.88).",OK
2026-09-29,FEDBAN,322.6,🟡 HOLD / REVIEW,ROE unavailable — verify fundamentals manually.,2026-09-29 11:49:14 IST,322.6,347.6,303.48,,2.05,Banking,NEUTRAL,Hold,INTACT,4,HOLD,NEUTRAL — Price ₹322.60 vs 50 DMA (₹347.60) and 200 DMA (₹303.48),INTACT — Thesis intact (4/5); price ₹322.60 above invalidation (₹131.90),Consolidation hold: Price ₹322.60 moving sideways between 50 DMA (₹347.60) and 200 DMA (₹303.48); conviction (4/5) thesis INTACT above invalidation (₹131.90).,OK
2026-09-29,HDFBAN,712.25,🔴 STRG SELL,breakdown + thesis stress,2026-09-29 11:49:14 IST,712.25,725.77,805.84,0.1384,14.34,Banking,BEARISH,Hold,INTACT,5,TRIM,BEARISH — Price ₹712.25 vs 50 DMA (₹725.77) and 200 DMA (₹805.84),INTACT — High conviction (5/5) thesis intact; risk limits require position/sector trimming,Position cap breach: Weight 14.3% exceeds max position limit (8.0%); trim required.,OK
2026-09-29,LGELEC,1721.0,🟡 HOLD / REVIEW,ROE unavailable — verify fundamentals manually.,2026-09-29 11:49:14 IST,1721.0,1623.55,1548.09,,2.93,Consumer Electronics,BULLISH,Hold,INTACT,4,ACCUMULATE,BULLISH — Price ₹1721.00 vs 50 DMA (₹1623.55) and 200 DMA (₹1548.09),INTACT — High conviction (4/5) thesis intact; price ₹1721.00 above invalidation (₹1003.20),Structural accumulation: Price ₹1721.00 > 50 DMA (₹1623.55) > 200 DMA (₹1548.09); weight 2.9% < 8.0% max cap with conviction (4/5).,OK
2026-09-29,HDF250,180.3,🟡 HOLD / REVIEW,ROE unavailable — verify fundamentals manually.,2026-09-29 11:49:14 IST,180.3,183.82,170.12,,0.61,Other ETFs/Misc,NEUTRAL,Hold,INTACT,4,HOLD,NEUTRAL — Price ₹180.30 vs 50 DMA (₹183.82) and 200 DMA (₹170.12),INTACT — Thesis intact (4/5); price ₹180.30 above invalidation (₹154.96),Consolidation hold: Price ₹180.30 moving sideways between 50 DMA (₹183.82) and 200 DMA (₹170.12); conviction (4/5) thesis INTACT above invalidation (₹154.96).,OK
2026-09-29,ICIGOL,125.16,🔴 STRG SELL,thesis invalidated,2026-09-29 11:49:14 IST,125.16,128.62,127.33,,4.93,Other ETFs/Misc,BEARISH,Exit,INVALIDATED,2,SELL,BEARISH — Price ₹125.16 vs 50 DMA (₹128.62) and 200 DMA (₹127.33),INVALIDATED — Price ₹125.16 breached invalidation level ₹131.80,Thesis invalidated: Price ₹125.16 <= invalidation price ₹131.80.,OK
2026-09-29,ICINIF,,⚪ NO DATA,Could not evaluate (no data) — verify manually.,2026-09-29 11:49:14 IST,,,,,3.39,Other ETFs/Misc,NO_DATA,Hold,INTACT,4,NO DATA,NO DATA — Fresh price history unavailable,UNVERIFIED — Technical layer missing,Missing data: Technical price history unavailable (no data); evaluation incomplete.,NO DATA
2026-09-29,ICIPSE,218.96,🔴 STRG SELL,thesis invalidated,2026-09-29 11:49:14 IST,218.96,228.19,240.75,,7.44,Other ETFs/Misc,BEARISH,Hold,INVALIDATED,3,SELL,BEARISH — Price ₹218.96 vs 50 DMA (₹228.19) and 200 DMA (₹240.75),INVALIDATED — Price ₹218.96 breached invalidation level ₹231.16,Thesis invalidated: Price ₹218.96 <= invalidation price ₹231.16.,OK
2026-09-29,NIPNIT,31.08,🔴 STRG SELL,breakdown + thesis stress,2026-09-29 11:49:14 IST,31.08,33.42,34.68,,0.36,IT,BEARISH,Hold,INTACT,4,HOLD,BEARISH — Price ₹31.08 vs 50 DMA (₹33.42) and 200 DMA (₹34.68),INTACT — High conviction (4/5) thesis intact above invalidation (₹28.48); drawdown monitored,"High-conviction pullback hold: Price ₹31.08 < 200 DMA (₹34.68) with return -3.96%, but high conviction (4/5) thesis remains INTACT above invalidation (₹28.48).",OK
2026-09-29,KOTAKBKETF,56.49,🔴 STRG SELL,breakdown + thesis stress,2026-09-29 11:49:14 IST,56.49,59.23,206.75,,0.26,Banking,BEARISH,Hold,INTACT,4,HOLD,BEARISH — Price ₹56.49 vs 50 DMA (₹59.23) and 200 DMA (₹206.75),INTACT — High conviction (4/5) thesis intact above invalidation (₹52.42); drawdown monitored,"High-conviction pullback hold: Price ₹56.49 < 200 DMA (₹206.75) with return -5.17%, but high conviction (4/5) thesis remains INTACT above invalidation (₹52.42).",OK
2026-09-29,BHAELE,387.0,🟡 HOLD / TRIM WATCH,"pullback within thesis, not a breakdown",2026-09-29 11:49:14 IST,387.0,401.45,417.42,,4.87,Defense,BEARISH,Hold,INTACT,3,HOLD,BEARISH — Price ₹387.00 vs 50 DMA (₹401.45) and 200 DMA (₹417.42),INTACT — Thesis intact (3/5); price ₹387.00 above invalidation (₹145.20),"Position hold: Technical trend BEARISH, total return +145.20%, position weight 4.9%; conviction (3/5) thesis INTACT above invalidation (₹145.20).",OK
2026-09-29,TATGLO,962.3,🔴 STRG SELL,Below 200 DMA structural breakdown.,2026-09-29 11:49:14 IST,962.3,1043.81,1109.9,,5.24,Consumption,BEARISH,Hold,INTACT,3,HOLD,BEARISH — Price ₹962.30 vs 50 DMA (₹1043.81) and 200 DMA (₹1109.90),INTACT — Thesis intact (3/5); price ₹962.30 above invalidation (₹736.57),"Position hold: Technical trend BEARISH, total return +20.19%, position weight 5.2%; conviction (3/5) thesis INTACT above invalidation (₹736.57).",OK
2026-09-29,JIOFIN,219.19,🔴 STRG SELL,breakdown + thesis stress,2026-09-29 11:49:14 IST,219.19,240.09,248.76,,1.88,Financial Services,BEARISH,Hold,INTACT,3,SELL,BEARISH — Price ₹219.19 vs 50 DMA (₹240.09) and 200 DMA (₹248.76),BROKEN — 200 DMA breakdown with negative return (-5.59%) and conviction (3/5) < 4,Structural breakdown: Price ₹219.19 < 200 DMA (₹248.76) with return -5.59%; conviction (3/5) < 4 or thesis INTACT insufficient to hold breakdown.,OK
2026-09-29,WIPRO,159.82,🔴 STRG SELL,thesis invalidated,2026-09-29 11:49:14 IST,159.82,176.2,198.66,0.1613,6.66,IT,BEARISH,Hold,INVALIDATED,4,SELL,BEARISH — Price ₹159.82 vs 50 DMA (₹176.20) and 200 DMA (₹198.66),INVALIDATED — Price ₹159.82 breached invalidation level ₹208.04,Thesis invalidated: Price ₹159.82 <= invalidation price ₹208.04.,OK
2026-09-29,ENGIND,313.85,🟡 HOLD / REVIEW,ROE unavailable — verify fundamentals manually.,2026-09-29 11:49:14 IST,313.85,255.1,224.71,,0.72,Infrastructure,BULLISH,Hold,INTACT,3,HOLD,BULLISH — Price ₹313.85 vs 50 DMA (₹255.10) and 200 DMA (₹224.71),INTACT — Thesis intact (3/5); price ₹313.85 above invalidation (₹164.23),"Position hold: Technical trend BULLISH, total return +75.82%, position weight 0.7%; conviction (3/5) thesis INTACT above invalidation (₹164.23).",OK
2026-09-29,LIC,397.85,🔴 STRG SELL,thesis invalidated,2026-09-29 11:49:14 IST,397.85,410.62,407.07,,4.87,Insurance,BEARISH,Hold,INVALIDATED,4,SELL,BEARISH — Price ₹397.85 vs 50 DMA (₹410.62) and 200 DMA (₹407.07),INVALIDATED — Price ₹397.85 breached invalidation level ₹790.25,Thesis invalidated: Price ₹397.85 <= invalidation price ₹790.25.,OK
2026-09-29,MIR150,22.56,🔴 STRG SELL,breakdown + thesis stress,2026-09-29 11:49:14 IST,22.56,23.6,22.68,,0.66,Other ETFs/Misc,BEARISH,Hold,INTACT,4,HOLD,BEARISH — Price ₹22.56 vs 50 DMA (₹23.60) and 200 DMA (₹22.68),INTACT — High conviction (4/5) thesis intact above invalidation (₹20.41); drawdown monitored,"High-conviction pullback hold: Price ₹22.56 < 200 DMA (₹22.68) with return -2.72%, but high conviction (4/5) thesis remains INTACT above invalidation (₹20.41).",OK
2026-09-29,DRREDD,1245.0,🟡 HOLD / RISK,Weak operational efficiency ROE < 10%.,2026-09-29 11:49:14 IST,1245.0,1174.3,1242.25,0.0884,1.16,Pharma,NEUTRAL,Hold,INTACT,5,HOLD,NEUTRAL — Price ₹1245.00 vs 50 DMA (₹1174.30) and 200 DMA (₹1242.25),INTACT — Thesis intact (5/5); price ₹1245.00 above invalidation (₹1009.47),Consolidation hold: Price ₹1245.00 moving sideways between 50 DMA (₹1174.30) and 200 DMA (₹1242.25); conviction (5/5) thesis INTACT above invalidation (₹1009.47).,OK
2026-09-29,SEQSCI,245.25,🟡 HOLD / REVIEW,ROE unavailable — verify fundamentals manually.,2026-09-29 11:49:14 IST,245.25,259.16,232.57,,0.39,Pharma,NEUTRAL,Hold,INTACT,2,HOLD,NEUTRAL — Price ₹245.25 vs 50 DMA (₹259.16) and 200 DMA (₹232.57),INTACT — Thesis intact (2/5); price ₹245.25 above invalidation (₹117.28),Consolidation hold: Price ₹245.25 moving sideways between 50 DMA (₹259.16) and 200 DMA (₹232.57); conviction (2/5) thesis INTACT above invalidation (₹117.28).,OK
2026-09-29,JSWENE,495.15,🔴 STRG SELL,breakdown + thesis stress,2026-09-29 11:49:14 IST,495.15,538.94,524.17,,4.76,Power,BEARISH,Hold,INTACT,3,SELL,BEARISH — Price ₹495.15 vs 50 DMA (₹538.94) and 200 DMA (₹524.17),BROKEN — 200 DMA breakdown with negative return (-2.66%) and conviction (3/5) < 4,Structural breakdown: Price ₹495.15 < 200 DMA (₹524.17) with return -2.66%; conviction (3/5) < 4 or thesis INTACT insufficient to hold breakdown.,OK
2026-09-29,NHPC,73.73,🟡 HOLD / TRIM WATCH,"pullback within thesis, not a breakdown",2026-09-29 11:49:14 IST,73.73,76.84,77.36,,0.64,Power,BEARISH,Hold,INTACT,3,HOLD,BEARISH — Price ₹73.73 vs 50 DMA (₹76.84) and 200 DMA (₹77.36),INTACT — Thesis intact (3/5); price ₹73.73 above invalidation (₹53.75),"Position hold: Technical trend BEARISH, total return +26.21%, position weight 0.6%; conviction (3/5) thesis INTACT above invalidation (₹53.75).",OK
2026-09-29,NTPC,320.9,🔴 STRG SELL,Below 200 DMA structural breakdown.,2026-09-29 11:49:14 IST,320.9,333.95,354.55,,0.69,Power,BEARISH,Hold,INTACT,5,HOLD,BEARISH — Price ₹320.90 vs 50 DMA (₹333.95) and 200 DMA (₹354.55),INTACT — Thesis intact (5/5); price ₹320.90 above invalidation (₹235.65),"Position hold: Technical trend BEARISH, total return +15.75%, position weight 0.7%; conviction (5/5) thesis INTACT above invalidation (₹235.65).",OK
2026-09-29,NTPGRE,92.01,🔴 STRG SELL,thesis invalidated,2026-09-29 11:49:14 IST,92.01,90.98,95.35,,2.12,Power,BEARISH,Hold,INVALIDATED,3,SELL,BEARISH — Price ₹92.01 vs 50 DMA (₹90.98) and 200 DMA (₹95.35),INVALIDATED — Price ₹92.01 breached invalidation level ₹99.36,Thesis invalidated: Price ₹92.01 <= invalidation price ₹99.36.,OK
2026-09-29,SJVLIM,60.2,🔴 STRG SELL,thesis invalidated,2026-09-29 11:49:14 IST,60.2,65.95,71.25,,0.75,Power,BEARISH,Hold,INVALIDATED,3,SELL,BEARISH — Price ₹60.20 vs 50 DMA (₹65.95) and 200 DMA (₹71.25),INVALIDATED — Price ₹60.20 breached invalidation level ₹80.58,Thesis invalidated: Price ₹60.20 <= invalidation price ₹80.58.,OK
2026-09-29,TATPOW,358.65,🟡 HOLD / TRIM WATCH,"pullback within thesis, not a breakdown",2026-09-29 11:49:14 IST,358.65,370.79,385.27,,0.5,Power,BEARISH,Add on weakness (small),INTACT,4,ACCUMULATE,BEARISH — Price ₹358.65 vs 50 DMA (₹370.79) and 200 DMA (₹385.27),INTACT — High conviction (4/5) thesis intact; buyable pullback (return +26.49% > 25%),Pullback accumulation: Total return +26.49% > 25% with conviction (4/5) and intact thesis above invalidation ₹249.52; price ₹358.65 below 200 DMA (₹385.27) offers dip-buy channel.,OK
2026-09-29,GAIL,171.83,🟡 HOLD / REVIEW,ROE unavailable — verify fundamentals manually.,2026-09-29 11:49:14 IST,171.83,173.54,164.89,,1.49,Oil & Gas,NEUTRAL,Hold,INTACT,4,HOLD,NEUTRAL — Price ₹171.83 vs 50 DMA (₹173.54) and 200 DMA (₹164.89),INTACT — Thesis intact (4/5); price ₹171.83 above invalidation (₹136.88),Consolidation hold: Price ₹171.83 moving sideways between 50 DMA (₹173.54) and 200 DMA (₹164.89); conviction (4/5) thesis INTACT above invalidation (₹136.88).,OK
2026-09-29,GUJGA,236.96,🔴 STRG SELL,thesis invalidated,2026-09-29 11:49:14 IST,236.96,252.15,334.9,,0.42,Oil & Gas,BEARISH,Hold,INVALIDATED,3,SELL,BEARISH — Price ₹236.96 vs 50 DMA (₹252.15) and 200 DMA (₹334.90),INVALIDATED — Price ₹236.96 breached invalidation level ₹430.75,Thesis invalidated: Price ₹236.96 <= invalidation price ₹430.75.,OK
2026-09-29,HINPET,346.4,🔴 STRG SELL,breakdown + thesis stress,2026-09-29 11:49:14 IST,346.4,363.68,380.98,,0.82,Oil & Gas,BEARISH,Hold,INTACT,3,SELL,BEARISH — Price ₹346.40 vs 50 DMA (₹363.68) and 200 DMA (₹380.98),BROKEN — 200 DMA breakdown with negative return (-6.88%) and conviction (3/5) < 4,Structural breakdown: Price ₹346.40 < 200 DMA (₹380.98) with return -6.88%; conviction (3/5) < 4 or thesis INTACT insufficient to hold breakdown.,OK
2026-09-29,ONGC,231.25,🔴 STRG SELL,breakdown + thesis stress,2026-09-29 11:49:14 IST,231.25,236.78,254.78,,1.53,Oil & Gas,BEARISH,Hold,INTACT,4,HOLD,BEARISH — Price ₹231.25 vs 50 DMA (₹236.78) and 200 DMA (₹254.78),INTACT — High conviction (4/5) thesis intact above invalidation (₹214.31); drawdown monitored,"High-conviction pullback hold: Price ₹231.25 < 200 DMA (₹254.78) with return -5.04%, but high conviction (4/5) thesis remains INTACT above invalidation (₹214.31).",OK
2026-09-29,PETLNG,287.45,🟡 HOLD / REVIEW,ROE unavailable — verify fundamentals manually.,2026-09-29 11:49:14 IST,287.45,285.05,279.43,,0.56,Oil & Gas,BULLISH,Hold,INTACT,4,ACCUMULATE,BULLISH — Price ₹287.45 vs 50 DMA (₹285.05) and 200 DMA (₹279.43),INTACT — High conviction (4/5) thesis intact; price ₹287.45 above invalidation (₹277.73),Structural accumulation: Price ₹287.45 > 50 DMA (₹285.05) > 200 DMA (₹279.43); weight 0.6% < 8.0% max cap with conviction (4/5).,OK
2026-09-29,RELIND,1194.7,🔴 STRG SELL,Below 200 DMA structural breakdown.,2026-09-29 11:49:14 IST,1194.7,1284.14,1359.93,,14.87,Oil & Gas,BEARISH,Hold,INTACT,5,TRIM,BEARISH — Price ₹1194.70 vs 50 DMA (₹1284.14) and 200 DMA (₹1359.93),INTACT — High conviction (5/5) thesis intact; risk limits require position/sector trimming,Position cap breach: Weight 14.9% exceeds max position limit (8.0%); trim required.,OK
2026-09-29,GUJPPL,159.71,🟡 HOLD / REVIEW,ROE unavailable — verify fundamentals manually.,2026-09-29 11:49:14 IST,159.71,155.69,157.94,,0.47,Infrastructure,NEUTRAL,Hold,INTACT,3,HOLD,NEUTRAL — Price ₹159.71 vs 50 DMA (₹155.69) and 200 DMA (₹157.94),INTACT — Thesis intact (3/5); price ₹159.71 above invalidation (₹78.55),Consolidation hold: Price ₹159.71 moving sideways between 50 DMA (₹155.69) and 200 DMA (₹157.94); conviction (3/5) thesis INTACT above invalidation (₹78.55).,OK
2026-09-29,IDECEL,13.39,🟡 HOLD / REVIEW,ROE unavailable — verify fundamentals manually.,2026-09-29 11:49:14 IST,13.39,13.96,12.26,,3.11,Telecom,NEUTRAL,Hold,INTACT,2,HOLD,NEUTRAL — Price ₹13.39 vs 50 DMA (₹13.96) and 200 DMA (₹12.26),INTACT — Thesis intact (2/5); price ₹13.39 above invalidation (₹7.02),Consolidation hold: Price ₹13.39 moving sideways between 50 DMA (₹13.96) and 200 DMA (₹12.26); conviction (2/5) thesis INTACT above invalidation (₹7.02).,OK
2026-09-29,ASHLEY,154.25,🟡 HOLD / TRIM WATCH,"pullback within thesis, not a breakdown",2026-09-29 11:51:23 IST,154.25,167.05,169.98,,2.44,Auto,BEARISH,Add on weakness (small),INTACT,4,ACCUMULATE,BEARISH — Price ₹154.25 vs 50 DMA (₹167.05) and 200 DMA (₹169.98),INTACT — High conviction (4/5) thesis intact; buyable pullback (return +55.84% > 25%),Pullback accumulation: Total return +55.84% > 25% with conviction (4/5) and intact thesis above invalidation ₹87.10; price ₹154.25 below 200 DMA (₹169.98) offers dip-buy channel.,OK
2026-09-29,TATCAP,325.8,🔴 STRG SELL,breakdown + thesis stress,2026-09-29 11:51:23 IST,325.8,359.32,340.31,,2.08,Financial Services,BEARISH,Hold,INTACT,4,HOLD,BEARISH — Price ₹325.80 vs 50 DMA (₹359.32) and 200 DMA (₹340.31),INTACT — High conviction (4/5) thesis intact above invalidation (₹286.88); drawdown monitored,"High-conviction pullback hold: Price ₹325.80 < 200 DMA (₹340.31) with return -0.06%, but high conviction (4/5) thesis remains INTACT above invalidation (₹286.88).",OK
2026-09-29,FEDBAN,323.3,🟡 HOLD / REVIEW,ROE unavailable — verify fundamentals manually.,2026-09-29 11:51:23 IST,323.3,347.61,303.48,,2.05,Banking,NEUTRAL,Hold,INTACT,4,HOLD,NEUTRAL — Price ₹323.30 vs 50 DMA (₹347.61) and 200 DMA (₹303.48),INTACT — Thesis intact (4/5); price ₹323.30 above invalidation (₹131.90),Consolidation hold: Price ₹323.30 moving sideways between 50 DMA (₹347.61) and 200 DMA (₹303.48); conviction (4/5) thesis INTACT above invalidation (₹131.90).,OK
2026-09-29,HDFBAN,712.4,🔴 STRG SELL,breakdown + thesis stress,2026-09-29 11:51:23 IST,712.4,725.77,805.84,0.1384,14.34,Banking,BEARISH,Hold,INTACT,5,TRIM,BEARISH — Price ₹712.40 vs 50 DMA (₹725.77) and 200 DMA (₹805.84),INTACT — High conviction (5/5) thesis intact; risk limits require position/sector trimming,Position cap breach: Weight 14.3% exceeds max position limit (8.0%); trim required.,OK
2026-09-29,LGELEC,1717.6,🟡 HOLD / REVIEW,ROE unavailable — verify fundamentals manually.,2026-09-29 11:51:23 IST,1717.6,1623.49,1548.07,,2.93,Consumer Electronics,BULLISH,Hold,INTACT,4,ACCUMULATE,BULLISH — Price ₹1717.60 vs 50 DMA (₹1623.49) and 200 DMA (₹1548.07),INTACT — High conviction (4/5) thesis intact; price ₹1717.60 above invalidation (₹1003.20),Structural accumulation: Price ₹1717.60 > 50 DMA (₹1623.49) > 200 DMA (₹1548.07); weight 2.9% < 8.0% max cap with conviction (4/5).,OK
2026-09-29,HDF250,180.26,🟡 HOLD / REVIEW,ROE unavailable — verify fundamentals manually.,2026-09-29 11:51:23 IST,180.26,183.82,170.12,,0.61,Other ETFs/Misc,NEUTRAL,Hold,INTACT,4,HOLD,NEUTRAL — Price ₹180.26 vs 50 DMA (₹183.82) and 200 DMA (₹170.12),INTACT — Thesis intact (4/5); price ₹180.26 above invalidation (₹154.96),Consolidation hold: Price ₹180.26 moving sideways between 50 DMA (₹183.82) and 200 DMA (₹170.12); conviction (4/5) thesis INTACT above invalidation (₹154.96).,OK
2026-09-29,ICIGOL,125.2,🔴 STRG SELL,thesis invalidated,2026-09-29 11:51:23 IST,125.2,128.62,127.33,,4.93,Other ETFs/Misc,BEARISH,Exit,INVALIDATED,2,SELL,BEARISH — Price ₹125.20 vs 50 DMA (₹128.62) and 200 DMA (₹127.33),INVALIDATED — Price ₹125.20 breached invalidation level ₹131.80,Thesis invalidated: Price ₹125.20 <= invalidation price ₹131.80.,OK
2026-09-29,ICINIF,,⚪ NO DATA,Could not evaluate (no data) — verify manually.,2026-09-29 11:51:23 IST,,,,,3.39,Other ETFs/Misc,NO_DATA,Hold,INTACT,4,NO DATA,NO DATA — Fresh price history unavailable,UNVERIFIED — Technical layer missing,Missing data: Technical price history unavailable (no data); evaluation incomplete.,NO DATA
2026-09-29,ICIPSE,218.97,🔴 STRG SELL,thesis invalidated,2026-09-29 11:51:23 IST,218.97,228.2,240.75,,7.44,Other ETFs/Misc,BEARISH,Hold,INVALIDATED,3,SELL,BEARISH — Price ₹218.97 vs 50 DMA (₹228.20) and 200 DMA (₹240.75),INVALIDATED — Price ₹218.97 breached invalidation level ₹231.16,Thesis invalidated: Price ₹218.97 <= invalidation price ₹231.16.,OK
2026-09-29,NIPNIT,31.08,🔴 STRG SELL,breakdown + thesis stress,2026-09-29 11:51:23 IST,31.08,33.42,34.68,,0.36,IT,BEARISH,Hold,INTACT,4,HOLD,BEARISH — Price ₹31.08 vs 50 DMA (₹33.42) and 200 DMA (₹34.68),INTACT — High conviction (4/5) thesis intact above invalidation (₹28.48); drawdown monitored,"High-conviction pullback hold: Price ₹31.08 < 200 DMA (₹34.68) with return -3.96%, but high conviction (4/5) thesis remains INTACT above invalidation (₹28.48).",OK
2026-09-29,KOTAKBKETF,56.43,🔴 STRG SELL,breakdown + thesis stress,2026-09-29 11:51:23 IST,56.43,59.23,206.75,,0.26,Banking,BEARISH,Hold,INTACT,4,HOLD,BEARISH — Price ₹56.43 vs 50 DMA (₹59.23) and 200 DMA (₹206.75),INTACT — High conviction (4/5) thesis intact above invalidation (₹52.42); drawdown monitored,"High-conviction pullback hold: Price ₹56.43 < 200 DMA (₹206.75) with return -5.27%, but high conviction (4/5) thesis remains INTACT above invalidation (₹52.42).",OK
2026-09-29,BHAELE,386.95,🟡 HOLD / TRIM WATCH,"pullback within thesis, not a breakdown",2026-09-29 11:51:23 IST,386.95,401.45,417.42,,4.87,Defense,BEARISH,Hold,INTACT,3,HOLD,BEARISH — Price ₹386.95 vs 50 DMA (₹401.45) and 200 DMA (₹417.42),INTACT — Thesis intact (3/5); price ₹386.95 above invalidation (₹145.20),"Position hold: Technical trend BEARISH, total return +145.17%, position weight 4.9%; conviction (3/5) thesis INTACT above invalidation (₹145.20).",OK
2026-09-29,TATGLO,962.9,🔴 STRG SELL,Below 200 DMA structural breakdown.,2026-09-29 11:51:23 IST,962.9,1043.82,1109.91,,5.24,Consumption,BEARISH,Hold,INTACT,3,HOLD,BEARISH — Price ₹962.90 vs 50 DMA (₹1043.82) and 200 DMA (₹1109.91),INTACT — Thesis intact (3/5); price ₹962.90 above invalidation (₹736.57),"Position hold: Technical trend BEARISH, total return +20.27%, position weight 5.2%; conviction (3/5) thesis INTACT above invalidation (₹736.57).",OK
2026-09-29,JIOFIN,219.1,🔴 STRG SELL,breakdown + thesis stress,2026-09-29 11:51:23 IST,219.1,240.09,248.76,,1.88,Financial Services,BEARISH,Hold,INTACT,3,SELL,BEARISH — Price ₹219.10 vs 50 DMA (₹240.09) and 200 DMA (₹248.76),BROKEN — 200 DMA breakdown with negative return (-5.63%) and conviction (3/5) < 4,Structural breakdown: Price ₹219.10 < 200 DMA (₹248.76) with return -5.63%; conviction (3/5) < 4 or thesis INTACT insufficient to hold breakdown.,OK
2026-09-29,WIPRO,159.75,🔴 STRG SELL,thesis invalidated,2026-09-29 11:51:23 IST,159.75,176.2,198.66,0.1613,6.66,IT,BEARISH,Hold,INVALIDATED,4,SELL,BEARISH — Price ₹159.75 vs 50 DMA (₹176.20) and 200 DMA (₹198.66),INVALIDATED — Price ₹159.75 breached invalidation level ₹208.04,Thesis invalidated: Price ₹159.75 <= invalidation price ₹208.04.,OK
2026-09-29,ENGIND,314.4,🟡 HOLD / REVIEW,ROE unavailable — verify fundamentals manually.,2026-09-29 11:51:23 IST,314.4,255.11,224.71,,0.72,Infrastructure,BULLISH,Hold,INTACT,3,HOLD,BULLISH — Price ₹314.40 vs 50 DMA (₹255.11) and 200 DMA (₹224.71),INTACT — Thesis intact (3/5); price ₹314.40 above invalidation (₹164.23),"Position hold: Technical trend BULLISH, total return +76.12%, position weight 0.7%; conviction (3/5) thesis INTACT above invalidation (₹164.23).",OK
2026-09-29,LIC,398.1,🔴 STRG SELL,thesis invalidated,2026-09-29 11:51:23 IST,398.1,410.62,407.07,,4.87,Insurance,BEARISH,Hold,INVALIDATED,4,SELL,BEARISH — Price ₹398.10 vs 50 DMA (₹410.62) and 200 DMA (₹407.07),INVALIDATED — Price ₹398.10 breached invalidation level ₹790.25,Thesis invalidated: Price ₹398.10 <= invalidation price ₹790.25.,OK
2026-09-29,MIR150,22.56,🔴 STRG SELL,breakdown + thesis stress,2026-09-29 11:51:23 IST,22.56,23.6,22.68,,0.66,Other ETFs/Misc,BEARISH,Hold,INTACT,4,HOLD,BEARISH — Price ₹22.56 vs 50 DMA (₹23.60) and 200 DMA (₹22.68),INTACT — High conviction (4/5) thesis intact above invalidation (₹20.41); drawdown monitored,"High-conviction pullback hold: Price ₹22.56 < 200 DMA (₹22.68) with return -2.72%, but high conviction (4/5) thesis remains INTACT above invalidation (₹20.41).",OK
2026-09-29,DRREDD,1244.8,🟡 HOLD / RISK,Weak operational efficiency ROE < 10%.,2026-09-29 11:51:23 IST,1244.8,1174.29,1242.25,0.0884,1.16,Pharma,NEUTRAL,Hold,INTACT,5,HOLD,NEUTRAL — Price ₹1244.80 vs 50 DMA (₹1174.29) and 200 DMA (₹1242.25),INTACT — Thesis intact (5/5); price ₹1244.80 above invalidation (₹1009.47),Consolidation hold: Price ₹1244.80 moving sideways between 50 DMA (₹1174.29) and 200 DMA (₹1242.25); conviction (5/5) thesis INTACT above invalidation (₹1009.47).,OK
2026-09-29,SEQSCI,244.9,🟡 HOLD / REVIEW,ROE unavailable — verify fundamentals manually.,2026-09-29 11:51:23 IST,244.9,259.15,232.57,,0.39,Pharma,NEUTRAL,Hold,INTACT,2,HOLD,NEUTRAL — Price ₹244.90 vs 50 DMA (₹259.15) and 200 DMA (₹232.57),INTACT — Thesis intact (2/5); price ₹244.90 above invalidation (₹117.28),Consolidation hold: Price ₹244.90 moving sideways between 50 DMA (₹259.15) and 200 DMA (₹232.57); conviction (2/5) thesis INTACT above invalidation (₹117.28).,OK
2026-09-29,JSWENE,495.3,🔴 STRG SELL,breakdown + thesis stress,2026-09-29 11:51:23 IST,495.3,538.94,524.18,,4.76,Power,BEARISH,Hold,INTACT,3,SELL,BEARISH — Price ₹495.30 vs 50 DMA (₹538.94) and 200 DMA (₹524.18),BROKEN — 200 DMA breakdown with negative return (-2.63%) and conviction (3/5) < 4,Structural breakdown: Price ₹495.30 < 200 DMA (₹524.18) with return -2.63%; conviction (3/5) < 4 or thesis INTACT insufficient to hold breakdown.,OK
2026-09-29,NHPC,73.56,🟡 HOLD / TRIM WATCH,"pullback within thesis, not a breakdown",2026-09-29 11:51:23 IST,73.56,76.84,77.36,,0.64,Power,BEARISH,Hold,INTACT,3,HOLD,BEARISH — Price ₹73.56 vs 50 DMA (₹76.84) and 200 DMA (₹77.36),INTACT — Thesis intact (3/5); price ₹73.56 above invalidation (₹53.75),"Position hold: Technical trend BEARISH, total return +25.92%, position weight 0.6%; conviction (3/5) thesis INTACT above invalidation (₹53.75).",OK
2026-09-29,NTPC,320.75,🔴 STRG SELL,Below 200 DMA structural breakdown.,2026-09-29 11:51:23 IST,320.75,333.94,354.55,,0.69,Power,BEARISH,Hold,INTACT,5,HOLD,BEARISH — Price ₹320.75 vs 50 DMA (₹333.94) and 200 DMA (₹354.55),INTACT — Thesis intact (5/5); price ₹320.75 above invalidation (₹235.65),"Position hold: Technical trend BEARISH, total return +15.70%, position weight 0.7%; conviction (5/5) thesis INTACT above invalidation (₹235.65).",OK
2026-09-29,NTPGRE,92.0,🔴 STRG SELL,thesis invalidated,2026-09-29 11:51:23 IST,92.0,90.98,95.35,,2.12,Power,BEARISH,Hold,INVALIDATED,3,SELL,BEARISH — Price ₹92.00 vs 50 DMA (₹90.98) and 200 DMA (₹95.35),INVALIDATED — Price ₹92.00 breached invalidation level ₹99.36,Thesis invalidated: Price ₹92.00 <= invalidation price ₹99.36.,OK
2026-09-29,SJVLIM,60.17,🔴 STRG SELL,thesis invalidated,2026-09-29 11:51:23 IST,60.17,65.95,71.25,,0.75,Power,BEARISH,Hold,INVALIDATED,3,SELL,BEARISH — Price ₹60.17 vs 50 DMA (₹65.95) and 200 DMA (₹71.25),INVALIDATED — Price ₹60.17 breached invalidation level ₹80.58,Thesis invalidated: Price ₹60.17 <= invalidation price ₹80.58.,OK
2026-09-29,TATPOW,358.85,🟡 HOLD / TRIM WATCH,"pullback within thesis, not a breakdown",2026-09-29 11:51:23 IST,358.85,370.8,385.27,,0.5,Power,BEARISH,Add on weakness (small),INTACT,4,ACCUMULATE,BEARISH — Price ₹358.85 vs 50 DMA (₹370.80) and 200 DMA (₹385.27),INTACT — High conviction (4/5) thesis intact; buyable pullback (return +26.56% > 25%),Pullback accumulation: Total return +26.56% > 25% with conviction (4/5) and intact thesis above invalidation ₹249.52; price ₹358.85 below 200 DMA (₹385.27) offers dip-buy channel.,OK
2026-09-29,GAIL,171.68,🟡 HOLD / REVIEW,ROE unavailable — verify fundamentals manually.,2026-09-29 11:51:23 IST,171.68,173.53,164.89,,1.49,Oil & Gas,NEUTRAL,Hold,INTACT,4,HOLD,NEUTRAL — Price ₹171.68 vs 50 DMA (₹173.53) and 200 DMA (₹164.89),INTACT — Thesis intact (4/5); price ₹171.68 above invalidation (₹136.88),Consolidation hold: Price ₹171.68 moving sideways between 50 DMA (₹173.53) and 200 DMA (₹164.89); conviction (4/5) thesis INTACT above invalidation (₹136.88).,OK
2026-09-29,GUJGA,236.97,🔴 STRG SELL,thesis invalidated,2026-09-29 11:51:23 IST,236.97,252.15,334.9,,0.42,Oil & Gas,BEARISH,Hold,INVALIDATED,3,SELL,BEARISH — Price ₹236.97 vs 50 DMA (₹252.15) and 200 DMA (₹334.90),INVALIDATED — Price ₹236.97 breached invalidation level ₹430.75,Thesis invalidated: Price ₹236.97 <= invalidation price ₹430.75.,OK
2026-09-29,HINPET,346.35,🔴 STRG SELL,breakdown + thesis stress,2026-09-29 11:51:23 IST,346.35,363.68,380.98,,0.82,Oil & Gas,BEARISH,Hold,INTACT,3,SELL,BEARISH — Price ₹346.35 vs 50 DMA (₹363.68) and 200 DMA (₹380.98),BROKEN — 200 DMA breakdown with negative return (-6.90%) and conviction (3/5) < 4,Structural breakdown: Price ₹346.35 < 200 DMA (₹380.98) with return -6.90%; conviction (3/5) < 4 or thesis INTACT insufficient to hold breakdown.,OK
2026-09-29,ONGC,231.07,🔴 STRG SELL,breakdown + thesis stress,2026-09-29 11:51:23 IST,231.07,236.78,254.78,,1.53,Oil & Gas,BEARISH,Hold,INTACT,4,HOLD,BEARISH — Price ₹231.07 vs 50 DMA (₹236.78) and 200 DMA (₹254.78),INTACT — High conviction (4/5) thesis intact above invalidation (₹214.31); drawdown monitored,"High-conviction pullback hold: Price ₹231.07 < 200 DMA (₹254.78) with return -5.12%, but high conviction (4/5) thesis remains INTACT above invalidation (₹214.31).",OK
2026-09-29,PETLNG,287.2,🟡 HOLD / REVIEW,ROE unavailable — verify fundamentals manually.,2026-09-29 11:51:23 IST,287.2,285.04,279.43,,0.56,Oil & Gas,BULLISH,Hold,INTACT,4,ACCUMULATE,BULLISH — Price ₹287.20 vs 50 DMA (₹285.04) and 200 DMA (₹279.43),INTACT — High conviction (4/5) thesis intact; price ₹287.20 above invalidation (₹277.73),Structural accumulation: Price ₹287.20 > 50 DMA (₹285.04) > 200 DMA (₹279.43); weight 0.6% < 8.0% max cap with conviction (4/5).,OK
2026-09-29,RELIND,1194.1,🔴 STRG SELL,Below 200 DMA structural breakdown.,2026-09-29 11:51:23 IST,1194.1,1284.13,1359.93,,14.87,Oil & Gas,BEARISH,Hold,INTACT,5,TRIM,BEARISH — Price ₹1194.10 vs 50 DMA (₹1284.13) and 200 DMA (₹1359.93),INTACT — High conviction (5/5) thesis intact; risk limits require position/sector trimming,Position cap breach: Weight 14.9% exceeds max position limit (8.0%); trim required.,OK
2026-09-29,GUJPPL,159.71,🟡 HOLD / REVIEW,ROE unavailable — verify fundamentals manually.,2026-09-29 11:51:23 IST,159.71,155.69,157.94,,0.47,Infrastructure,NEUTRAL,Hold,INTACT,3,HOLD,NEUTRAL — Price ₹159.71 vs 50 DMA (₹155.69) and 200 DMA (₹157.94),INTACT — Thesis intact (3/5); price ₹159.71 above invalidation (₹78.55),Consolidation hold: Price ₹159.71 moving sideways between 50 DMA (₹155.69) and 200 DMA (₹157.94); conviction (3/5) thesis INTACT above invalidation (₹78.55).,OK
2026-09-29,IDECEL,13.38,🟡 HOLD / REVIEW,ROE unavailable — verify fundamentals manually.,2026-09-29 11:51:23 IST,13.38,13.96,12.26,,3.11,Telecom,NEUTRAL,Hold,INTACT,2,HOLD,NEUTRAL — Price ₹13.38 vs 50 DMA (₹13.96) and 200 DMA (₹12.26),INTACT — Thesis intact (2/5); price ₹13.38 above invalidation (₹7.02),Consolidation hold: Price ₹13.38 moving sideways between 50 DMA (₹13.96) and 200 DMA (₹12.26); conviction (2/5) thesis INTACT above invalidation (₹7.02).,OK
2026-09-29,ASHLEY,154.55,🟡 HOLD / TRIM WATCH,"pullback within thesis, not a breakdown",2026-09-29 11:52:42 IST,154.55,167.06,169.98,,2.44,Auto,BEARISH,Add on weakness (small),INTACT,4,ACCUMULATE,BEARISH — Price ₹154.55 vs 50 DMA (₹167.06) and 200 DMA (₹169.98),INTACT — High conviction (4/5) thesis intact; buyable pullback (return +56.14% > 25%),Pullback accumulation: Total return +56.14% > 25% with conviction (4/5) and intact thesis above invalidation ₹87.10; price ₹154.55 below 200 DMA (₹169.98) offers dip-buy channel.,OK
2026-09-29,TATCAP,325.75,🔴 STRG SELL,breakdown + thesis stress,2026-09-29 11:52:42 IST,325.75,359.32,340.31,,2.08,Financial Services,BEARISH,Hold,INTACT,4,HOLD,BEARISH — Price ₹325.75 vs 50 DMA (₹359.32) and 200 DMA (₹340.31),INTACT — High conviction (4/5) thesis intact above invalidation (₹286.88); drawdown monitored,"High-conviction pullback hold: Price ₹325.75 < 200 DMA (₹340.31) with return -0.08%, but high conviction (4/5) thesis remains INTACT above invalidation (₹286.88).",OK
2026-09-29,FEDBAN,323.35,🟡 HOLD / REVIEW,ROE unavailable — verify fundamentals manually.,2026-09-29 11:52:42 IST,323.35,347.61,303.48,,2.05,Banking,NEUTRAL,Hold,INTACT,4,HOLD,NEUTRAL — Price ₹323.35 vs 50 DMA (₹347.61) and 200 DMA (₹303.48),INTACT — Thesis intact (4/5); price ₹323.35 above invalidation (₹131.90),Consolidation hold: Price ₹323.35 moving sideways between 50 DMA (₹347.61) and 200 DMA (₹303.48); conviction (4/5) thesis INTACT above invalidation (₹131.90).,OK
2026-09-29,HDFBAN,712.75,🔴 STRG SELL,breakdown + thesis stress,2026-09-29 11:52:42 IST,712.75,725.78,805.84,0.1384,14.34,Banking,BEARISH,Hold,INTACT,5,TRIM,BEARISH — Price ₹712.75 vs 50 DMA (₹725.78) and 200 DMA (₹805.84),INTACT — High conviction (5/5) thesis intact; risk limits require position/sector trimming,Position cap breach: Weight 14.3% exceeds max position limit (8.0%); trim required.,OK
2026-09-29,LGELEC,1718.8,🟡 HOLD / REVIEW,ROE unavailable — verify fundamentals manually.,2026-09-29 11:52:42 IST,1718.8,1623.51,1548.08,,2.93,Consumer Electronics,BULLISH,Hold,INTACT,4,ACCUMULATE,BULLISH — Price ₹1718.80 vs 50 DMA (₹1623.51) and 200 DMA (₹1548.08),INTACT — High conviction (4/5) thesis intact; price ₹1718.80 above invalidation (₹1003.20),Structural accumulation: Price ₹1718.80 > 50 DMA (₹1623.51) > 200 DMA (₹1548.08); weight 2.9% < 8.0% max cap with conviction (4/5).,OK
2026-09-29,HDF250,180.38,🟡 HOLD / REVIEW,ROE unavailable — verify fundamentals manually.,2026-09-29 11:52:42 IST,180.38,183.83,170.12,,0.61,Other ETFs/Misc,NEUTRAL,Hold,INTACT,4,HOLD,NEUTRAL — Price ₹180.38 vs 50 DMA (₹183.83) and 200 DMA (₹170.12),INTACT — Thesis intact (4/5); price ₹180.38 above invalidation (₹154.96),Consolidation hold: Price ₹180.38 moving sideways between 50 DMA (₹183.83) and 200 DMA (₹170.12); conviction (4/5) thesis INTACT above invalidation (₹154.96).,OK
2026-09-29,ICIGOL,125.21,🔴 STRG SELL,thesis invalidated,2026-09-29 11:52:42 IST,125.21,128.62,127.33,,4.93,Other ETFs/Misc,BEARISH,Exit,INVALIDATED,2,SELL,BEARISH — Price ₹125.21 vs 50 DMA (₹128.62) and 200 DMA (₹127.33),INVALIDATED — Price ₹125.21 breached invalidation level ₹131.80,Thesis invalidated: Price ₹125.21 <= invalidation price ₹131.80.,OK
2026-09-29,ICINIF,,⚪ NO DATA,Could not evaluate (no data) — verify manually.,2026-09-29 11:52:42 IST,,,,,3.39,Other ETFs/Misc,NO_DATA,Hold,INTACT,4,NO DATA,NO DATA — Fresh price history unavailable,UNVERIFIED — Technical layer missing,Missing data: Technical price history unavailable (no data); evaluation incomplete.,NO DATA
2026-09-29,ICIPSE,218.93,🔴 STRG SELL,thesis invalidated,2026-09-29 11:52:42 IST,218.93,228.19,240.75,,7.44,Other ETFs/Misc,BEARISH,Hold,INVALIDATED,3,SELL,BEARISH — Price ₹218.93 vs 50 DMA (₹228.19) and 200 DMA (₹240.75),INVALIDATED — Price ₹218.93 breached invalidation level ₹231.16,Thesis invalidated: Price ₹218.93 <= invalidation price ₹231.16.,OK
2026-09-29,NIPNIT,31.08,🔴 STRG SELL,breakdown + thesis stress,2026-09-29 11:52:42 IST,31.08,33.42,34.68,,0.36,IT,BEARISH,Hold,INTACT,4,HOLD,BEARISH — Price ₹31.08 vs 50 DMA (₹33.42) and 200 DMA (₹34.68),INTACT — High conviction (4/5) thesis intact above invalidation (₹28.48); drawdown monitored,"High-conviction pullback hold: Price ₹31.08 < 200 DMA (₹34.68) with return -3.96%, but high conviction (4/5) thesis remains INTACT above invalidation (₹28.48).",OK
2026-09-29,KOTAKBKETF,56.5,🔴 STRG SELL,breakdown + thesis stress,2026-09-29 11:52:42 IST,56.5,59.23,206.75,,0.26,Banking,BEARISH,Hold,INTACT,4,HOLD,BEARISH — Price ₹56.50 vs 50 DMA (₹59.23) and 200 DMA (₹206.75),INTACT — High conviction (4/5) thesis intact above invalidation (₹52.42); drawdown monitored,"High-conviction pullback hold: Price ₹56.50 < 200 DMA (₹206.75) with return -5.15%, but high conviction (4/5) thesis remains INTACT above invalidation (₹52.42).",OK
2026-09-29,BHAELE,387.1,🟡 HOLD / TRIM WATCH,"pullback within thesis, not a breakdown",2026-09-29 11:52:42 IST,387.1,401.45,417.42,,4.87,Defense,BEARISH,Hold,INTACT,3,HOLD,BEARISH — Price ₹387.10 vs 50 DMA (₹401.45) and 200 DMA (₹417.42),INTACT — Thesis intact (3/5); price ₹387.10 above invalidation (₹145.20),"Position hold: Technical trend BEARISH, total return +145.26%, position weight 4.9%; conviction (3/5) thesis INTACT above invalidation (₹145.20).",OK
2026-09-29,TATGLO,962.7,🔴 STRG SELL,Below 200 DMA structural breakdown.,2026-09-29 11:52:42 IST,962.7,1043.82,1109.91,,5.24,Consumption,BEARISH,Hold,INTACT,3,HOLD,BEARISH — Price ₹962.70 vs 50 DMA (₹1043.82) and 200 DMA (₹1109.91),INTACT — Thesis intact (3/5); price ₹962.70 above invalidation (₹736.57),"Position hold: Technical trend BEARISH, total return +20.24%, position weight 5.2%; conviction (3/5) thesis INTACT above invalidation (₹736.57).",OK
2026-09-29,JIOFIN,219.21,🔴 STRG SELL,breakdown + thesis stress,2026-09-29 11:52:42 IST,219.21,240.09,248.76,,1.88,Financial Services,BEARISH,Hold,INTACT,3,SELL,BEARISH — Price ₹219.21 vs 50 DMA (₹240.09) and 200 DMA (₹248.76),BROKEN — 200 DMA breakdown with negative return (-5.59%) and conviction (3/5) < 4,Structural breakdown: Price ₹219.21 < 200 DMA (₹248.76) with return -5.59%; conviction (3/5) < 4 or thesis INTACT insufficient to hold breakdown.,OK
2026-09-29,WIPRO,159.79,🔴 STRG SELL,thesis invalidated,2026-09-29 11:52:42 IST,159.79,176.2,198.66,0.1613,6.66,IT,BEARISH,Hold,INVALIDATED,4,SELL,BEARISH — Price ₹159.79 vs 50 DMA (₹176.20) and 200 DMA (₹198.66),INVALIDATED — Price ₹159.79 breached invalidation level ₹208.04,Thesis invalidated: Price ₹159.79 <= invalidation price ₹208.04.,OK
2026-09-29,ENGIND,314.3,🟡 HOLD / REVIEW,ROE unavailable — verify fundamentals manually.,2026-09-29 11:52:42 IST,314.3,255.11,224.71,,0.72,Infrastructure,BULLISH,Hold,INTACT,3,HOLD,BULLISH — Price ₹314.30 vs 50 DMA (₹255.11) and 200 DMA (₹224.71),INTACT — Thesis intact (3/5); price ₹314.30 above invalidation (₹164.23),"Position hold: Technical trend BULLISH, total return +76.07%, position weight 0.7%; conviction (3/5) thesis INTACT above invalidation (₹164.23).",OK
2026-09-29,LIC,398.0,🔴 STRG SELL,thesis invalidated,2026-09-29 11:52:42 IST,398.0,410.62,407.07,,4.87,Insurance,BEARISH,Hold,INVALIDATED,4,SELL,BEARISH — Price ₹398.00 vs 50 DMA (₹410.62) and 200 DMA (₹407.07),INVALIDATED — Price ₹398.00 breached invalidation level ₹790.25,Thesis invalidated: Price ₹398.00 <= invalidation price ₹790.25.,OK
2026-09-29,MIR150,22.57,🔴 STRG SELL,breakdown + thesis stress,2026-09-29 11:52:42 IST,22.57,23.6,22.68,,0.66,Other ETFs/Misc,BEARISH,Hold,INTACT,4,HOLD,BEARISH — Price ₹22.57 vs 50 DMA (₹23.60) and 200 DMA (₹22.68),INTACT — High conviction (4/5) thesis intact above invalidation (₹20.41); drawdown monitored,"High-conviction pullback hold: Price ₹22.57 < 200 DMA (₹22.68) with return -2.67%, but high conviction (4/5) thesis remains INTACT above invalidation (₹20.41).",OK
2026-09-29,DRREDD,1243.4,🟡 HOLD / RISK,Weak operational efficiency ROE < 10%.,2026-09-29 11:52:42 IST,1243.4,1174.26,1242.25,0.0884,1.16,Pharma,NEUTRAL,Hold,INTACT,5,HOLD,NEUTRAL — Price ₹1243.40 vs 50 DMA (₹1174.26) and 200 DMA (₹1242.25),INTACT — Thesis intact (5/5); price ₹1243.40 above invalidation (₹1009.47),Consolidation hold: Price ₹1243.40 moving sideways between 50 DMA (₹1174.26) and 200 DMA (₹1242.25); conviction (5/5) thesis INTACT above invalidation (₹1009.47).,OK
2026-09-29,SEQSCI,244.3,🟡 HOLD / REVIEW,ROE unavailable — verify fundamentals manually.,2026-09-29 11:52:42 IST,244.3,259.14,232.57,,0.39,Pharma,NEUTRAL,Hold,INTACT,2,HOLD,NEUTRAL — Price ₹244.30 vs 50 DMA (₹259.14) and 200 DMA (₹232.57),INTACT — Thesis intact (2/5); price ₹244.30 above invalidation (₹117.28),Consolidation hold: Price ₹244.30 moving sideways between 50 DMA (₹259.14) and 200 DMA (₹232.57); conviction (2/5) thesis INTACT above invalidation (₹117.28).,OK
2026-09-29,JSWENE,495.2,🔴 STRG SELL,breakdown + thesis stress,2026-09-29 11:52:42 IST,495.2,538.94,524.17,,4.76,Power,BEARISH,Hold,INTACT,3,SELL,BEARISH — Price ₹495.20 vs 50 DMA (₹538.94) and 200 DMA (₹524.17),BROKEN — 200 DMA breakdown with negative return (-2.65%) and conviction (3/5) < 4,Structural breakdown: Price ₹495.20 < 200 DMA (₹524.17) with return -2.65%; conviction (3/5) < 4 or thesis INTACT insufficient to hold breakdown.,OK
2026-09-29,NHPC,73.61,🟡 HOLD / TRIM WATCH,"pullback within thesis, not a breakdown",2026-09-29 11:52:42 IST,73.61,76.84,77.36,,0.64,Power,BEARISH,Hold,INTACT,3,HOLD,BEARISH — Price ₹73.61 vs 50 DMA (₹76.84) and 200 DMA (₹77.36),INTACT — Thesis intact (3/5); price ₹73.61 above invalidation (₹53.75),"Position hold: Technical trend BEARISH, total return +26.00%, position weight 0.6%; conviction (3/5) thesis INTACT above invalidation (₹53.75).",OK
2026-09-29,NTPC,320.65,🔴 STRG SELL,Below 200 DMA structural breakdown.,2026-09-29 11:52:42 IST,320.65,333.94,354.55,,0.69,Power,BEARISH,Hold,INTACT,5,HOLD,BEARISH — Price ₹320.65 vs 50 DMA (₹333.94) and 200 DMA (₹354.55),INTACT — Thesis intact (5/5); price ₹320.65 above invalidation (₹235.65),"Position hold: Technical trend BEARISH, total return +15.66%, position weight 0.7%; conviction (5/5) thesis INTACT above invalidation (₹235.65).",OK
2026-09-29,NTPGRE,92.0,🔴 STRG SELL,thesis invalidated,2026-09-29 11:52:42 IST,92.0,90.98,95.35,,2.12,Power,BEARISH,Hold,INVALIDATED,3,SELL,BEARISH — Price ₹92.00 vs 50 DMA (₹90.98) and 200 DMA (₹95.35),INVALIDATED — Price ₹92.00 breached invalidation level ₹99.36,Thesis invalidated: Price ₹92.00 <= invalidation price ₹99.36.,OK
2026-09-29,SJVLIM,60.17,🔴 STRG SELL,thesis invalidated,2026-09-29 11:52:42 IST,60.17,65.95,71.25,,0.75,Power,BEARISH,Hold,INVALIDATED,3,SELL,BEARISH — Price ₹60.17 vs 50 DMA (₹65.95) and 200 DMA (₹71.25),INVALIDATED — Price ₹60.17 breached invalidation level ₹80.58,Thesis invalidated: Price ₹60.17 <= invalidation price ₹80.58.,OK
2026-09-29,TATPOW,358.65,🟡 HOLD / TRIM WATCH,"pullback within thesis, not a breakdown",2026-09-29 11:52:42 IST,358.65,370.79,385.27,,0.5,Power,BEARISH,Add on weakness (small),INTACT,4,ACCUMULATE,BEARISH — Price ₹358.65 vs 50 DMA (₹370.79) and 200 DMA (₹385.27),INTACT — High conviction (4/5) thesis intact; buyable pullback (return +26.49% > 25%),Pullback accumulation: Total return +26.49% > 25% with conviction (4/5) and intact thesis above invalidation ₹249.52; price ₹358.65 below 200 DMA (₹385.27) offers dip-buy channel.,OK
2026-09-29,GAIL,171.49,🟡 HOLD / REVIEW,ROE unavailable — verify fundamentals manually.,2026-09-29 11:52:42 IST,171.49,173.53,164.89,,1.49,Oil & Gas,NEUTRAL,Hold,INTACT,4,HOLD,NEUTRAL — Price ₹171.49 vs 50 DMA (₹173.53) and 200 DMA (₹164.89),INTACT — Thesis intact (4/5); price ₹171.49 above invalidation (₹136.88),Consolidation hold: Price ₹171.49 moving sideways between 50 DMA (₹173.53) and 200 DMA (₹164.89); conviction (4/5) thesis INTACT above invalidation (₹136.88).,OK
2026-09-29,GUJGA,237.0,🔴 STRG SELL,thesis invalidated,2026-09-29 11:52:42 IST,237.0,252.15,334.9,,0.42,Oil & Gas,BEARISH,Hold,INVALIDATED,3,SELL,BEARISH — Price ₹237.00 vs 50 DMA (₹252.15) and 200 DMA (₹334.90),INVALIDATED — Price ₹237.00 breached invalidation level ₹430.75,Thesis invalidated: Price ₹237.00 <= invalidation price ₹430.75.,OK
2026-09-29,HINPET,346.5,🔴 STRG SELL,breakdown + thesis stress,2026-09-29 11:52:42 IST,346.5,363.68,380.98,,0.82,Oil & Gas,BEARISH,Hold,INTACT,3,SELL,BEARISH — Price ₹346.50 vs 50 DMA (₹363.68) and 200 DMA (₹380.98),BROKEN — 200 DMA breakdown with negative return (-6.86%) and conviction (3/5) < 4,Structural breakdown: Price ₹346.50 < 200 DMA (₹380.98) with return -6.86%; conviction (3/5) < 4 or thesis INTACT insufficient to hold breakdown.,OK
2026-09-29,ONGC,231.07,🔴 STRG SELL,breakdown + thesis stress,2026-09-29 11:52:42 IST,231.07,236.78,254.78,,1.53,Oil & Gas,BEARISH,Hold,INTACT,4,HOLD,BEARISH — Price ₹231.07 vs 50 DMA (₹236.78) and 200 DMA (₹254.78),INTACT — High conviction (4/5) thesis intact above invalidation (₹214.31); drawdown monitored,"High-conviction pullback hold: Price ₹231.07 < 200 DMA (₹254.78) with return -5.12%, but high conviction (4/5) thesis remains INTACT above invalidation (₹214.31).",OK
2026-09-29,PETLNG,287.15,🟡 HOLD / REVIEW,ROE unavailable — verify fundamentals manually.,2026-09-29 11:52:42 IST,287.15,285.04,279.43,,0.56,Oil & Gas,BULLISH,Hold,INTACT,4,ACCUMULATE,BULLISH — Price ₹287.15 vs 50 DMA (₹285.04) and 200 DMA (₹279.43),INTACT — High conviction (4/5) thesis intact; price ₹287.15 above invalidation (₹277.73),Structural accumulation: Price ₹287.15 > 50 DMA (₹285.04) > 200 DMA (₹279.43); weight 0.6% < 8.0% max cap with conviction (4/5).,OK
2026-09-29,RELIND,1194.3,🔴 STRG SELL,Below 200 DMA structural breakdown.,2026-09-29 11:52:42 IST,1194.3,1284.13,1359.93,,14.87,Oil & Gas,BEARISH,Hold,INTACT,5,TRIM,BEARISH — Price ₹1194.30 vs 50 DMA (₹1284.13) and 200 DMA (₹1359.93),INTACT — High conviction (5/5) thesis intact; risk limits require position/sector trimming,Position cap breach: Weight 14.9% exceeds max position limit (8.0%); trim required.,OK
2026-09-29,GUJPPL,159.71,🟡 HOLD / REVIEW,ROE unavailable — verify fundamentals manually.,2026-09-29 11:52:42 IST,159.71,155.69,157.94,,0.47,Infrastructure,NEUTRAL,Hold,INTACT,3,HOLD,NEUTRAL — Price ₹159.71 vs 50 DMA (₹155.69) and 200 DMA (₹157.94),INTACT — Thesis intact (3/5); price ₹159.71 above invalidation (₹78.55),Consolidation hold: Price ₹159.71 moving sideways between 50 DMA (₹155.69) and 200 DMA (₹157.94); conviction (3/5) thesis INTACT above invalidation (₹78.55).,OK
2026-09-29,IDECEL,13.36,🟡 HOLD / REVIEW,ROE unavailable — verify fundamentals manually.,2026-09-29 11:52:42 IST,13.36,13.96,12.26,,3.11,Telecom,NEUTRAL,Hold,INTACT,2,HOLD,NEUTRAL — Price ₹13.36 vs 50 DMA (₹13.96) and 200 DMA (₹12.26),INTACT — Thesis intact (2/5); price ₹13.36 above invalidation (₹7.02),Consolidation hold: Price ₹13.36 moving sideways between 50 DMA (₹13.96) and 200 DMA (₹12.26); conviction (2/5) thesis INTACT above invalidation (₹7.02).,OK
